Detailed image,Бренд,Category,Product code,Название,Артикул,Описание,Материал оправы,Форма оправы,Цвет линз,Цвет оправы,ProductCodeToFind,Existance,Diller price,Max price,Shop price,Recommend price,Existance for filters,Page title,Meta description,Meta keywords

VX400-2/1.jpg#{[ru]:Очки для компьютера (для геймеров) Arozzi Visione VX-400 Black;}///VX400-2/2.jpg#{[ru]:Очки для компьютера (для геймеров) Arozzi Visione VX-400 Black;}///VX400-2/3.jpg#{[ru]:Очки для компьютера (для геймеров) Arozzi Visione VX-400 Black;}///VX400-2/4.jpg#{[ru]:Очки для компьютера (для геймеров) Arozzi Visione VX-400 Black;},Arozzi,Очки для геймеров///Arozzi,VX400-2,Очки для компьютера (для геймеров) Arozzi Visione VX-400 Black,VX400-2,"Очки для компьютера (для геймеров) Arozzi Visione VX-400 Black

Очки для компьютера и для геймеров Visione VX-400 – Black это один из лучших и незаменимых продуктов шведского бренда Arozzi с точки зрения производительности, комфорта и продолжительности работы за компьютером для геймеров и других людей постоянно проводящих время перед монитором. Бренд Arozzi, уже завоевавший доверие потребителя своими высококачественными креслами для геймеров, не хочет останавливаться на достигнутом и осваивает совершенно другую область -защита зрения, сохраняя этом высокие стандарты качества, помогает вашим глазам находится в комфорте во время игры и работы за компьютером. Очки для геймеров Visione убирают блики с цифровых экранов и обеспечивают комфорт. Visione снижают усталость глаз, позволяя вам просто наслаждаться любимой игрой.
Преимущества

Снижая воздействие вредного синего спектра света очки VIsione, устраняют нежелательные блики, повышают четкость изображения и остроту зрения, уменьшая усталость глаз.
Очки для компьютера Visione блокируют 99% УФ лучей, а фоточувствительные линзы автоматически подстраиваются под изменение условий освещения.
Блокируют до 50% коротких волн синего спектра в диапазоне частот 400нм -500нм
Идеально подходят для длительных игровых сессий или для непрерывной работы за компьютером
Эффективно снижают напряжение глаз и усталость, которые могут вызвать побочные эффекты, такие как сухость и раздражение глаз
Очки Visione разработаны в соответствии с самыми высокими стандартами и имеют сертификаты качества, действующие в Европе и США
Очки имеют широкий выбор оправ как по форме, так и по расцветке, и органично дополнят ваш стиль в одежде.
Технические характеристики

Материал оправы пластик TR90
Линза тип/цвет Тонированные/Фиолетовый оттенок
Высота линзы 35мм / 13.8дюйма
Ширина линзы 57мм / 22.4дюйма
Мостик носа 14мм / 0.55дюйма
Длина дужки 145мм / 5.71дюйма
Вес 20 g
Размеры упаковки 19×11×9см / 7.48×4.33×3.54дюйма
Вес упаковки с товаром 0.45 кг
Вес упаковки без товара 0.4 кг
CE-сертификат Да
Декларация соответствия Да",пластик,прямоугольная,желтый,черный,,20,3940,4990.00,4530,4300,20,Купить Очки для компьютера (для геймеров) Arozzi Visione VX-400 Black(vx400-2) по лучшей цене с доставкой в интернет-магазине esportshop.ru,"Очки для компьютера (для геймеров) Arozzi Visione VX-400 Black ➤ характеристики, фото. Достоинства и недостатки модели - в отзывах покупателей, видео и обсуждениях. Скидки и акции. Большой ассортимент. Магазин настоящего кибератлета - esportshop.ru",
VX400-1/1.jpg#{[ru]:Очки для компьютера (для геймеров) Arozzi Visione VX-400 White;}///VX400-1/2.jpg#{[ru]:Очки для компьютера (для геймеров) Arozzi Visione VX-400 White;}///VX400-1/3.jpg#{[ru]:Очки для компьютера (для геймеров) Arozzi Visione VX-400 White;}///VX400-1/4.jpg#{[ru]:Очки для компьютера (для геймеров) Arozzi Visione VX-400 White;},Arozzi,Очки для геймеров///Arozzi,VX400-1,Очки для компьютера (для геймеров) Arozzi Visione VX-400 White,VX400-1,"Очки для компьютера (для геймеров) Arozzi Visione VX-400 White

Очки для компьютера и для геймеров Visione VX-400 – White это один из лучших и незаменимых продуктов шведского бренда Arozzi с точки зрения производительности, комфорта и продолжительности работы за компьютером для геймеров и других людей постоянно проводящих время перед монитором. Бренд Arozzi, уже завоевавший доверие потребителя своими высококачественными креслами для геймеров, не хочет останавливаться на достигнутом и осваивает совершенно другую область -защита зрения, сохраняя этом высокие стандарты качества, помогает вашим глазам находится в комфорте во время игры и работы за компьютером. Очки для геймеров Visione убирают блики с цифровых экранов и обеспечивают комфорт. Visione снижают усталость глаз, позволяя вам просто наслаждаться любимой игрой.
Преимущества

Снижая воздействие вредного синего спектра света очки VIsione, устраняют нежелательные блики, повышают четкость изображения и остроту зрения, уменьшая усталость глаз.
Очки для компьютера Visione блокируют 99% УФ лучей, а фоточувствительные линзы автоматически подстраиваются под изменение условий освещения.
Блокируют до 50% коротких волн синего спектра в диапазоне частот 400нм -500нм
Идеально подходят для длительных игровых сессий или для непрерывной работы за компьютером
Эффективно снижают напряжение глаз и усталость, которые могут вызвать побочные эффекты, такие как сухость и раздражение глаз
Очки Visione разработаны в соответствии с самыми высокими стандартами и имеют сертификаты качества, действующие в Европе и США
Очки имеют широкий выбор оправ как по форме, так и по расцветке, и органично дополнят ваш стиль в одежде.
Технические характеристики

Материал оправы пластик TR90
Линза тип/цвет Тонированные/Фиолетовый оттенок
Высота линзы 35мм / 13.8дюйма
Ширина линзы 57мм / 22.4дюйма
Мостик носа 14мм / 0.55дюйма
Длина дужки 145мм / 5.71дюйма
Вес 20 g
Размеры упаковки 19×11×9см / 7.48×4.33×3.54дюйма
Вес упаковки с товаром 0.45 кг
Вес упаковки без товара 0.4 кг
CE-сертификат Да
Декларация соответствия Да",пластик,прямоугольная,желтый,белый,,20,3940,4990.00,4530,4300,20,Купить Очки для компьютера (для геймеров) Arozzi Visione VX-400 White(vx400-1) по лучшей цене с доставкой в интернет-магазине esportshop.ru,"Очки для компьютера (для геймеров) Arozzi Visione VX-400 White ➤ характеристики, фото. Достоинства и недостатки модели - в отзывах покупателей, видео и обсуждениях. Скидки и акции. Большой ассортимент. Магазин настоящего кибератлета - esportshop.ru",
VX500-2/1.jpg#{[ru]:Очки для компьютера (для геймеров) Arozzi Visione VX-500 Black;}///VX500-2/2.jpg#{[ru]:Очки для компьютера (для геймеров) Arozzi Visione VX-500 Black;}///VX500-2/3.jpg#{[ru]:Очки для компьютера (для геймеров) Arozzi Visione VX-500 Black;}///VX500-2/4.jpg#{[ru]:Очки для компьютера (для геймеров) Arozzi Visione VX-500 Black;},Arozzi,Очки для геймеров///Arozzi,VX500-2,Очки для компьютера (для геймеров) Arozzi Visione VX-500 Black,VX500-2,"Очки для компьютера (для геймеров) Arozzi Visione VX-500 Black

Очки для компьютера и для геймеров Visione VX-500 – Black это один из лучших и незаменимых продуктов шведского бренда Arozzi с точки зрения производительности, комфорта и продолжительности работы за компьютером для геймеров и других людей постоянно проводящих время перед монитором. Бренд Arozzi, уже завоевавший доверие потребителя своими высококачественными креслами для геймеров, не хочет останавливаться на достигнутом и осваивает совершенно другую область -защита зрения, сохраняя этом высокие стандарты качества, помогает вашим глазам находится в комфорте во время игры и работы за компьютером. Очки для геймеров Visione убирают блики с цифровых экранов и обеспечивают комфорт. Visione снижают усталость глаз, позволяя вам просто наслаждаться любимой игрой.
Преимущества

Снижая воздействие вредного синего спектра света очки VIsione, устраняют нежелательные блики, повышают четкость изображения и остроту зрения, уменьшая усталость глаз.
Очки для компьютера Visione блокируют 99% УФ лучей, а фоточувствительные линзы автоматически подстраиваются под изменение условий освещения.
Блокируют до 50% коротких волн синего спектра в диапазоне частот 400нм -500нм
Идеально подходят для длительных игровых сессий или для непрерывной работы за компьютером
Эффективно снижают напряжение глаз и усталость, которые могут вызвать побочные эффекты, такие как сухость и раздражение глаз
Очки Visione разработаны в соответствии с самыми высокими стандартами и имеют сертификаты качества, действующие в Европе и США
Очки имеют широкий выбор оправ как по форме, так и по расцветке, и органично дополнят ваш стиль в одежде.
Технические характеристики

Материал оправы 304 Нержавеющая сталь/Ацетат
Линза тип/цвет Тонированные/Фиолетовый оттенок
Высота линзы 38мм / 15.0дюйма
Ширина линзы 59мм / 23.2дюйма
Мостик носа 15мм / 0.59 дюйма
Длина дужки 138мм / 5.4 дюйма
Вес 25гр.
Размеры упаковки 19×11×9см / 7.48×4.33×3.54дюйма
Вес упаковки с товаром 0.45 кг
Вес упаковки без товара 0.4 кг
CE-сертификат Да
Декларация соответствия Да",пластик,прямоугольная,желтый,черный,,20,4330,5490.00,4970,4720,20,Купить Очки для компьютера (для геймеров) Arozzi Visione VX-500 Black(vx500-2) по лучшей цене с доставкой в интернет-магазине esportshop.ru,"Очки для компьютера (для геймеров) Arozzi Visione VX-500 Black ➤ характеристики, фото. Достоинства и недостатки модели - в отзывах покупателей, видео и обсуждениях. Скидки и акции. Большой ассортимент. Магазин настоящего кибератлета - esportshop.ru",
VX500-4/1.jpg#{[ru]:Очки для компьютера (для геймеров) Arozzi Visione VX-500 Blue;}///VX500-4/2.jpg#{[ru]:Очки для компьютера (для геймеров) Arozzi Visione VX-500 Blue;}///VX500-4/3.jpg#{[ru]:Очки для компьютера (для геймеров) Arozzi Visione VX-500 Blue;}///VX500-4/4.jpg#{[ru]:Очки для компьютера (для геймеров) Arozzi Visione VX-500 Blue;},Arozzi,Очки для геймеров///Arozzi,VX500-4,Очки для компьютера (для геймеров) Arozzi Visione VX-500 Blue,VX500-4,"Очки для компьютера (для геймеров) Arozzi Visione VX-500 Blue

Очки для компьютера и для геймеров Visione VX-500 – Light Blue / Black это один из лучших и незаменимых продуктов шведского бренда Arozzi с точки зрения производительности, комфорта и продолжительности работы за компьютером для геймеров и других людей постоянно проводящих время перед монитором. Бренд Arozzi, уже завоевавший доверие потребителя своими высококачественными креслами для геймеров, не хочет останавливаться на достигнутом и осваивает совершенно другую область -защита зрения, сохраняя этом высокие стандарты качества, помогает вашим глазам находится в комфорте во время игры и работы за компьютером. Очки для геймеров Visione убирают блики с цифровых экранов и обеспечивают комфорт. Visione снижают усталость глаз, позволяя вам просто наслаждаться любимой игрой.
Преимущества

Снижая воздействие вредного синего спектра света очки VIsione, устраняют нежелательные блики, повышают четкость изображения и остроту зрения, уменьшая усталость глаз.
Очки для компьютера Visione блокируют 99% УФ лучей, а фоточувствительные линзы автоматически подстраиваются под изменение условий освещения.
Блокируют до 50% коротких волн синего спектра в диапазоне частот 400нм -500нм
Идеально подходят для длительных игровых сессий или для непрерывной работы за компьютером
Эффективно снижают напряжение глаз и усталость, которые могут вызвать побочные эффекты, такие как сухость и раздражение глаз
Очки Visione разработаны в соответствии с самыми высокими стандартами и имеют сертификаты качества, действующие в Европе и США
Очки имеют широкий выбор оправ как по форме, так и по расцветке, и органично дополнят ваш стиль в одежде.
Технические характеристики

Материал оправы 304 Нержавеющая сталь/Ацетат
Линза тип/цвет Тонированные/Фиолетовый оттенок
Высота линзы 38мм / 15.0дюйма
Ширина линзы 59мм / 23.2дюйма
Мостик носа 15мм / 0.59 дюйма
Длина дужки 138мм / 5.4 дюйма
Вес 25гр.
Размеры упаковки 19×11×9см / 7.48×4.33×3.54дюйма
Вес упаковки с товаром 0.45 кг
Вес упаковки без товара 0.4 кг
CE-сертификат Да
Декларация соответствия Да",пластик,прямоугольная,желтый,синий,,20,4330,5490.00,4970,4720,20,Купить Очки для компьютера (для геймеров) Arozzi Visione VX-500 Blue(vx500-4) по лучшей цене с доставкой в интернет-магазине esportshop.ru,"Очки для компьютера (для геймеров) Arozzi Visione VX-500 Blue ➤ характеристики, фото. Достоинства и недостатки модели - в отзывах покупателей, видео и обсуждениях. Скидки и акции. Большой ассортимент. Магазин настоящего кибератлета - esportshop.ru",
VX500-3/1.jpg#{[ru]:Очки для компьютера (для геймеров) Arozzi Visione VX-500 Green;}///VX500-3/2.jpg#{[ru]:Очки для компьютера (для геймеров) Arozzi Visione VX-500 Green;}///VX500-3/3.jpg#{[ru]:Очки для компьютера (для геймеров) Arozzi Visione VX-500 Green;}///VX500-3/4.jpg#{[ru]:Очки для компьютера (для геймеров) Arozzi Visione VX-500 Green;}///VX500-3/5.jpg#{[ru]:Очки для компьютера (для геймеров) Arozzi Visione VX-500 Green;},Arozzi,Очки для геймеров///Arozzi,VX500-3,Очки для компьютера (для геймеров) Arozzi Visione VX-500 Green,VX500-3,"Очки для компьютера (для геймеров) Arozzi Visione VX-500 Green

Очки для компьютера и для геймеров Visione VX-500 – Green / Black это один из лучших и незаменимых продуктов шведского бренда Arozzi с точки зрения производительности, комфорта и продолжительности работы за компьютером для геймеров и других людей постоянно проводящих время перед монитором. Бренд Arozzi, уже завоевавший доверие потребителя своими высококачественными креслами для геймеров, не хочет останавливаться на достигнутом и осваивает совершенно другую область -защита зрения, сохраняя этом высокие стандарты качества, помогает вашим глазам находится в комфорте во время игры и работы за компьютером. Очки для геймеров Visione убирают блики с цифровых экранов и обеспечивают комфорт. Visione снижают усталость глаз, позволяя вам просто наслаждаться любимой игрой.
Преимущества

Снижая воздействие вредного синего спектра света очки VIsione, устраняют нежелательные блики, повышают четкость изображения и остроту зрения, уменьшая усталость глаз.
Очки для компьютера Visione блокируют 99% УФ лучей, а фоточувствительные линзы автоматически подстраиваются под изменение условий освещения.
Блокируют до 50% коротких волн синего спектра в диапазоне частот 400нм -500нм
Идеально подходят для длительных игровых сессий или для непрерывной работы за компьютером
Эффективно снижают напряжение глаз и усталость, которые могут вызвать побочные эффекты, такие как сухость и раздражение глаз
Очки Visione разработаны в соответствии с самыми высокими стандартами и имеют сертификаты качества, действующие в Европе и США
Очки имеют широкий выбор оправ как по форме, так и по расцветке, и органично дополнят ваш стиль в одежде.
Технические характеристики

Материал оправы 304 Нержавеющая сталь/Ацетат
Линза тип/цвет Тонированные/Фиолетовый оттенок
Высота линзы 38мм / 15.0дюйма
Ширина линзы 59мм / 23.2дюйма
Мостик носа 15мм / 0.59 дюйма
Длина дужки 138мм / 5.4 дюйма
Вес 25гр.
Размеры упаковки 19×11×9см / 7.48×4.33×3.54дюйма
Вес упаковки с товаром 0.45 кг
Вес упаковки без товара 0.4 кг
CE-сертификат Да
Декларация соответствия Да",пластик,прямоугольная,желтый,зеленый,,20,4330,5490.00,4970,4720,20,Купить Очки для компьютера (для геймеров) Arozzi Visione VX-500 Green(vx500-3) по лучшей цене с доставкой в интернет-магазине esportshop.ru,"Очки для компьютера (для геймеров) Arozzi Visione VX-500 Green ➤ характеристики, фото. Достоинства и недостатки модели - в отзывах покупателей, видео и обсуждениях. Скидки и акции. Большой ассортимент. Магазин настоящего кибератлета - esportshop.ru",
VX500-6/1.jpg#{[ru]:Очки для компьютера (для геймеров) Arozzi Visione VX-500 Orange;}///VX500-6/2.jpg#{[ru]:Очки для компьютера (для геймеров) Arozzi Visione VX-500 Orange;}///VX500-6/3.jpg#{[ru]:Очки для компьютера (для геймеров) Arozzi Visione VX-500 Orange;}///VX500-6/4.jpg#{[ru]:Очки для компьютера (для геймеров) Arozzi Visione VX-500 Orange;},Arozzi,Очки для геймеров///Arozzi,VX500-6,Очки для компьютера (для геймеров) Arozzi Visione VX-500 Orange,VX500-6,"Очки для компьютера (для геймеров) Arozzi Visione VX-500 Orange

Очки для компьютера и для геймеров Visione VX-500 – Orange / Black это один из лучших и незаменимых продуктов шведского бренда Arozzi с точки зрения производительности, комфорта и продолжительности работы за компьютером для геймеров и других людей постоянно проводящих время перед монитором. Бренд Arozzi, уже завоевавший доверие потребителя своими высококачественными креслами для геймеров, не хочет останавливаться на достигнутом и осваивает совершенно другую область -защита зрения, сохраняя этом высокие стандарты качества, помогает вашим глазам находится в комфорте во время игры и работы за компьютером. Очки для геймеров Visione убирают блики с цифровых экранов и обеспечивают комфорт. Visione снижают усталость глаз, позволяя вам просто наслаждаться любимой игрой.
Преимущества

Снижая воздействие вредного синего спектра света очки VIsione, устраняют нежелательные блики, повышают четкость изображения и остроту зрения, уменьшая усталость глаз.
Очки для компьютера Visione блокируют 99% УФ лучей, а фоточувствительные линзы автоматически подстраиваются под изменение условий освещения.
Блокируют до 50% коротких волн синего спектра в диапазоне частот 400нм -500нм
Идеально подходят для длительных игровых сессий или для непрерывной работы за компьютером
Эффективно снижают напряжение глаз и усталость, которые могут вызвать побочные эффекты, такие как сухость и раздражение глаз
Очки Visione разработаны в соответствии с самыми высокими стандартами и имеют сертификаты качества, действующие в Европе и США
Очки имеют широкий выбор оправ как по форме, так и по расцветке, и органично дополнят ваш стиль в одежде.
Технические характеристики

Материал оправы 304 Нержавеющая сталь/Ацетат
Линза тип/цвет Тонированные/Фиолетовый оттенок
Высота линзы 38мм / 15.0дюйма
Ширина линзы 59мм / 23.2дюйма
Мостик носа 15мм / 0.59 дюйма
Длина дужки 138мм / 5.4 дюйма
Вес 25гр.
Размеры упаковки 19×11×9см / 7.48×4.33×3.54дюйма
Вес упаковки с товаром 0.45 кг
Вес упаковки без товара 0.4 кг
CE-сертификат Да
Декларация соответствия Да",пластик,прямоугольная,желтый,оранжевый,,20,4330,5490.00,4970,4720,20,Купить Очки для компьютера (для геймеров) Arozzi Visione VX-500 Orange(vx500-6) по лучшей цене с доставкой в интернет-магазине esportshop.ru,"Очки для компьютера (для геймеров) Arozzi Visione VX-500 Orange ➤ характеристики, фото. Достоинства и недостатки модели - в отзывах покупателей, видео и обсуждениях. Скидки и акции. Большой ассортимент. Магазин настоящего кибератлета - esportshop.ru",
VX500-5/1.jpg#{[ru]:Очки для компьютера (для геймеров) Arozzi Visione VX-500 Red;}///VX500-5/2.jpg#{[ru]:Очки для компьютера (для геймеров) Arozzi Visione VX-500 Red;}///VX500-5/3.jpg#{[ru]:Очки для компьютера (для геймеров) Arozzi Visione VX-500 Red;}///VX500-5/4.jpg#{[ru]:Очки для компьютера (для геймеров) Arozzi Visione VX-500 Red;}///VX500-5/5.jpg#{[ru]:Очки для компьютера (для геймеров) Arozzi Visione VX-500 Red;},Arozzi,Очки для геймеров///Arozzi,VX500-5,Очки для компьютера (для геймеров) Arozzi Visione VX-500 Red,VX500-5,"Очки для компьютера (для геймеров) Arozzi Visione VX-500 Red

Очки для компьютера и для геймеров Visione VX-500 – Red / Black это один из лучших и незаменимых продуктов шведского бренда Arozzi с точки зрения производительности, комфорта и продолжительности работы за компьютером для геймеров и других людей постоянно проводящих время перед монитором. Бренд Arozzi, уже завоевавший доверие потребителя своими высококачественными креслами для геймеров, не хочет останавливаться на достигнутом и осваивает совершенно другую область -защита зрения, сохраняя этом высокие стандарты качества, помогает вашим глазам находится в комфорте во время игры и работы за компьютером. Очки для геймеров Visione убирают блики с цифровых экранов и обеспечивают комфорт. Visione снижают усталость глаз, позволяя вам просто наслаждаться любимой игрой.
Преимущества

Снижая воздействие вредного синего спектра света очки VIsione, устраняют нежелательные блики, повышают четкость изображения и остроту зрения, уменьшая усталость глаз.
Очки для компьютера Visione блокируют 99% УФ лучей, а фоточувствительные линзы автоматически подстраиваются под изменение условий освещения.
Блокируют до 50% коротких волн синего спектра в диапазоне частот 400нм -500нм
Идеально подходят для длительных игровых сессий или для непрерывной работы за компьютером
Эффективно снижают напряжение глаз и усталость, которые могут вызвать побочные эффекты, такие как сухость и раздражение глаз
Очки Visione разработаны в соответствии с самыми высокими стандартами и имеют сертификаты качества, действующие в Европе и США
Очки имеют широкий выбор оправ как по форме, так и по расцветке, и органично дополнят ваш стиль в одежде.
Технические характеристики

Материал оправы 304 Нержавеющая сталь/Ацетат
Линза тип/цвет Тонированные/Фиолетовый оттенок
Высота линзы 38мм / 15.0дюйма
Ширина линзы 59мм / 23.2дюйма
Мостик носа 15мм / 0.59 дюйма
Длина дужки 138мм / 5.4 дюйма
Вес 25гр.
Размеры упаковки 19×11×9см / 7.48×4.33×3.54дюйма
Вес упаковки с товаром 0.45 кг
Вес упаковки без товара 0.4 кг
CE-сертификат Да
Декларация соответствия Да",пластик,прямоугольная,желтый,красный,,20,4330,5490.00,4970,4720,20,Купить Очки для компьютера (для геймеров) Arozzi Visione VX-500 Red(vx500-5) по лучшей цене с доставкой в интернет-магазине esportshop.ru,"Очки для компьютера (для геймеров) Arozzi Visione VX-500 Red ➤ характеристики, фото. Достоинства и недостатки модели - в отзывах покупателей, видео и обсуждениях. Скидки и акции. Большой ассортимент. Магазин настоящего кибератлета - esportshop.ru",
VX500-1/1.jpg#{[ru]:Очки для компьютера (для геймеров) Arozzi Visione VX-500 White;}///VX500-1/2.jpg#{[ru]:Очки для компьютера (для геймеров) Arozzi Visione VX-500 White;}///VX500-1/3.jpg#{[ru]:Очки для компьютера (для геймеров) Arozzi Visione VX-500 White;}///VX500-1/4.jpg#{[ru]:Очки для компьютера (для геймеров) Arozzi Visione VX-500 White;},Arozzi,Очки для геймеров///Arozzi,VX500-1,Очки для компьютера (для геймеров) Arozzi Visione VX-500 White,VX500-1,"Очки для компьютера (для геймеров) Arozzi Visione VX-500 White

Очки для компьютера и для геймеров Visione VX-500 – White / Black это один из лучших и незаменимых продуктов шведского бренда Arozzi с точки зрения производительности, комфорта и продолжительности работы за компьютером для геймеров и других людей постоянно проводящих время перед монитором. Бренд Arozzi, уже завоевавший доверие потребителя своими высококачественными креслами для геймеров, не хочет останавливаться на достигнутом и осваивает совершенно другую область -защита зрения, сохраняя этом высокие стандарты качества, помогает вашим глазам находится в комфорте во время игры и работы за компьютером. Очки для геймеров Visione убирают блики с цифровых экранов и обеспечивают комфорт. Visione снижают усталость глаз, позволяя вам просто наслаждаться любимой игрой.
Преимущества

Снижая воздействие вредного синего спектра света очки VIsione, устраняют нежелательные блики, повышают четкость изображения и остроту зрения, уменьшая усталость глаз.
Очки для компьютера Visione блокируют 99% УФ лучей, а фоточувствительные линзы автоматически подстраиваются под изменение условий освещения.
Блокируют до 50% коротких волн синего спектра в диапазоне частот 400нм -500нм
Идеально подходят для длительных игровых сессий или для непрерывной работы за компьютером
Эффективно снижают напряжение глаз и усталость, которые могут вызвать побочные эффекты, такие как сухость и раздражение глаз
Очки Visione разработаны в соответствии с самыми высокими стандартами и имеют сертификаты качества, действующие в Европе и США
Очки имеют широкий выбор оправ как по форме, так и по расцветке, и органично дополнят ваш стиль в одежде.
Технические характеристики

Материал оправы 304 Нержавеющая сталь/Ацетат
Линза тип/цвет Тонированные/Фиолетовый оттенок
Высота линзы 38мм / 15.0дюйма
Ширина линзы 59мм / 23.2дюйма
Мостик носа 15мм / 0.59 дюйма
Длина дужки 138мм / 5.4 дюйма
Вес 25гр.
Размеры упаковки 19×11×9см / 7.48×4.33×3.54дюйма
Вес упаковки с товаром 0.45 кг
Вес упаковки без товара 0.4 кг
CE-сертификат Да
Декларация соответствия Да",пластик,прямоугольная,желтый,белый,,20,4330,5490.00,4970,4720,20,Купить Очки для компьютера (для геймеров) Arozzi Visione VX-500 White(vx500-1) по лучшей цене с доставкой в интернет-магазине esportshop.ru,"Очки для компьютера (для геймеров) Arozzi Visione VX-500 White ➤ характеристики, фото. Достоинства и недостатки модели - в отзывах покупателей, видео и обсуждениях. Скидки и акции. Большой ассортимент. Магазин настоящего кибератлета - esportshop.ru",
VX600-2/1.jpg#{[ru]:Очки для компьютера (для геймеров) Arozzi Visione VX-600 Black;}///VX600-2/2.jpg#{[ru]:Очки для компьютера (для геймеров) Arozzi Visione VX-600 Black;}///VX600-2/3.jpg#{[ru]:Очки для компьютера (для геймеров) Arozzi Visione VX-600 Black;}///VX600-2/4.jpg#{[ru]:Очки для компьютера (для геймеров) Arozzi Visione VX-600 Black;},Arozzi,Очки для геймеров///Arozzi,VX600-2,Очки для компьютера (для геймеров) Arozzi Visione VX-600 Black,VX600-2,"Очки для компьютера (для геймеров) Arozzi Visione VX-600 Black

Очки для компьютера и для геймеров Visione VX-600 Black это один из лучших и незаменимых продуктов шведского бренда Arozzi с точки зрения производительности, комфорта и продолжительности работы за компьютером для геймеров и других людей постоянно проводящих время перед монитором. Бренд Arozzi, уже завоевавший доверие потребителя своими высококачественными креслами для геймеров, не хочет останавливаться на достигнутом и осваивает совершенно другую область -защита зрения, сохраняя этом высокие стандарты качества, помогает вашим глазам находится в комфорте во время игры и работы за компьютером. Очки для геймеров Visione убирают блики с цифровых экранов и обеспечивают комфорт. Visione снижают усталость глаз, позволяя вам просто наслаждаться любимой игрой.
Преимущества

Снижая воздействие вредного синего спектра света очки VIsione, устраняют нежелательные блики, повышают четкость изображения и остроту зрения, уменьшая усталость глаз.
Очки для компьютера Visione блокируют 99% УФ лучей, а фоточувствительные линзы автоматически подстраиваются под изменение условий освещения.
Блокируют до 50% коротких волн синего спектра в диапазоне частот 400нм -500нм
Идеально подходят для длительных игровых сессий или для непрерывной работы за компьютером
Эффективно снижают напряжение глаз и усталость, которые могут вызвать побочные эффекты, такие как сухость и раздражение глаз
Очки Visione разработаны в соответствии с самыми высокими стандартами и имеют сертификаты качества, действующие в Европе и США
Очки имеют широкий выбор оправ как по форме, так и по расцветке, и органично дополнят ваш стиль в одежде.
Технические характеристики

Материал оправы 304 Нержавеющая сталь/Ацетат
Линза тип/цвет Тонированные/Фиолетовый оттенок
Высота линзы 39мм / 15.0дюйма
Ширина линзы 69мм / 27дюйма
Мостик носа 18мм / 0.71 дюйма
Длина дужки 135мм / 5.3 дюйма
Вес 20гр.
Размеры упаковки 19×11×9см / 7.48×4.33×3.54дюйма
Вес упаковки с товаром 0.45 кг
Вес упаковки без товара 0.4 кг
CE-сертификат Да
Декларация соответствия Да",пластик,прямоугольная,желтый,черный,,20,4330,5490.00,4970,4720,20,Купить Очки для компьютера (для геймеров) Arozzi Visione VX-600 Black(vx600-2) по лучшей цене с доставкой в интернет-магазине esportshop.ru,"Очки для компьютера (для геймеров) Arozzi Visione VX-600 Black ➤ характеристики, фото. Достоинства и недостатки модели - в отзывах покупателей, видео и обсуждениях. Скидки и акции. Большой ассортимент. Магазин настоящего кибератлета - esportshop.ru",
VX600-3/1.jpg#{[ru]:Очки для компьютера (для геймеров) Arozzi Visione VX-600 Green;}///VX600-3/2.jpg#{[ru]:Очки для компьютера (для геймеров) Arozzi Visione VX-600 Green;}///VX600-3/3.jpg#{[ru]:Очки для компьютера (для геймеров) Arozzi Visione VX-600 Green;}///VX600-3/4.jpg#{[ru]:Очки для компьютера (для геймеров) Arozzi Visione VX-600 Green;},Arozzi,Очки для геймеров///Arozzi,VX600-3,Очки для компьютера (для геймеров) Arozzi Visione VX-600 Green,VX600-3,"Очки для компьютера (для геймеров) Arozzi Visione VX-600 Green

Очки для компьютера и для геймеров Visione VX-600 Green / Black это один из лучших и незаменимых продуктов шведского бренда Arozzi с точки зрения производительности, комфорта и продолжительности работы за компьютером для геймеров и других людей постоянно проводящих время перед монитором. Бренд Arozzi, уже завоевавший доверие потребителя своими высококачественными креслами для геймеров, не хочет останавливаться на достигнутом и осваивает совершенно другую область -защита зрения, сохраняя этом высокие стандарты качества, помогает вашим глазам находится в комфорте во время игры и работы за компьютером. Очки для геймеров Visione убирают блики с цифровых экранов и обеспечивают комфорт. Visione снижают усталость глаз, позволяя вам просто наслаждаться любимой игрой.
Преимущества

Снижая воздействие вредного синего спектра света очки VIsione, устраняют нежелательные блики, повышают четкость изображения и остроту зрения, уменьшая усталость глаз.
Очки для компьютера Visione блокируют 99% УФ лучей, а фоточувствительные линзы автоматически подстраиваются под изменение условий освещения.
Блокируют до 50% коротких волн синего спектра в диапазоне частот 400нм -500нм
Идеально подходят для длительных игровых сессий или для непрерывной работы за компьютером
Эффективно снижают напряжение глаз и усталость, которые могут вызвать побочные эффекты, такие как сухость и раздражение глаз
Очки Visione разработаны в соответствии с самыми высокими стандартами и имеют сертификаты качества, действующие в Европе и США
Очки имеют широкий выбор оправ как по форме, так и по расцветке, и органично дополнят ваш стиль в одежде.
Технические характеристики

Материал оправы 304 Нержавеющая сталь/Ацетат
Линза тип/цвет Тонированные/Фиолетовый оттенок
Высота линзы 39мм / 15.0дюйма
Ширина линзы 69мм / 27дюйма
Мостик носа 18мм / 0.71 дюйма
Длина дужки 135мм / 5.3 дюйма
Вес 20гр.
Размеры упаковки 19×11×9см / 7.48×4.33×3.54дюйма
Вес упаковки с товаром 0.45 кг
Вес упаковки без товара 0.4 кг
CE-сертификат Да
Декларация соответствия Да",пластик,прямоугольная,желтый,зеленый,,20,4330,5490.00,4970,4720,20,Купить Очки для компьютера (для геймеров) Arozzi Visione VX-600 Green(vx600-3) по лучшей цене с доставкой в интернет-магазине esportshop.ru,"Очки для компьютера (для геймеров) Arozzi Visione VX-600 Green ➤ характеристики, фото. Достоинства и недостатки модели - в отзывах покупателей, видео и обсуждениях. Скидки и акции. Большой ассортимент. Магазин настоящего кибератлета - esportshop.ru",
VX600-5/1.jpg#{[ru]:Очки для компьютера (для геймеров) Arozzi Visione VX-600 Red;}///VX600-5/2.jpg#{[ru]:Очки для компьютера (для геймеров) Arozzi Visione VX-600 Red;}///VX600-5/3.jpg#{[ru]:Очки для компьютера (для геймеров) Arozzi Visione VX-600 Red;}///VX600-5/4.jpg#{[ru]:Очки для компьютера (для геймеров) Arozzi Visione VX-600 Red;}///VX600-5/5.jpg#{[ru]:Очки для компьютера (для геймеров) Arozzi Visione VX-600 Red;},Arozzi,Очки для геймеров///Arozzi,VX600-5,Очки для компьютера (для геймеров) Arozzi Visione VX-600 Red,VX600-5,"Очки для компьютера (для геймеров) Arozzi Visione VX-600 Red

Очки для компьютера и для геймеров Visione VX-600 Red / Black это один из лучших и незаменимых продуктов шведского бренда Arozzi с точки зрения производительности, комфорта и продолжительности работы за компьютером для геймеров и других людей постоянно проводящих время перед монитором. Бренд Arozzi, уже завоевавший доверие потребителя своими высококачественными креслами для геймеров, не хочет останавливаться на достигнутом и осваивает совершенно другую область -защита зрения, сохраняя этом высокие стандарты качества, помогает вашим глазам находится в комфорте во время игры и работы за компьютером. Очки для геймеров Visione убирают блики с цифровых экранов и обеспечивают комфорт. Visione снижают усталость глаз, позволяя вам просто наслаждаться любимой игрой.
Преимущества

Снижая воздействие вредного синего спектра света очки VIsione, устраняют нежелательные блики, повышают четкость изображения и остроту зрения, уменьшая усталость глаз.
Очки для компьютера Visione блокируют 99% УФ лучей, а фоточувствительные линзы автоматически подстраиваются под изменение условий освещения.
Блокируют до 50% коротких волн синего спектра в диапазоне частот 400нм -500нм
Идеально подходят для длительных игровых сессий или для непрерывной работы за компьютером
Эффективно снижают напряжение глаз и усталость, которые могут вызвать побочные эффекты, такие как сухость и раздражение глаз
Очки Visione разработаны в соответствии с самыми высокими стандартами и имеют сертификаты качества, действующие в Европе и США
Очки имеют широкий выбор оправ как по форме, так и по расцветке, и органично дополнят ваш стиль в одежде.
Технические характеристики

Материал оправы 304 Нержавеющая сталь/Ацетат
Линза тип/цвет Тонированные/Фиолетовый оттенок
Высота линзы 39мм / 15.0дюйма
Ширина линзы 69мм / 27дюйма
Мостик носа 18мм / 0.71 дюйма
Длина дужки 135мм / 5.3 дюйма
Вес 20гр.
Размеры упаковки 19×11×9см / 7.48×4.33×3.54дюйма
Вес упаковки с товаром 0.45 кг
Вес упаковки без товара 0.4 кг
CE-сертификат Да
Декларация соответствия Да",пластик,прямоугольная,желтый,красный,,20,4330,5490.00,4970,4720,20,Купить Очки для компьютера (для геймеров) Arozzi Visione VX-600 Red(vx600-5) по лучшей цене с доставкой в интернет-магазине esportshop.ru,"Очки для компьютера (для геймеров) Arozzi Visione VX-600 Red ➤ характеристики, фото. Достоинства и недостатки модели - в отзывах покупателей, видео и обсуждениях. Скидки и акции. Большой ассортимент. Магазин настоящего кибератлета - esportshop.ru",
VX600-1/1.jpg#{[ru]:Очки для компьютера (для геймеров) Arozzi Visione VX-600 White;}///VX600-1/2.jpg#{[ru]:Очки для компьютера (для геймеров) Arozzi Visione VX-600 White;}///VX600-1/3.jpg#{[ru]:Очки для компьютера (для геймеров) Arozzi Visione VX-600 White;},Arozzi,Очки для геймеров///Arozzi,VX600-1,Очки для компьютера (для геймеров) Arozzi Visione VX-600 White,VX600-1,"Очки для компьютера (для геймеров) Arozzi Visione VX-600 White

Очки для компьютера и для геймеров Visione VX-600 White / Black это один из лучших и незаменимых продуктов шведского бренда Arozzi с точки зрения производительности, комфорта и продолжительности работы за компьютером для геймеров и других людей постоянно проводящих время перед монитором. Бренд Arozzi, уже завоевавший доверие потребителя своими высококачественными креслами для геймеров, не хочет останавливаться на достигнутом и осваивает совершенно другую область -защита зрения, сохраняя этом высокие стандарты качества, помогает вашим глазам находится в комфорте во время игры и работы за компьютером. Очки для геймеров Visione убирают блики с цифровых экранов и обеспечивают комфорт. Visione снижают усталость глаз, позволяя вам просто наслаждаться любимой игрой.
Преимущества

Снижая воздействие вредного синего спектра света очки VIsione, устраняют нежелательные блики, повышают четкость изображения и остроту зрения, уменьшая усталость глаз.
Очки для компьютера Visione блокируют 99% УФ лучей, а фоточувствительные линзы автоматически подстраиваются под изменение условий освещения.
Блокируют до 50% коротких волн синего спектра в диапазоне частот 400нм -500нм
Идеально подходят для длительных игровых сессий или для непрерывной работы за компьютером
Эффективно снижают напряжение глаз и усталость, которые могут вызвать побочные эффекты, такие как сухость и раздражение глаз
Очки Visione разработаны в соответствии с самыми высокими стандартами и имеют сертификаты качества, действующие в Европе и США
Очки имеют широкий выбор оправ как по форме, так и по расцветке, и органично дополнят ваш стиль в одежде.
Технические характеристики

Материал оправы 304 Нержавеющая сталь/Ацетат
Линза тип/цвет Тонированные/Фиолетовый оттенок
Высота линзы 39мм / 15.0дюйма
Ширина линзы 69мм / 27дюйма
Мостик носа 18мм / 0.71 дюйма
Длина дужки 135мм / 5.3 дюйма
Вес 20гр.
Размеры упаковки 19×11×9см / 7.48×4.33×3.54дюйма
Вес упаковки с товаром 0.45 кг
Вес упаковки без товара 0.4 кг
CE-сертификат Да
Декларация соответствия Да",пластик,прямоугольная,желтый,белый,,20,4330,5490.00,4970,4720,20,Купить Очки для компьютера (для геймеров) Arozzi Visione VX-600 White(vx600-1) по лучшей цене с доставкой в интернет-магазине esportshop.ru,"Очки для компьютера (для геймеров) Arozzi Visione VX-600 White ➤ характеристики, фото. Достоинства и недостатки модели - в отзывах покупателей, видео и обсуждениях. Скидки и акции. Большой ассортимент. Магазин настоящего кибератлета - esportshop.ru",
VX800-2/1.jpg#{[ru]:Очки для компьютера (для геймеров) Arozzi Visione VX-800 Black;}///VX800-2/2.jpg#{[ru]:Очки для компьютера (для геймеров) Arozzi Visione VX-800 Black;}///VX800-2/3.jpg#{[ru]:Очки для компьютера (для геймеров) Arozzi Visione VX-800 Black;}///VX800-2/4.jpg#{[ru]:Очки для компьютера (для геймеров) Arozzi Visione VX-800 Black;},Arozzi,Очки для геймеров///Arozzi,VX800-2,Очки для компьютера (для геймеров) Arozzi Visione VX-800 Black,VX800-2,"Очки для компьютера (для геймеров) Arozzi Visione VX-800 Black

Очки для компьютера и для геймеров Visione VX-600 Black это один из лучших и незаменимых продуктов шведского бренда Arozzi с точки зрения производительности, комфорта и продолжительности работы за компьютером для геймеров и других людей постоянно проводящих время перед монитором. Бренд Arozzi, уже завоевавший доверие потребителя своими высококачественными креслами для геймеров, не хочет останавливаться на достигнутом и осваивает совершенно другую область -защита зрения, сохраняя этом высокие стандарты качества, помогает вашим глазам находится в комфорте во время игры и работы за компьютером. Очки для геймеров Visione убирают блики с цифровых экранов и обеспечивают комфорт. Visione снижают усталость глаз, позволяя вам просто наслаждаться любимой игрой.
Преимущества

Снижая воздействие вредного синего спектра света очки VIsione, устраняют нежелательные блики, повышают четкость изображения и остроту зрения, уменьшая усталость глаз.
Очки для компьютера Visione блокируют 99% УФ лучей, а фоточувствительные линзы автоматически подстраиваются под изменение условий освещения.
Блокируют до 50% коротких волн синего спектра в диапазоне частот 400нм -500нм
Идеально подходят для длительных игровых сессий или для непрерывной работы за компьютером
Эффективно снижают напряжение глаз и усталость, которые могут вызвать побочные эффекты, такие как сухость и раздражение глаз
Очки Visione разработаны в соответствии с самыми высокими стандартами и имеют сертификаты качества, действующие в Европе и США
Очки имеют широкий выбор оправ как по форме, так и по расцветке, и органично дополнят ваш стиль в одежде.
Технические характеристики

Материал оправы 304 Нержавеющая сталь/Ацетат
Линза тип/цвет Тонированные/Фиолетовый оттенок
Высота линзы 36мм / 14.0дюйма
Ширина линзы 58мм / 23дюйма
Мостик носа 17мм / 0.67 дюйма
Длина дужки 140мм / 5.5 дюйма
Вес 33гр.
Размеры упаковки 19×11×9см / 7.48×4.33×3.54дюйма
Вес упаковки с товаром 0.45 кг
Вес упаковки без товара 0.4 кг
CE-сертификат Да
Декларация соответствия Да",пластик,вайфарер,желтый,черный,,20,4730,5990.00,5430,5150,20,Купить Очки для компьютера (для геймеров) Arozzi Visione VX-800 Black(vx800-2) по лучшей цене с доставкой в интернет-магазине esportshop.ru,"Очки для компьютера (для геймеров) Arozzi Visione VX-800 Black ➤ характеристики, фото. Достоинства и недостатки модели - в отзывах покупателей, видео и обсуждениях. Скидки и акции. Большой ассортимент. Магазин настоящего кибератлета - esportshop.ru",
VX800-1/1.jpg#{[ru]:Очки для компьютера (для геймеров) Arozzi Visione VX-800 White;}///VX800-1/2.jpg#{[ru]:Очки для компьютера (для геймеров) Arozzi Visione VX-800 White;}///VX800-1/3.jpg#{[ru]:Очки для компьютера (для геймеров) Arozzi Visione VX-800 White;}///VX800-1/4.jpg#{[ru]:Очки для компьютера (для геймеров) Arozzi Visione VX-800 White;}///VX800-1/5.jpg#{[ru]:Очки для компьютера (для геймеров) Arozzi Visione VX-800 White;},Arozzi,Очки для геймеров///Arozzi,VX800-1,Очки для компьютера (для геймеров) Arozzi Visione VX-800 White,VX800-1,"Очки для компьютера (для геймеров) Arozzi Visione VX-800 White

Очки для компьютера и для геймеров Visione VX-600 White / Black это один из лучших и незаменимых продуктов шведского бренда Arozzi с точки зрения производительности, комфорта и продолжительности работы за компьютером для геймеров и других людей постоянно проводящих время перед монитором. Бренд Arozzi, уже завоевавший доверие потребителя своими высококачественными креслами для геймеров, не хочет останавливаться на достигнутом и осваивает совершенно другую область -защита зрения, сохраняя этом высокие стандарты качества, помогает вашим глазам находится в комфорте во время игры и работы за компьютером. Очки для геймеров Visione убирают блики с цифровых экранов и обеспечивают комфорт. Visione снижают усталость глаз, позволяя вам просто наслаждаться любимой игрой.
Преимущества

Снижая воздействие вредного синего спектра света очки VIsione, устраняют нежелательные блики, повышают четкость изображения и остроту зрения, уменьшая усталость глаз.
Очки для компьютера Visione блокируют 99% УФ лучей, а фоточувствительные линзы автоматически подстраиваются под изменение условий освещения.
Блокируют до 50% коротких волн синего спектра в диапазоне частот 400нм -500нм
Идеально подходят для длительных игровых сессий или для непрерывной работы за компьютером
Эффективно снижают напряжение глаз и усталость, которые могут вызвать побочные эффекты, такие как сухость и раздражение глаз
Очки Visione разработаны в соответствии с самыми высокими стандартами и имеют сертификаты качества, действующие в Европе и США
Очки имеют широкий выбор оправ как по форме, так и по расцветке, и органично дополнят ваш стиль в одежде.
Технические характеристики

Материал оправы 304 Нержавеющая сталь/Ацетат
Линза тип/цвет Тонированные/Фиолетовый оттенок
Высота линзы 36мм / 14.0дюйма
Ширина линзы 58мм / 23дюйма
Мостик носа 17мм / 0.67 дюйма
Длина дужки 140мм / 5.5 дюйма
Вес 33гр.
Размеры упаковки 19×11×9см / 7.48×4.33×3.54дюйма
Вес упаковки с товаром 0.45 кг
Вес упаковки без товара 0.4 кг
CE-сертификат Да
Декларация соответствия Да",пластик,вайфарер,желтый,белый,,20,4730,5990.00,5430,5150,20,Купить Очки для компьютера (для геймеров) Arozzi Visione VX-800 White(vx800-1) по лучшей цене с доставкой в интернет-магазине esportshop.ru,"Очки для компьютера (для геймеров) Arozzi Visione VX-800 White ➤ характеристики, фото. Достоинства и недостатки модели - в отзывах покупателей, видео и обсуждениях. Скидки и акции. Большой ассортимент. Магазин настоящего кибератлета - esportshop.ru",
VX200/1.jpg#{[ru]:Очки для компьютера (для геймеров) Arozzi Visione VX200;}///VX200/2.jpg#{[ru]:Очки для компьютера (для геймеров) Arozzi Visione VX200;}///VX200/3.jpg#{[ru]:Очки для компьютера (для геймеров) Arozzi Visione VX200;}///VX200/4.jpg#{[ru]:Очки для компьютера (для геймеров) Arozzi Visione VX200;}///VX200/5.jpg#{[ru]:Очки для компьютера (для геймеров) Arozzi Visione VX200;},Arozzi,Очки для геймеров///Arozzi,VX200,Очки для компьютера (для геймеров) Arozzi Visione VX200,VX200,"Очки для компьютера (для геймеров) Arozzi Visione VX200

Очки для компьютера и для геймеров Visione VX-200 это один из лучших и незаменимых продуктов шведского бренда Arozzi с точки зрения производительности, комфорта и продолжительности работы за компьютером для геймеров и других людей постоянно проводящих время перед монитором. Бренд Arozzi, уже завоевавший доверие потребителя своими высококачественными креслами для геймеров, не хочет останавливаться на достигнутом и осваивает совершенно другую область -защита зрения, сохраняя этом высокие стандарты качества, помогает вашим глазам находится в комфорте во время игры и работы за компьютером. Очки для геймеров Visione убирают блики с цифровых экранов и обеспечивают комфорт. Visione снижают усталость глаз, позволяя вам просто наслаждаться любимой игрой.
Преимущества

Снижая воздействие вредного синего спектра света очки VIsione, устраняют нежелательные блики, повышают четкость изображения и остроту зрения, уменьшая усталость глаз.
Очки для компьютера Visione блокируют 99% УФ лучей, а фоточувствительные линзы автоматически подстраиваются под изменение условий освещения.
Блокируют до 50% коротких волн синего спектра в диапазоне частот 400нм -500нм
Идеально подходят для длительных игровых сессий или для непрерывной работы за компьютером
Эффективно снижают напряжение глаз и усталость, которые могут вызвать побочные эффекты, такие как сухость и раздражение глаз
Очки Visione разработаны в соответствии с самыми высокими стандартами и имеют сертификаты качества, действующие в Европе и США
Очки имеют широкий выбор оправ как по форме, так и по расцветке, и органично дополнят ваш стиль в одежде.
Технические характеристики

Материал оправы 304 Нержавеющая сталь/Ацетат
Линза тип/цвет Тонированные/Фиолетовый оттенок
Высота линзы 37мм / 14.6дюйма
Ширина линзы 57мм / 22.4дюйма
Мостик носа 15мм / 0.59 дюйма
Длина дужки 140мм / 5.55 дюйма
Вес 19гр.
Размеры упаковки 19×11×9см / 7.48×4.33×3.54дюйма
Вес упаковки с товаром 0.45 кг
Вес упаковки без товара 0.4 кг
CE-сертификат Да
Декларация соответствия Да",пластик,вайфарер,желтый,черный,,,,,,,,,,
VX200/1.jpg#{[ru]:Очки для компьютера (для геймеров) Arozzi Visione VX200;}///VX200/2.jpg#{[ru]:Очки для компьютера (для геймеров) Arozzi Visione VX200;}///VX200/3.jpg#{[ru]:Очки для компьютера (для геймеров) Arozzi Visione VX200;}///VX200/4.jpg#{[ru]:Очки для компьютера (для геймеров) Arozzi Visione VX200;}///VX200/5.jpg#{[ru]:Очки для компьютера (для геймеров) Arozzi Visione VX200;},Arozzi,Очки для геймеров///Arozzi,VX200,Очки для компьютера (для геймеров) Arozzi Visione VX200,VX200,"Очки для компьютера (для геймеров) Arozzi Visione VX200

Очки для компьютера и для геймеров Visione VX-200 это один из лучших и незаменимых продуктов шведского бренда Arozzi с точки зрения производительности, комфорта и продолжительности работы за компьютером для геймеров и других людей постоянно проводящих время перед монитором. Бренд Arozzi, уже завоевавший доверие потребителя своими высококачественными креслами для геймеров, не хочет останавливаться на достигнутом и осваивает совершенно другую область -защита зрения, сохраняя этом высокие стандарты качества, помогает вашим глазам находится в комфорте во время игры и работы за компьютером. Очки для геймеров Visione убирают блики с цифровых экранов и обеспечивают комфорт. Visione снижают усталость глаз, позволяя вам просто наслаждаться любимой игрой.
Преимущества

Снижая воздействие вредного синего спектра света очки VIsione, устраняют нежелательные блики, повышают четкость изображения и остроту зрения, уменьшая усталость глаз.
Очки для компьютера Visione блокируют 99% УФ лучей, а фоточувствительные линзы автоматически подстраиваются под изменение условий освещения.
Блокируют до 50% коротких волн синего спектра в диапазоне частот 400нм -500нм
Идеально подходят для длительных игровых сессий или для непрерывной работы за компьютером
Эффективно снижают напряжение глаз и усталость, которые могут вызвать побочные эффекты, такие как сухость и раздражение глаз
Очки Visione разработаны в соответствии с самыми высокими стандартами и имеют сертификаты качества, действующие в Европе и США
Очки имеют широкий выбор оправ как по форме, так и по расцветке, и органично дополнят ваш стиль в одежде.
Технические характеристики

Материал оправы 304 Нержавеющая сталь/Ацетат
Линза тип/цвет Тонированные/Фиолетовый оттенок
Высота линзы 37мм / 14.6дюйма
Ширина линзы 57мм / 22.4дюйма
Мостик носа 15мм / 0.59 дюйма
Длина дужки 140мм / 5.55 дюйма
Вес 19гр.
Размеры упаковки 19×11×9см / 7.48×4.33×3.54дюйма
Вес упаковки с товаром 0.45 кг
Вес упаковки без товара 0.4 кг
CE-сертификат Да
Декларация соответствия Да",пластик,вайфарер,желтый,черный,,20,3150,3990.00,3620,3430,20,Купить Очки для компьютера (для геймеров) Arozzi Visione VX200(vx200) по лучшей цене с доставкой в интернет-магазине esportshop.ru,"Очки для компьютера (для геймеров) Arozzi Visione VX200 ➤ характеристики, фото. Достоинства и недостатки модели - в отзывах покупателей, видео и обсуждениях. Скидки и акции. Большой ассортимент. Магазин настоящего кибератлета - esportshop.ru",
