Бренд,Detailed image,Category,Название,Product code,Артикул,Описание,Производитель,ProductCodeToFind,Existance,Diller price,Max price,Shop price,Recommend price,Existance for filters,Page title,Meta description,Meta keywords

Arozzi,COLONNA-BLACK/1.jpg#{[ru]:Микрофон для стримеров Arozzi Colonna Microphone - Black;}///COLONNA-BLACK/2.jpg#{[ru]:Микрофон для стримеров Arozzi Colonna Microphone - Black;}///COLONNA-BLACK/3.jpg#{[ru]:Микрофон для стримеров Arozzi Colonna Microphone - Black;}///COLONNA-BLACK/4.jpg#{[ru]:Микрофон для стримеров Arozzi Colonna Microphone - Black;}///COLONNA-BLACK/5.jpg#{[ru]:Микрофон для стримеров Arozzi Colonna Microphone - Black;}///COLONNA-BLACK/6.jpg#{[ru]:Микрофон для стримеров Arozzi Colonna Microphone - Black;},Микрофоны///Arozzi,Микрофон для стримеров Arozzi Colonna Microphone - Black,COLONNA-BLACK,COLONNA-BLACK,"<p><strong>Микрофон для стримеров Arozzi Colonna Microphone</strong>
</p>
<p>Arozzi вновь расширяет линейку своих продуктов и представляет Вашему вниманию новую категорию USB микрофонов, специально оптимизированных для стримеров, журналистов и всех кому необходима качественная запись звука в домашних условиях. Sfera, Sfera Pro и Colonna – микрофоны с высококачественной передачей звука — во время игровых баталий, и записью на свой компьютер, консоль или телефон.
</p>
<p>Colonna использует высококачественную конденсаторную капсулу, которая сделана по последним технологиям, плюс ко всему уникальный USB разъём специально изготовленный для этой линейки микрофонов, так что для продвинутого использования ни чего дополнительного не требуется.
</p>
<p><strong>Технические характеристики</strong>
</p>
<ul>
	<li>Питание / Потребляемая мощность 5В 500 мА (USB)</li>
	<li>Частота семплирования 22кГц -192кГц</li>
	<li>Битрейт 24 бит</li>
	<li>Капсули 3 шт 14-мм конденсаторных капсюля</li>
	<li>Направленность кардиоидная, всенаправленная, двунаправленная</li>
	<li>Частотный диапазон 20 Гц — 20 кГц</li>
	<li>Чувствительность 4.5mV/Pa (1 кГц)</li>
	<li>Максимальный SPL 120 дБелл (THD: 0.5% 1 кГц)</li>
	<li>Усилитель наушников</li>
	<li>Сопротивление &gt;16 Ом</li>
	<li>Выходная мощность (RMS) 130 мВт</li>
	<li>THD 0.009%</li>
	<li>Частотный диапазон 15 Гц – 22 кГц</li>
	<li>Соотношение сигнал-шум 114 дБелл</li>
</ul>
<p><strong>Системные требования</strong>
</p>
<ul>
	<li>Операционная система Windows Vista, XP Home Edition or XP Professional, Windows 7, Windows 8 and 8.1, Windows 10</li>
	<li>Версия USB 2.0 High Speed; 256 MB RAM (минимум)</li>
	<li>Macintosh Mac OSX (10.6.4 или выше)</li>
</ul>",Китай,,20,9470,11990.00,10890,10890,20,Купить Микрофон для стримеров Arozzi Colonna Microphone - Black(colonna-black) по лучшей цене с доставкой в интернет-магазине esportshop.ru,"Микрофон для стримеров Arozzi Colonna Microphone - Black ➤ характеристики, фото. Достоинства и недостатки модели - в отзывах покупателей, видео и обсуждениях. Скидки и акции. Большой ассортимент. Магазин настоящего кибератлета - esportshop.ru",
Arozzi,COLONNA-GOLD/1.jpg#{[ru]:Микрофон для стримеров Arozzi Colonna Microphone - Gold;}///COLONNA-GOLD/2.jpg#{[ru]:Микрофон для стримеров Arozzi Colonna Microphone - Gold;}///COLONNA-GOLD/3.jpg#{[ru]:Микрофон для стримеров Arozzi Colonna Microphone - Gold;},Микрофоны///Arozzi,Микрофон для стримеров Arozzi Colonna Microphone - Gold,COLONNA-GOLD,COLONNA-GOLD,"<p><strong>Микрофон для стримеров Arozzi Colonna Microphone</strong>
</p>
<p>Arozzi вновь расширяет линейку своих продуктов и представляет Вашему вниманию новую категорию USB микрофонов, специально оптимизированных для стримеров, журналистов и всех кому необходима качественная запись звука в домашних условиях. Sfera, Sfera Pro и Colonna – микрофоны с высококачественной передачей звука — во время игровых баталий, и записью на свой компьютер, консоль или телефон.
</p>
<p>Colonna использует высококачественную конденсаторную капсулу, которая сделана по последним технологиям, плюс ко всему уникальный USB разъём специально изготовленный для этой линейки микрофонов, так что для продвинутого использования ни чего дополнительного не требуется.
</p>
<p><strong>Технические характеристики</strong>
</p>
<ul>
	<li>Питание / Потребляемая мощность 5В 500 мА (USB)</li>
	<li>Частота семплирования 22кГц -192кГц</li>
	<li>Битрейт 24 бит</li>
	<li>Капсули 3 шт 14-мм конденсаторных капсюля</li>
	<li>Направленность кардиоидная, всенаправленная, двунаправленная</li>
	<li>Частотный диапазон 20 Гц — 20 кГц</li>
	<li>Чувствительность 4.5mV/Pa (1 кГц)</li>
	<li>Максимальный SPL 120 дБелл (THD: 0.5% 1 кГц)</li>
	<li>Усилитель наушников</li>
	<li>Сопротивление &gt;16 Ом</li>
	<li>Выходная мощность (RMS) 130 мВт</li>
	<li>THD 0.009%</li>
	<li>Частотный диапазон 15 Гц – 22 кГц</li>
	<li>Соотношение сигнал-шум 114 дБелл</li>
</ul>
<p><strong>Системные требования</strong>
</p>
<ul>
	<li>Операционная система Windows Vista, XP Home Edition or XP Professional, Windows 7, Windows 8 and 8.1, Windows 10</li>
	<li>Версия USB 2.0 High Speed; 256 MB RAM (минимум)</li>
	<li>Macintosh Mac OSX (10.6.4 или выше)</li>
</ul>",Китай,,20,9470,11990.00,10890,10890,20,Купить Микрофон для стримеров Arozzi Colonna Microphone - Gold(colonna-gold) по лучшей цене с доставкой в интернет-магазине esportshop.ru,"Микрофон для стримеров Arozzi Colonna Microphone - Gold ➤ характеристики, фото. Достоинства и недостатки модели - в отзывах покупателей, видео и обсуждениях. Скидки и акции. Большой ассортимент. Магазин настоящего кибератлета - esportshop.ru",
Arozzi,COLONNA-ROSEGOLD/1.jpg#{[ru]:Микрофон для стримеров Arozzi Colonna Microphone - Rose Gold;}///COLONNA-ROSEGOLD/2.jpg#{[ru]:Микрофон для стримеров Arozzi Colonna Microphone - Rose Gold;}///COLONNA-ROSEGOLD/3.jpg#{[ru]:Микрофон для стримеров Arozzi Colonna Microphone - Rose Gold;},Микрофоны///Arozzi,Микрофон для стримеров Arozzi Colonna Microphone - Rose Gold,COLONNA-ROSEGOLD,COLONNA-ROSEGOLD,"<p><strong>Микрофон для стримеров Arozzi Colonna Microphone</strong>
</p>
<p>Arozzi вновь расширяет линейку своих продуктов и представляет Вашему вниманию новую категорию USB микрофонов, специально оптимизированных для стримеров, журналистов и всех кому необходима качественная запись звука в домашних условиях. Sfera, Sfera Pro и Colonna – микрофоны с высококачественной передачей звука — во время игровых баталий, и записью на свой компьютер, консоль или телефон.
</p>
<p>Colonna использует высококачественную конденсаторную капсулу, которая сделана по последним технологиям, плюс ко всему уникальный USB разъём специально изготовленный для этой линейки микрофонов, так что для продвинутого использования ни чего дополнительного не требуется.
</p>
<p><strong>Технические характеристики</strong>
</p>
<ul>
	<li>Питание / Потребляемая мощность 5В 500 мА (USB)</li>
	<li>Частота семплирования 22кГц -192кГц</li>
	<li>Битрейт 24 бит</li>
	<li>Капсули 3 шт 14-мм конденсаторных капсюля</li>
	<li>Направленность кардиоидная, всенаправленная, двунаправленная</li>
	<li>Частотный диапазон 20 Гц — 20 кГц</li>
	<li>Чувствительность 4.5mV/Pa (1 кГц)</li>
	<li>Максимальный SPL 120 дБелл (THD: 0.5% 1 кГц)</li>
	<li>Усилитель наушников</li>
	<li>Сопротивление &gt;16 Ом</li>
	<li>Выходная мощность (RMS) 130 мВт</li>
	<li>THD 0.009%</li>
	<li>Частотный диапазон 15 Гц – 22 кГц</li>
	<li>Соотношение сигнал-шум 114 дБелл</li>
</ul>
<p><strong>Системные требования</strong>
</p>
<ul>
	<li>Операционная система Windows Vista, XP Home Edition or XP Professional, Windows 7, Windows 8 and 8.1, Windows 10</li>
	<li>Версия USB 2.0 High Speed; 256 MB RAM (минимум)</li>
	<li>Macintosh Mac OSX (10.6.4 или выше)</li>
</ul>",Китай,,20,9470,11990.00,10890,10890,20,Купить Микрофон для стримеров Arozzi Colonna Microphone - Rose Gold(colonna-rosegold) по лучшей цене с доставкой в интернет-магазине esportshop.ru,"Микрофон для стримеров Arozzi Colonna Microphone - Rose Gold ➤ характеристики, фото. Достоинства и недостатки модели - в отзывах покупателей, видео и обсуждениях. Скидки и акции. Большой ассортимент. Магазин настоящего кибератлета - esportshop.ru",
Arozzi,COLONNA-SILVER/1.jpg#{[ru]:Микрофон для стримеров Arozzi Colonna Microphone - Silver;}///COLONNA-SILVER/2.jpg#{[ru]:Микрофон для стримеров Arozzi Colonna Microphone - Silver;}///COLONNA-SILVER/3.jpg#{[ru]:Микрофон для стримеров Arozzi Colonna Microphone - Silver;},Микрофоны///Arozzi,Микрофон для стримеров Arozzi Colonna Microphone - Silver,COLONNA-SILVER,COLONNA-SILVER,"<p><strong>Микрофон для стримеров Arozzi Colonna Microphone</strong>
</p>
<p>Arozzi вновь расширяет линейку своих продуктов и представляет Вашему вниманию новую категорию USB микрофонов, специально оптимизированных для стримеров, журналистов и всех кому необходима качественная запись звука в домашних условиях. Sfera, Sfera Pro и Colonna – микрофоны с высококачественной передачей звука — во время игровых баталий, и записью на свой компьютер, консоль или телефон.
</p>
<p>Colonna использует высококачественную конденсаторную капсулу, которая сделана по последним технологиям, плюс ко всему уникальный USB разъём специально изготовленный для этой линейки микрофонов, так что для продвинутого использования ни чего дополнительного не требуется.
</p>
<p><strong>Технические характеристики</strong>
</p>
<ul>
	<li>Питание / Потребляемая мощность 5В 500 мА (USB)</li>
	<li>Частота семплирования 22кГц -192кГц</li>
	<li>Битрейт 24 бит</li>
	<li>Капсули 3 шт 14-мм конденсаторных капсюля</li>
	<li>Направленность кардиоидная, всенаправленная, двунаправленная</li>
	<li>Частотный диапазон 20 Гц — 20 кГц</li>
	<li>Чувствительность 4.5mV/Pa (1 кГц)</li>
	<li>Максимальный SPL 120 дБелл (THD: 0.5% 1 кГц)</li>
	<li>Усилитель наушников</li>
	<li>Сопротивление &gt;16 Ом</li>
	<li>Выходная мощность (RMS) 130 мВт</li>
	<li>THD 0.009%</li>
	<li>Частотный диапазон 15 Гц – 22 кГц</li>
	<li>Соотношение сигнал-шум 114 дБелл</li>
</ul>
<p><strong>Системные требования</strong>
</p>
<ul>
	<li>Операционная система Windows Vista, XP Home Edition or XP Professional, Windows 7, Windows 8 and 8.1, Windows 10</li>
	<li>Версия USB 2.0 High Speed; 256 MB RAM (минимум)</li>
	<li>Macintosh Mac OSX (10.6.4 или выше)</li>
</ul>",Китай,,20,9470,11990.00,10890,10890,20,Купить Микрофон для стримеров Arozzi Colonna Microphone - Silver(colonna-silver) по лучшей цене с доставкой в интернет-магазине esportshop.ru,"Микрофон для стримеров Arozzi Colonna Microphone - Silver ➤ характеристики, фото. Достоинства и недостатки модели - в отзывах покупателей, видео и обсуждениях. Скидки и акции. Большой ассортимент. Магазин настоящего кибератлета - esportshop.ru",
Arozzi,SFERA-BLACK/1.jpg#{[ru]:Микрофон для стримеров Arozzi Sfera Microphone - Black;}///SFERA-BLACK/2.jpg#{[ru]:Микрофон для стримеров Arozzi Sfera Microphone - Black;}///SFERA-BLACK/3.jpg#{[ru]:Микрофон для стримеров Arozzi Sfera Microphone - Black;}///SFERA-BLACK/4.jpg#{[ru]:Микрофон для стримеров Arozzi Sfera Microphone - Black;},Микрофоны///Arozzi,Микрофон для стримеров Arozzi Sfera Microphone - Black,SFERA-BLACK,SFERA-BLACK,"<p><strong>Микрофон для стримеров Arozzi Sfera Microphone </strong>
</p>
<p>Arozzi Sfera представляет собой удобный микрофон с USB-интерфейсом, который позволит проводить стримы, а также записывать звук на различные платформы. Микрофон использует конденсаторную капсулу, благодаря которой запись звука происходит без каких-либо помех и искажений.
</p>
<p>Arozzi Sfera имеет продуманную и удобную конструкцию, которая обеспечивает комфортную запись в любых условиях. Диаметр микрофона составляет 90 мм, а регулируемая подставка может выдвигаться по высоте до 180 мм. Корпус микрофона, как и подставка изготовлены из прочного пластика, которые также исключают влияние вибраций на качество звука.
</p>
<p>Arozzi Sfera является отличным решением как для стримеров, так и для блогеров или журналистов, которым важен качественный звук в домашних условиях. Микрофон подключается посредством USB-разъема и может работать как с ПК, так и с игровыми консолями, а также с мобильными устройствами.
</p>
<p><strong>Технические характеристики</strong>
</p>
<ul>
	<li>Тип подключения: проводное</li>
	<li>Производитель: Arozzi</li>
	<li>Тип микрофона: конденсаторный</li>
	<li>Тип направленности: кардиодная</li>
	<li>Бит-рейт: 24 бит</li>
	<li>Частотный диапазон: 50 - 16000 Гц</li>
	<li>Чувствительность: 44 дБ</li>
	<li>Максимальный уровень шума: 120 дБ</li>
	<li>Интерфейс подключения: USB</li>
	<li>Размеры микрофона: 90 х 90 х 90 мм</li>
	<li>Высота подставки: 180 мм</li>
	<li>Вес: 0.48 кг</li>
</ul>",Китай,,20,4170,5290.00,4790,4790,20,Купить Микрофон для стримеров Arozzi Sfera Microphone - Black(sfera-black) по лучшей цене с доставкой в интернет-магазине esportshop.ru,"Микрофон для стримеров Arozzi Sfera Microphone - Black ➤ характеристики, фото. Достоинства и недостатки модели - в отзывах покупателей, видео и обсуждениях. Скидки и акции. Большой ассортимент. Магазин настоящего кибератлета - esportshop.ru",
Arozzi,SFERA-CHROME/1.jpg#{[ru]:Микрофон для стримеров Arozzi Sfera Microphone - Chrome;}///SFERA-CHROME/2.jpg#{[ru]:Микрофон для стримеров Arozzi Sfera Microphone - Chrome;}///SFERA-CHROME/3.jpg#{[ru]:Микрофон для стримеров Arozzi Sfera Microphone - Chrome;}///SFERA-CHROME/4.jpg#{[ru]:Микрофон для стримеров Arozzi Sfera Microphone - Chrome;},Микрофоны///Arozzi,Микрофон для стримеров Arozzi Sfera Microphone - Chrome,SFERA-CHROME,SFERA-CHROME,"<p><strong>Микрофон для стримеров Arozzi Sfera Microphone </strong>
</p>
<p>Arozzi Sfera представляет собой удобный микрофон с USB-интерфейсом, который позволит проводить стримы, а также записывать звук на различные платформы. Микрофон использует конденсаторную капсулу, благодаря которой запись звука происходит без каких-либо помех и искажений.
</p>
<p>Arozzi Sfera имеет продуманную и удобную конструкцию, которая обеспечивает комфортную запись в любых условиях. Диаметр микрофона составляет 90 мм, а регулируемая подставка может выдвигаться по высоте до 180 мм. Корпус микрофона, как и подставка изготовлены из прочного пластика, которые также исключают влияние вибраций на качество звука.
</p>
<p>Arozzi Sfera является отличным решением как для стримеров, так и для блогеров или журналистов, которым важен качественный звук в домашних условиях. Микрофон подключается посредством USB-разъема и может работать как с ПК, так и с игровыми консолями, а также с мобильными устройствами.
</p>
<p><strong>Технические характеристики</strong>
</p>
<ul>
	<li>Тип подключения: проводное</li>
	<li>Производитель: Arozzi</li>
	<li>Тип микрофона: конденсаторный</li>
	<li>Тип направленности: кардиодная</li>
	<li>Бит-рейт: 24 бит</li>
	<li>Частотный диапазон: 50 - 16000 Гц</li>
	<li>Чувствительность: 44 дБ</li>
	<li>Максимальный уровень шума: 120 дБ</li>
	<li>Интерфейс подключения: USB</li>
	<li>Размеры микрофона: 90 х 90 х 90 мм</li>
	<li>Высота подставки: 180 мм</li>
	<li>Вес: 0.48 кг</li>
</ul>",Китай,,20,4170,5290.00,4790,4790,20,Купить Микрофон для стримеров Arozzi Sfera Microphone - Chrome(sfera-chrome) по лучшей цене с доставкой в интернет-магазине esportshop.ru,"Микрофон для стримеров Arozzi Sfera Microphone - Chrome ➤ характеристики, фото. Достоинства и недостатки модели - в отзывах покупателей, видео и обсуждениях. Скидки и акции. Большой ассортимент. Магазин настоящего кибератлета - esportshop.ru",
Arozzi,SFERA-RED/1.jpg#{[ru]:Микрофон для стримеров Arozzi Sfera Microphone - Red;}///SFERA-RED/2.jpg#{[ru]:Микрофон для стримеров Arozzi Sfera Microphone - Red;}///SFERA-RED/3.jpg#{[ru]:Микрофон для стримеров Arozzi Sfera Microphone - Red;}///SFERA-RED/4.jpg#{[ru]:Микрофон для стримеров Arozzi Sfera Microphone - Red;},Микрофоны///Arozzi,Микрофон для стримеров Arozzi Sfera Microphone - Red,SFERA-RED,SFERA-RED,"<p><strong>Микрофон для стримеров Arozzi Sfera Microphone </strong>
</p>
<p>Arozzi Sfera представляет собой удобный микрофон с USB-интерфейсом, который позволит проводить стримы, а также записывать звук на различные платформы. Микрофон использует конденсаторную капсулу, благодаря которой запись звука происходит без каких-либо помех и искажений.
</p>
<p>Arozzi Sfera имеет продуманную и удобную конструкцию, которая обеспечивает комфортную запись в любых условиях. Диаметр микрофона составляет 90 мм, а регулируемая подставка может выдвигаться по высоте до 180 мм. Корпус микрофона, как и подставка изготовлены из прочного пластика, которые также исключают влияние вибраций на качество звука.
</p>
<p>Arozzi Sfera является отличным решением как для стримеров, так и для блогеров или журналистов, которым важен качественный звук в домашних условиях. Микрофон подключается посредством USB-разъема и может работать как с ПК, так и с игровыми консолями, а также с мобильными устройствами.
</p>
<p><strong>Технические характеристики</strong>
</p>
<ul>
	<li>Тип подключения: проводное</li>
	<li>Производитель: Arozzi</li>
	<li>Тип микрофона: конденсаторный</li>
	<li>Тип направленности: кардиодная</li>
	<li>Бит-рейт: 24 бит</li>
	<li>Частотный диапазон: 50 - 16000 Гц</li>
	<li>Чувствительность: 44 дБ</li>
	<li>Максимальный уровень шума: 120 дБ</li>
	<li>Интерфейс подключения: USB</li>
	<li>Размеры микрофона: 90 х 90 х 90 мм</li>
	<li>Высота подставки: 180 мм</li>
	<li>Вес: 0.48 кг</li>
</ul>",Китай,,20,4170,5290.00,4790,4790,20,Купить Микрофон для стримеров Arozzi Sfera Microphone - Red(sfera-red) по лучшей цене с доставкой в интернет-магазине esportshop.ru,"Микрофон для стримеров Arozzi Sfera Microphone - Red ➤ характеристики, фото. Достоинства и недостатки модели - в отзывах покупателей, видео и обсуждениях. Скидки и акции. Большой ассортимент. Магазин настоящего кибератлета - esportshop.ru",
Arozzi,SFERA-WHITE/1.jpg#{[ru]:Микрофон для стримеров Arozzi Sfera Microphone - White;}///SFERA-WHITE/2.jpg#{[ru]:Микрофон для стримеров Arozzi Sfera Microphone - White;}///SFERA-WHITE/3.jpg#{[ru]:Микрофон для стримеров Arozzi Sfera Microphone - White;}///SFERA-WHITE/4.jpg#{[ru]:Микрофон для стримеров Arozzi Sfera Microphone - White;},Микрофоны///Arozzi,Микрофон для стримеров Arozzi Sfera Microphone - White,SFERA-WHITE,SFERA-WHITE,"<p><strong>Микрофон для стримеров Arozzi Sfera Microphone </strong>
</p>
<p>Arozzi Sfera представляет собой удобный микрофон с USB-интерфейсом, который позволит проводить стримы, а также записывать звук на различные платформы. Микрофон использует конденсаторную капсулу, благодаря которой запись звука происходит без каких-либо помех и искажений.
</p>
<p>Arozzi Sfera имеет продуманную и удобную конструкцию, которая обеспечивает комфортную запись в любых условиях. Диаметр микрофона составляет 90 мм, а регулируемая подставка может выдвигаться по высоте до 180 мм. Корпус микрофона, как и подставка изготовлены из прочного пластика, которые также исключают влияние вибраций на качество звука.
</p>
<p>Arozzi Sfera является отличным решением как для стримеров, так и для блогеров или журналистов, которым важен качественный звук в домашних условиях. Микрофон подключается посредством USB-разъема и может работать как с ПК, так и с игровыми консолями, а также с мобильными устройствами.
</p>
<p><strong>Технические характеристики</strong>
</p>
<ul>
	<li>Тип подключения: проводное</li>
	<li>Производитель: Arozzi</li>
	<li>Тип микрофона: конденсаторный</li>
	<li>Тип направленности: кардиодная</li>
	<li>Бит-рейт: 24 бит</li>
	<li>Частотный диапазон: 50 - 16000 Гц</li>
	<li>Чувствительность: 44 дБ</li>
	<li>Максимальный уровень шума: 120 дБ</li>
	<li>Интерфейс подключения: USB</li>
	<li>Размеры микрофона: 90 х 90 х 90 мм</li>
	<li>Высота подставки: 180 мм</li>
	<li>Вес: 0.48 кг</li>
</ul>",Китай,,20,4170,5290.00,4790,4790,20,Купить Микрофон для стримеров Arozzi Sfera Microphone - White(sfera-white) по лучшей цене с доставкой в интернет-магазине esportshop.ru,"Микрофон для стримеров Arozzi Sfera Microphone - White ➤ характеристики, фото. Достоинства и недостатки модели - в отзывах покупателей, видео и обсуждениях. Скидки и акции. Большой ассортимент. Магазин настоящего кибератлета - esportshop.ru",
Arozzi,SFERA-PRO-BLACK/1.jpg#{[ru]:Микрофон для стримеров Arozzi Sfera Pro Microphone - Black;}///SFERA-PRO-BLACK/2.jpg#{[ru]:Микрофон для стримеров Arozzi Sfera Pro Microphone - Black;}///SFERA-PRO-BLACK/3.jpg#{[ru]:Микрофон для стримеров Arozzi Sfera Pro Microphone - Black;}///SFERA-PRO-BLACK/4.jpg#{[ru]:Микрофон для стримеров Arozzi Sfera Pro Microphone - Black;},Микрофоны///Arozzi,Микрофон для стримеров Arozzi Sfera Pro Microphone - Black,SFERA-PRO-BLACK,SFERA-PRO-BLACK,"<p><strong>Микрофон для стримеров Arozzi Sfera Pro Microphone </strong>
</p>
<p>Arozzi представляет Вашему вниманию новую категорию USB микрофонов, специально оптимизированных для стримеров, журналистов и всех кому необходима качественная запись звука в домашних условиях. Sfera Pro – микрофоны с высококачественной передачей звука — во время игровых баталий, и записью на свой компьютер, консоль или телефон.
</p>
<p>Sfera Pro использует высококачественную конденсаторную капсулу, которая сделана по последним технологиям, плюс ко всему уникальный USB разъём специально изготовленный для этой линейки микрофонов, так что для продвинутого использования ни чего дополнительного не требуется.
</p>
<p>Arozzi Sfera Pro представляет собой удобный микрофон с USB-интерфейсом, который позволит проводить стримы, а также записывать звук на различные платформы. В отличие от стандартной модели в данном микрофоне используется две конденсаторные капсулы, а также имеется разъем для наушников и регулятор громкости. Кроме того, данная версия оснащена кнопкой отключения микрофона.
</p>
<p>Arozzi Sfera Pro имеет продуманную и удобную конструкцию, которая обеспечивает комфортную запись в любых условиях. Диаметр микрофона составляет 95 мм, а регулируемая подставка может выдвигаться по высоте до 180 мм. Корпус микрофона, как и подставка изготовлены из прочного пластика, которые также исключают влияние вибраций на качество звука.
</p>
<p>Arozzi Sfera Pro является отличным решением как для стримеров, так и для блогеров или журналистов, которым важен качественный звук в домашних условиях. Микрофон подключается посредством USB-разъема и может работать как с ПК, так и с игровыми консолями, а также с мобильными устройствами.
</p>
<p><strong>Технические характеристики</strong>
</p>
<ul>
	<li>Тип: микрофон</li>
	<li>Тип подключения: проводное</li>
	<li>Производитель: Arozzi</li>
	<li>Тип микрофона: конденсаторный</li>
	<li>Тип направленности: кардиодная, кардиоидная -10 дБ, однонаправленная</li>
	<li>Бит-рейт: 24 бит</li>
	<li>Частотный диапазон: 50 - 16000 Гц</li>
	<li>Чувствительность: 44 дБ</li>
	<li>Максимальный уровень шума: 120 дБ</li>
	<li>Интерфейс подключения: USB</li>
	<li>Подключение наушников: есть, mini-jack 3.5 mm</li>
	<li>Размеры микрофона: 95 х 95 х 95 мм</li>
	<li>Высота подставки: 180 мм</li>
	<li>Вес: 0.4 кг</li>
</ul>",Китай,,20,5910,7490.00,6790,6790,20,Купить Микрофон для стримеров Arozzi Sfera Pro Microphone - Black(sfera-pro-black) по лучшей цене с доставкой в интернет-магазине esportshop.ru,"Микрофон для стримеров Arozzi Sfera Pro Microphone - Black ➤ характеристики, фото. Достоинства и недостатки модели - в отзывах покупателей, видео и обсуждениях. Скидки и акции. Большой ассортимент. Магазин настоящего кибератлета - esportshop.ru",
Arozzi,SFERA-PRO-SILVER/1.jpg#{[ru]:Микрофон для стримеров Arozzi Sfera Pro Microphone - Silver;}///SFERA-PRO-SILVER/2.jpg#{[ru]:Микрофон для стримеров Arozzi Sfera Pro Microphone - Silver;}///SFERA-PRO-SILVER/3.jpg#{[ru]:Микрофон для стримеров Arozzi Sfera Pro Microphone - Silver;}///SFERA-PRO-SILVER/4.jpg#{[ru]:Микрофон для стримеров Arozzi Sfera Pro Microphone - Silver;},Микрофоны///Arozzi,Микрофон для стримеров Arozzi Sfera Pro Microphone - Silver,SFERA-PRO-SILVER,SFERA-PRO-SILVER,"<p><strong>Микрофон для стримеров Arozzi Sfera Pro Microphone </strong>
</p>
<p>Arozzi представляет Вашему вниманию новую категорию USB микрофонов, специально оптимизированных для стримеров, журналистов и всех кому необходима качественная запись звука в домашних условиях. Sfera Pro – микрофоны с высококачественной передачей звука — во время игровых баталий, и записью на свой компьютер, консоль или телефон.
</p>
<p>Sfera Pro использует высококачественную конденсаторную капсулу, которая сделана по последним технологиям, плюс ко всему уникальный USB разъём специально изготовленный для этой линейки микрофонов, так что для продвинутого использования ни чего дополнительного не требуется.
</p>
<p>Arozzi Sfera Pro представляет собой удобный микрофон с USB-интерфейсом, который позволит проводить стримы, а также записывать звук на различные платформы. В отличие от стандартной модели в данном микрофоне используется две конденсаторные капсулы, а также имеется разъем для наушников и регулятор громкости. Кроме того, данная версия оснащена кнопкой отключения микрофона.
</p>
<p>Arozzi Sfera Pro имеет продуманную и удобную конструкцию, которая обеспечивает комфортную запись в любых условиях. Диаметр микрофона составляет 95 мм, а регулируемая подставка может выдвигаться по высоте до 180 мм. Корпус микрофона, как и подставка изготовлены из прочного пластика, которые также исключают влияние вибраций на качество звука.
</p>
<p>Arozzi Sfera Pro является отличным решением как для стримеров, так и для блогеров или журналистов, которым важен качественный звук в домашних условиях. Микрофон подключается посредством USB-разъема и может работать как с ПК, так и с игровыми консолями, а также с мобильными устройствами.
</p>
<p><strong>Технические характеристики</strong>
</p>
<ul>
	<li>Тип: микрофон</li>
	<li>Тип подключения: проводное</li>
	<li>Производитель: Arozzi</li>
	<li>Тип микрофона: конденсаторный</li>
	<li>Тип направленности: кардиодная, кардиоидная -10 дБ, однонаправленная</li>
	<li>Бит-рейт: 24 бит</li>
	<li>Частотный диапазон: 50 - 16000 Гц</li>
	<li>Чувствительность: 44 дБ</li>
	<li>Максимальный уровень шума: 120 дБ</li>
	<li>Интерфейс подключения: USB</li>
	<li>Подключение наушников: есть, mini-jack 3.5 mm</li>
	<li>Размеры микрофона: 95 х 95 х 95 мм</li>
	<li>Высота подставки: 180 мм</li>
	<li>Вес: 0.4 кг</li>
</ul>",Китай,,,,,,,,,,
Arozzi,SFERA-PRO-SILVER/1.jpg#{[ru]:Микрофон для стримеров Arozzi Sfera Pro Microphone - Silver;}///SFERA-PRO-SILVER/2.jpg#{[ru]:Микрофон для стримеров Arozzi Sfera Pro Microphone - Silver;}///SFERA-PRO-SILVER/3.jpg#{[ru]:Микрофон для стримеров Arozzi Sfera Pro Microphone - Silver;}///SFERA-PRO-SILVER/4.jpg#{[ru]:Микрофон для стримеров Arozzi Sfera Pro Microphone - Silver;},Микрофоны///Arozzi,Микрофон для стримеров Arozzi Sfera Pro Microphone - Silver,SFERA-PRO-SILVER,SFERA-PRO-SILVER,"<p><strong>Микрофон для стримеров Arozzi Sfera Pro Microphone </strong>
</p>
<p>Arozzi представляет Вашему вниманию новую категорию USB микрофонов, специально оптимизированных для стримеров, журналистов и всех кому необходима качественная запись звука в домашних условиях. Sfera Pro – микрофоны с высококачественной передачей звука — во время игровых баталий, и записью на свой компьютер, консоль или телефон.
</p>
<p>Sfera Pro использует высококачественную конденсаторную капсулу, которая сделана по последним технологиям, плюс ко всему уникальный USB разъём специально изготовленный для этой линейки микрофонов, так что для продвинутого использования ни чего дополнительного не требуется.
</p>
<p>Arozzi Sfera Pro представляет собой удобный микрофон с USB-интерфейсом, который позволит проводить стримы, а также записывать звук на различные платформы. В отличие от стандартной модели в данном микрофоне используется две конденсаторные капсулы, а также имеется разъем для наушников и регулятор громкости. Кроме того, данная версия оснащена кнопкой отключения микрофона.
</p>
<p>Arozzi Sfera Pro имеет продуманную и удобную конструкцию, которая обеспечивает комфортную запись в любых условиях. Диаметр микрофона составляет 95 мм, а регулируемая подставка может выдвигаться по высоте до 180 мм. Корпус микрофона, как и подставка изготовлены из прочного пластика, которые также исключают влияние вибраций на качество звука.
</p>
<p>Arozzi Sfera Pro является отличным решением как для стримеров, так и для блогеров или журналистов, которым важен качественный звук в домашних условиях. Микрофон подключается посредством USB-разъема и может работать как с ПК, так и с игровыми консолями, а также с мобильными устройствами.
</p>
<p><strong>Технические характеристики</strong>
</p>
<ul>
	<li>Тип: микрофон</li>
	<li>Тип подключения: проводное</li>
	<li>Производитель: Arozzi</li>
	<li>Тип микрофона: конденсаторный</li>
	<li>Тип направленности: кардиодная, кардиоидная -10 дБ, однонаправленная</li>
	<li>Бит-рейт: 24 бит</li>
	<li>Частотный диапазон: 50 - 16000 Гц</li>
	<li>Чувствительность: 44 дБ</li>
	<li>Максимальный уровень шума: 120 дБ</li>
	<li>Интерфейс подключения: USB</li>
	<li>Подключение наушников: есть, mini-jack 3.5 mm</li>
	<li>Размеры микрофона: 95 х 95 х 95 мм</li>
	<li>Высота подставки: 180 мм</li>
	<li>Вес: 0.4 кг</li>
</ul>",Китай,,20,5910,7490.00,6790,6790,20,Купить Микрофон для стримеров Arozzi Sfera Pro Microphone - Silver(sfera-pro-silver) по лучшей цене с доставкой в интернет-магазине esportshop.ru,"Микрофон для стримеров Arozzi Sfera Pro Microphone - Silver ➤ характеристики, фото. Достоинства и недостатки модели - в отзывах покупателей, видео и обсуждениях. Скидки и акции. Большой ассортимент. Магазин настоящего кибератлета - esportshop.ru",
