Detailed image,Category,Product Code,Бренд,Название,Описание,Артикул,Тип кресла,Материал обивки,Цвет обивки,Подлокотники,Тип спинки,Откидывание спинки,Допустимая нагрузка (кг),Функция кресла-качалки,Страна производитель,Гарантия,Вес,Weight,ProductCodeToFind,Existance,Diller price,Max price,Shop price,Recommend price,Existance for filters,Page title,Meta description,Meta keywords

ARMOR-TITAN-B/1.jpg#{[ru]:Игровое компьютерное кресло Cougar ARMOR-TITAN-B;}///ARMOR-TITAN-B/2.jpg#{[ru]:Игровое компьютерное кресло Cougar ARMOR-TITAN-B;}///ARMOR-TITAN-B/3.jpg#{[ru]:Игровое компьютерное кресло Cougar ARMOR-TITAN-B;}///ARMOR-TITAN-B/4.jpg#{[ru]:Игровое компьютерное кресло Cougar ARMOR-TITAN-B;},Кресла для геймеров///Кресла Cougar,ARMOR-TITAN-B,Cougar,Игровое компьютерное кресло Cougar ARMOR-TITAN-B,"Кресло геймерское Cougar ARMOR [black]. ""Cougar Armor - настоящий игровой """"трон"""" с мощной броней, для любителей поиграть в комфорте!
Непревзойденный комфорт
Регулируемый подлокотник 4D
Механизм качания с функцией блокировки
Раскладывание спинки на 170°
Откидывание спинки с возможностью блокировки
Удобное широкое сиденье с регулировкой высоты
Броня COUGAR - идеальное место для игроков профессионального уровня. Этот игровой стул - полностью регулируемый трон, который удовлетворит самых требовательных геймеров.
Пподдержка веса до 160 кг, множество настроек и высококлассные материалы. ARMOR TITAN - это то, что вам нужно!",ARMOR-TITAN-B,Игровое,Дышащая эко-кожа,Черный,4D,Высокая,до 170 градусов,до 160 кг,Есть,Китай,12 месяцев,,,TITAN [B],30,23992,29990,27590,27590,30,Купить Игровое компьютерное кресло Cougar ARMOR-TITAN-B(titan [b]) по лучшей цене с доставкой в интернет-магазине esportshop.ru,"Игровое компьютерное кресло Cougar ARMOR-TITAN-B ➤ характеристики, фото. Достоинства и недостатки модели - в отзывах покупателей, видео и обсуждениях. Скидки и акции. Большой ассортимент. Магазин настоящего кибератлета - esportshop.ru",
ARMOR-TITAN-BO/1.jpg#{[ru]:Игровое компьютерное кресло Cougar ARMOR-TITAN-BO;}///ARMOR-TITAN-BO/2.jpg#{[ru]:Игровое компьютерное кресло Cougar ARMOR-TITAN-BO;}///ARMOR-TITAN-BO/3.jpg#{[ru]:Игровое компьютерное кресло Cougar ARMOR-TITAN-BO;}///ARMOR-TITAN-BO/4.jpg#{[ru]:Игровое компьютерное кресло Cougar ARMOR-TITAN-BO;}///ARMOR-TITAN-BO/5.jpg#{[ru]:Игровое компьютерное кресло Cougar ARMOR-TITAN-BO;},Кресла для геймеров///Кресла Cougar,ARMOR-TITAN-BO,Cougar,Игровое компьютерное кресло Cougar ARMOR-TITAN-BO,"Кресло геймерское Cougar ARMOR [black/orange]. ""Cougar Armor - настоящий игровой """"трон"""" с мощной броней, для любителей поиграть в комфорте!
Непревзойденный комфорт
Регулируемый подлокотник 4D
Механизм качания с функцией блокировки
Раскладывание спинки на 170°
Откидывание спинки с возможностью блокировки
Удобное широкое сиденье с регулировкой высоты
Броня COUGAR - идеальное место для игроков профессионального уровня. Этот игровой стул - полностью регулируемый трон, который удовлетворит самых требовательных геймеров.
Пподдержка веса до 160 кг, множество настроек и высококлассные материалы. ARMOR TITAN - это то, что вам нужно!",ARMOR-TITAN-BO,Игровое,Дышащая эко-кожа,Черный/Оранжевый,4D,Высокая,до 170 градусов,до 160 кг,Есть,Китай,12 месяцев,,,TITAN [BO],20,23992,29990,27590,27590,20,Купить Игровое компьютерное кресло Cougar ARMOR-TITAN-BO(titan [bo]) по лучшей цене с доставкой в интернет-магазине esportshop.ru,"Игровое компьютерное кресло Cougar ARMOR-TITAN-BO ➤ характеристики, фото. Достоинства и недостатки модели - в отзывах покупателей, видео и обсуждениях. Скидки и акции. Большой ассортимент. Магазин настоящего кибератлета - esportshop.ru",
ARMOR One-B/1.jpg#{[ru]:Игровое компьютерное кресло Cougar ARMOR One-B;}///ARMOR One-B/2.jpg#{[ru]:Игровое компьютерное кресло Cougar ARMOR One-B;}///ARMOR One-B/3.jpg#{[ru]:Игровое компьютерное кресло Cougar ARMOR One-B;}///ARMOR One-B/4.jpg#{[ru]:Игровое компьютерное кресло Cougar ARMOR One-B;},Кресла для геймеров///Кресла Cougar,ARMOR One-B,Cougar,Игровое компьютерное кресло Cougar ARMOR One-B,"Компьютерное кресло COUGAR Armor ONE эргономичное и настраиваемое (включая наклон 180 градусов и регулировку по высоте), сидя на нём, вы почувствуете себя первым!
Непревзойденный комфорт
Регулируемый подлокотник 2D
Газлифт 4 класса
Удобное мягкое сиденье с регулировкой высоты
Вы хотите наслаждаться длительными игровыми сессиями в абсолютном комфорте? Тогда Armor ONE - это то, что вам нужно.",ARMOR One-B,Игровое,Дышащая эко-кожа,Черный,2D,Высокая,до 180 градусов,до 120 кг,Есть,Китай,12 месяцев,21 кг,21 кг,ARMOR One-B,20,13492,17990,15510,15510,20,Купить Игровое компьютерное кресло Cougar ARMOR One-B(armor one-b) по лучшей цене с доставкой в интернет-магазине esportshop.ru,"Игровое компьютерное кресло Cougar ARMOR One-B ➤ характеристики, фото. Достоинства и недостатки модели - в отзывах покупателей, видео и обсуждениях. Скидки и акции. Большой ассортимент. Магазин настоящего кибератлета - esportshop.ru",
ARMOR S-B/1.jpg#{[ru]:Игровое компьютерное кресло Cougar ARMOR S-B;}///ARMOR S-B/2.jpg#{[ru]:Игровое компьютерное кресло Cougar ARMOR S-B;}///ARMOR S-B/3.jpg#{[ru]:Игровое компьютерное кресло Cougar ARMOR S-B;}///ARMOR S-B/4.jpg#{[ru]:Игровое компьютерное кресло Cougar ARMOR S-B;}///ARMOR S-B/5.jpg#{[ru]:Игровое компьютерное кресло Cougar ARMOR S-B;}///ARMOR S-B/6.jpg#{[ru]:Игровое компьютерное кресло Cougar ARMOR S-B;},Кресла для геймеров///Кресла Cougar,ARMOR S-B,Cougar,Игровое компьютерное кресло Cougar ARMOR S-B,"Кресло COUGAR Armor S черное создано для тех, кто ищет не только превосходного комфорта, но и набора роскошных функций, переносящих геймерский опыт на новый уровень. 
- Непревзойденный комфорт 
- Регулируемый подлокотник 4D 
- Откидывание спинки с возможностью блокировки 
- Удобное мягкое сиденье с регулировкой высоты 
Превосходная ПВХ кожа, специальная пена с высокой плотностью и уникальный «бриллиантовый» дизайн - это трон для королей онлайн-арен. Высокая «обнимающая» спинка - его высокая задняя спинка буквально «обнимает» вашу поясницу и поддерживает шею, сводя к минимуму напряженность. Дышащая ПВХ-кожа прекрасна на ощупь и пропускает воздух, обеспечивая оптимальную вентиляцию. Две подушки - чтобы обеспечить дополнительную поддержку и комфорт для головы и поясничного отдела. Вы можете настроить высоту сиденья кресла Armor S в точности под ваш рост. Кресло Armor S позволяет зафиксировать спинку в любой позиции от 90º до 180º. При помощи шарообразной ручки, расположенной под сидением кресла Armor S можно увеличивать или уменьшать сопротивление раскачиванию. А при помощи специальной ручки сбоку – полностью блокировать раскачивание. Можно подстроить под разные положения – под локти, предплечья или запястья.",ARMOR S-B,Игровое,Дышащая эко-кожа,Черный,4D,Высокая,до 180 градусов,до 120 кг,Есть,Китай,12 месяцев,21 кг,21 кг,ARMOR S-B,30,17992,23990,20690,20690,30,Купить Игровое компьютерное кресло Cougar ARMOR S-B(armor s-b) по лучшей цене с доставкой в интернет-магазине esportshop.ru,"Игровое компьютерное кресло Cougar ARMOR S-B ➤ характеристики, фото. Достоинства и недостатки модели - в отзывах покупателей, видео и обсуждениях. Скидки и акции. Большой ассортимент. Магазин настоящего кибератлета - esportshop.ru",
ARMOR-B/1.jpg#{[ru]:Игровое компьютерное кресло Cougar ARMOR-B;}///ARMOR-B/2.jpg#{[ru]:Игровое компьютерное кресло Cougar ARMOR-B;}///ARMOR-B/3.jpg#{[ru]:Игровое компьютерное кресло Cougar ARMOR-B;}///ARMOR-B/4.jpg#{[ru]:Игровое компьютерное кресло Cougar ARMOR-B;},Кресла для геймеров///Кресла Cougar,ARMOR-B,Cougar,Игровое компьютерное кресло Cougar ARMOR-B,"Кресло геймерское Cougar ARMOR [black] - это компютерное кресло повышенной комфортности. Cougar Armor - настоящий игровой """"трон"""" с мощной броней!
Непревзойденный комфорт 
Регулируемый подлокотник 4D
Раскладывание спинки на 180°
Откидывание спинки с возможностью блокировки
Удобное мягкое сиденье с регулировкой высоты
Броня COUGAR - идеальное место для игроков профессионального уровня. Это игровое кресло - полностью регулируемый трон, который удовлетворит самых требовательных пользователей.",ARMOR-B,Игровое,Дышащая эко-кожа,Черный,4D,Высокая,до 180 градусов,до 120 кг,Есть,Китай,12 месяцев,"24,6 кг","24,6 кг",ARMOR-B,20,14242,18990,16370,16370,20,Купить Игровое компьютерное кресло Cougar ARMOR-B(armor-b) по лучшей цене с доставкой в интернет-магазине esportshop.ru,"Игровое компьютерное кресло Cougar ARMOR-B ➤ характеристики, фото. Достоинства и недостатки модели - в отзывах покупателей, видео и обсуждениях. Скидки и акции. Большой ассортимент. Магазин настоящего кибератлета - esportshop.ru",
FUSION-B/1.jpg#{[ru]:Игровое компьютерное кресло Cougar FUSION [black];},Кресла для геймеров///Кресла Cougar,FUSION-B,Cougar,Игровое компьютерное кресло Cougar FUSION [black],"Кресло COUGAR серии FUSION может использоваться как с игровыми, так и с профессиональными целями.

Бесшумные, полиуретановые колесики
Механизм ""Топ-ган""
Комбинированная конструкция каркаса
Ультра-длинные мягкие подлокотники
Газлифт 4-го класса
Металлическая крестовина
Колесики 5 см, полиуретан
Цвет: черный
Сконструировано с использованием высоко-качественных материалов в стильном дизайне Cougar.",FUSION-B,Игровое,Дышащая эко-кожа,Черный,,Высокая,,до 120 кг,,Китай,12 месяцев,,,FUSION [B],30,11242,14990,12920,12920,30,Купить Игровое компьютерное кресло Cougar FUSION [black](fusion [b]) по лучшей цене с доставкой в интернет-магазине esportshop.ru,"Игровое компьютерное кресло Cougar FUSION [black] ➤ характеристики, фото. Достоинства и недостатки модели - в отзывах покупателей, видео и обсуждениях. Скидки и акции. Большой ассортимент. Магазин настоящего кибератлета - esportshop.ru",
ARMOR S-BO/1.jpg#{[ru]:Игровое компьютерное кресло Cougar ARMOR S-BO;}///ARMOR S-BO/2.jpg#{[ru]:Игровое компьютерное кресло Cougar ARMOR S-BO;}///ARMOR S-BO/3.jpg#{[ru]:Игровое компьютерное кресло Cougar ARMOR S-BO;}///ARMOR S-BO/4.jpg#{[ru]:Игровое компьютерное кресло Cougar ARMOR S-BO;}///ARMOR S-BO/5.jpg#{[ru]:Игровое компьютерное кресло Cougar ARMOR S-BO;},Кресла для геймеров///Кресла Cougar,ARMOR S-BO,Cougar,Игровое компьютерное кресло Cougar ARMOR S-BO,"Кресло COUGAR Armor S создано для тех, кто ищет не только превосходного комфорта, но и набора роскошных функций, переносящих геймерский опыт на новый уровень. 
- Непревзойденный комфорт 
- Регулируемый подлокотник 4D 
- Откидывание спинки с возможностью блокировки 
- Удобное мягкое сиденье с регулировкой высоты 
Превосходная ПВХ кожа, специальная пена с высокой плотностью и уникальный «бриллиантовый» дизайн - это трон для королей онлайн-арен. Высокая «обнимающая» спинка - его высокая задняя спинка буквально «обнимает» вашу поясницу и поддерживает шею, сводя к минимуму напряженность. Дышащая ПВХ-кожа прекрасна на ощупь и пропускает воздух, обеспечивая оптимальную вентиляцию. Две подушки - чтобы обеспечить дополнительную поддержку и комфорт для головы и поясничного отдела. Вы можете настроить высоту сиденья кресла Armor S в точности под ваш рост. Кресло Armor S позволяет зафиксировать спинку в любой позиции от 90º до 180º. При помощи шарообразной ручки, расположенной под сидением кресла Armor S можно увеличивать или уменьшать сопротивление раскачиванию. А при помощи специальной ручки сбоку – полностью блокировать раскачивание. Можно подстроить под разные положения – под локти, предплечья или запястья.",ARMOR S-BO,Игровое,Дышащая эко-кожа,Черный/Оранжевый,4D,Высокая,до 180 градусов,до 120 кг,Есть,Китай,12 месяцев,21 кг,21 кг,ARMOR S-BO,30,17992,23990,20690,20690,30,Купить Игровое компьютерное кресло Cougar ARMOR S-BO(armor s-bo) по лучшей цене с доставкой в интернет-магазине esportshop.ru,"Игровое компьютерное кресло Cougar ARMOR S-BO ➤ характеристики, фото. Достоинства и недостатки модели - в отзывах покупателей, видео и обсуждениях. Скидки и акции. Большой ассортимент. Магазин настоящего кибератлета - esportshop.ru",
FUSION-BO/1.jpg#{[ru]:Игровое компьютерное кресло Cougar FUSION [orange];},Кресла для геймеров///Кресла Cougar,FUSION-BO,Cougar,Игровое компьютерное кресло Cougar FUSION [orange],"Кресло COUGAR серии FUSION может использоваться как с игровыми, так и с профессиональными целями.

Бесшумные, полиуретановые колесики
Механизм ""Топ-ган""
Комбинированная конструкция каркаса
Ультра-длинные мягкие подлокотники
Газлифт 4-го класса
Металлическая крестовина
Колесики 5 см, полиуретан
Цвет: черный
Сконструировано с использованием высоко-качественных материалов в стильном дизайне Cougar.",FUSION-BO,Игровое,Дышащая эко-кожа,Черный/Оранжевый,,Высокая,,до 120 кг,,Китай,12 месяцев,,,FUSION [O],30,11242,14990,12920,12920,30,Купить Игровое компьютерное кресло Cougar FUSION [orange](fusion [o]) по лучшей цене с доставкой в интернет-магазине esportshop.ru,"Игровое компьютерное кресло Cougar FUSION [orange] ➤ характеристики, фото. Достоинства и недостатки модели - в отзывах покупателей, видео и обсуждениях. Скидки и акции. Большой ассортимент. Магазин настоящего кибератлета - esportshop.ru",
ARMOR One-BO/1.jpg#{[ru]:Игровое компьютерное кресло Cougar ARMOR One-BO;}///ARMOR One-BO/2.jpg#{[ru]:Игровое компьютерное кресло Cougar ARMOR One-BO;}///ARMOR One-BO/3.jpg#{[ru]:Игровое компьютерное кресло Cougar ARMOR One-BO;}///ARMOR One-BO/4.jpg#{[ru]:Игровое компьютерное кресло Cougar ARMOR One-BO;}///ARMOR One-BO/5.jpg#{[ru]:Игровое компьютерное кресло Cougar ARMOR One-BO;}///ARMOR One-BO/6.jpg#{[ru]:Игровое компьютерное кресло Cougar ARMOR One-BO;}///ARMOR One-BO/7.jpg#{[ru]:Игровое компьютерное кресло Cougar ARMOR One-BO;},Кресла для геймеров///Кресла Cougar,ARMOR One-BO,Cougar,Игровое компьютерное кресло Cougar ARMOR One-BO,"Компьютерное кресло COUGAR Armor ONE эргономичное и настраиваемое (включая наклон 180 градусов и регулировку по высоте), сидя на нём, вы почувствуете себя первым!
Непревзойденный комфорт
Регулируемый подлокотник 2D
Газлифт 4 класса
Удобное мягкое сиденье с регулировкой высоты
Вы хотите наслаждаться длительными игровыми сессиями в абсолютном комфорте? Тогда Armor ONE - это то, что вам нужно.",ARMOR One-BO,Игровое,Дышащая эко-кожа,Черный/Оранжевый,2D,Высокая,до 180 градусов,до 120 кг,Есть,Китай,12 месяцев,21 кг,21 кг,ARMOR One-BO,,,,,,,,,
ARMOR One-BO/1.jpg#{[ru]:Игровое компьютерное кресло Cougar ARMOR One-BO;}///ARMOR One-BO/2.jpg#{[ru]:Игровое компьютерное кресло Cougar ARMOR One-BO;}///ARMOR One-BO/3.jpg#{[ru]:Игровое компьютерное кресло Cougar ARMOR One-BO;}///ARMOR One-BO/4.jpg#{[ru]:Игровое компьютерное кресло Cougar ARMOR One-BO;}///ARMOR One-BO/5.jpg#{[ru]:Игровое компьютерное кресло Cougar ARMOR One-BO;}///ARMOR One-BO/6.jpg#{[ru]:Игровое компьютерное кресло Cougar ARMOR One-BO;}///ARMOR One-BO/7.jpg#{[ru]:Игровое компьютерное кресло Cougar ARMOR One-BO;},Кресла для геймеров///Кресла Cougar,ARMOR One-BO,Cougar,Игровое компьютерное кресло Cougar ARMOR One-BO,"Компьютерное кресло COUGAR Armor ONE эргономичное и настраиваемое (включая наклон 180 градусов и регулировку по высоте), сидя на нём, вы почувствуете себя первым!
Непревзойденный комфорт
Регулируемый подлокотник 2D
Газлифт 4 класса
Удобное мягкое сиденье с регулировкой высоты
Вы хотите наслаждаться длительными игровыми сессиями в абсолютном комфорте? Тогда Armor ONE - это то, что вам нужно.",ARMOR One-BO,Игровое,Дышащая эко-кожа,Черный/Оранжевый,2D,Высокая,до 180 градусов,до 120 кг,Есть,Китай,12 месяцев,21 кг,21 кг,ARMOR One-BO,20,13492,17990,15510,15510,20,Купить Игровое компьютерное кресло Cougar ARMOR One-BO(armor one-bo) по лучшей цене с доставкой в интернет-магазине esportshop.ru,"Игровое компьютерное кресло Cougar ARMOR One-BO ➤ характеристики, фото. Достоинства и недостатки модели - в отзывах покупателей, видео и обсуждениях. Скидки и акции. Большой ассортимент. Магазин настоящего кибератлета - esportshop.ru",
