Бренд,Category,Detailed image,Product code,Название,Артикул,Описание,Тип наушников,Режим работы,Тип звучания,Шумоизоляция,Кол-во динамиков в чашке,Размер динамиков (мм),Частотный диапазон наушников (Гц),Сопротивление (Ом),Чувствительность наушников (Дб),Микрофон,Частотный диапазон микрофона (Гц),Чувствительность микрофона (Дб),Звуковая карта,"Подключение, разъемы",Длина провода,Подсветка,Гарантия,Страна производитель
,,,,,,,,,,,,,,,,,,,,,,,,
Razer,Наушники,RZ12-01730100-R3G1/1.png///RZ12-01730100-R3G1/2.png///RZ12-01730100-R3G1/3.png///RZ12-01730100-R3G1/4.png///RZ12-01730100-R3G1/5.png///RZ12-01730100-R3G1/6.png///RZ12-01730100-R3G1/7.jpg///RZ12-01730100-R3G1/8.jpg///RZ12-01730100-R3G1/9.jpg///RZ12-01730100-R3G1/10.jpg///RZ12-01730100-R3G1/11.jpg,RZ12-01730100-R3G1,Razer Hammerhead V2,RZ12-01730100-R3G1,"Мы качественно поработали над внешним видом новых Razer Hammerhead v2. Обновленный дизайн и плоские кабели порадуют любителей мобильных игр. Вставные наушники мы оснастили большими 10-миллиметровыми динамиками. Они на 20% больше своих предшественников. Звук стал четче, а басы — еще внушительней, чем прежде. 

Три пары сменных накладок разного размера и дополнительные двухсекционные насадки обеспечат комфортную посадку и высокий уровень пассивной шумоизоляции. Где бы вы ни оказались, Razer Hammerhead v2 всегда позволит насладиться любимой музыкой или игрой. 

Большие 10-мм динамики для сверхточной передачи звука
Большие 10-миллиметровые динамики с доработанными внутренними акустическими камерами дают возможность насладиться превосходной точностью звучания и лучшим воспроизведением басов. В новой версии динамики на 20% больше, чем в оригинальных наушниках Razer Hammerhead. Теперь некачественный звук не будет портить удовольствие от игры или любимой музыки.

Новый дизайн и плоские кабели для прочности в движении
Наушники Razer Hammerhead v2 — аксессуар, который впишется в любой стиль одежды. Уделяя столь высокое внимание дизайну, наши инженеры не забыли о прочности. Качественный корпус, обеспечивающий превосходное звучание, дополнили плоскими кабелями, которые не путаются ни во время использования, ни во время хранения.

Улучшенная пассивная шумоизоляция благодаря двухсекционным насадкам
К наушникам Razer Hammerhead v2 прилагается три пары сменных насадок разного размера, а также дополнительные двухсекционные насадки. Каждый сможет подобрать для себя вариант, обеспечивающий комфортную посадку и нужный уровень шумоизоляции во время игры или прослушивания музыки.

Футляр в комплекте
Для удобства хранения при переноске в комплект входит жесткий футляр.",Затычки,Проводной,Стерео,Закрытые,1,10,20 – 20 000,32,102 ± 3,Нет,,,Нет,"3,5 мм","1,3 м",Нет,2 года,Китай
Razer,Наушники,RZ04-01730100-R3G1/1.png///RZ04-01730100-R3G1/2.png///RZ04-01730100-R3G1/3.png///RZ04-01730100-R3G1/4.png///RZ04-01730100-R3G1/5.png///RZ04-01730100-R3G1/6.png///RZ04-01730100-R3G1/7.jpg///RZ04-01730100-R3G1/8.jpg///RZ04-01730100-R3G1/9.jpg///RZ04-01730100-R3G1/10.jpg///RZ04-01730100-R3G1/11.jpg///RZ04-01730100-R3G1/12.jpg///RZ04-01730100-R3G1/13.jpg///RZ04-01730100-R3G1/14.jpg///RZ04-01730100-R3G1/15.jpg///RZ04-01730100-R3G1/16.jpg///RZ04-01730100-R3G1/17.png///RZ04-01730100-R3G1/18.png,RZ04-01730100-R3G1,Razer Hammerhead Pro V2,RZ04-01730100-R3G1,"Внешний вид гарнитуры Razer Hammerhead Pro заметно изменился, но прочность остается неизменной. Новый дизайн и плоские кабели порадуют поклонников мобильных игр. Вставные наушники мы оснастили 10-миллиметровыми динамиками — они на 20% больше своих предшественников. Звук стал четче, а басы — внушительней. 

В новой версии Razer Hammerhead Pro v2 на встроенном микрофоне появились 3 кнопки управления, функции которых совместимы с устройствами на базе iOS и Android. Три пары насадок разного размера и дополнительные двухсекционные насадки обеспечат нужный уровень шумоизоляции и позволят подобрать комфортную посадку. Пожалуй, новые Razer Hammerhead Pro v2 — самые адаптируемые из наших вставных наушников. 

Большие 10-мм динамики для сверхточной передачи звука
Большие 10-миллиметровые динамики с доработанными внутренними акустическими камерами дают возможность насладиться превосходной точностью звучания и лучшим воспроизведением басов. В новой версии динамики на 20% больше, чем в оригинальных наушниках Razer Hammerhead. Теперь некачественный звук не будет портить удовольствие от игры или любимой музыки.

Новый дизайн и плоские кабели для прочности в движении
Гарнитура Razer Hammerhead Pro v2 — аксессуар, который впишется в любой стиль одежды. Уделяя столь высокое внимание дизайну, наши инженеры не забыли о прочности. Качественный корпус, обеспечивающий превосходное звучание, дополнили плоскими кабелями, которые не путаются ни во время использования, ни во время хранения.

Улучшенная пассивная шумоизоляция благодаря двухсекционным насадкам
К наушникам Razer Hammerhead Pro v2 прилагается 3 пары сменных насадок разного размера, а также дополнительные двухсекционные насадки. Каждый сможет подобрать для себя вариант, обеспечивающий комфортную посадку и нужный уровень шумоизоляции во время игры или прослушивания музыки.

Встроенный микрофон с 3 кнопками для управления устройствами на базе iOS и Android
Компактный встроенный микрофон на гарнитуре Razer Hammerhead Pro v2 оснастили 3 кнопками дистанционного управления. С их помощью вы можете быстро прибавить громкость или ответить на входящий звонок.

Кабель для раздельного подключения аудио и микрофона, и футляр в комплекте
В комплект поставки Razer Hammerhead Pro v2 входит разделительный кабель. Он позволит подключить наушники к устройствам с отдельными разъемами для звука и микрофона. Для удобства хранения при переноске в комплект входит жесткий футляр.",Затычки,Проводной,Стерео,Закрытые,1,10,20 – 20 000,32,102 ± 3,ненаправленный,50 – 10000,-45 ± 3,Нет,"1 х 3,5 мм 4 pin","1,3 м, адаптер-переходник на 3,5 мм 4 pin",Нет,2 года,Китай
Razer,Наушники,RZ04-02420100-R3G1/1.jpg///RZ04-02420100-R3G1/2.jpg///RZ04-02420100-R3G1/3.jpg///RZ04-02420100-R3G1/4.png///RZ04-02420100-R3G1/5.png///RZ04-02420100-R3G1/6.png///RZ04-02420100-R3G1/7.png///RZ04-02420100-R3G1/8.png///RZ04-02420100-R3G1/9.png,RZ04-02420100-R3G1,Razer Hammerhead USB-C,RZ04-02420100-R3G1,"Сокрушительный бас
Качественный феноменальный звук — это то, что нужно каждому. Для получения полного удовлетворения от каждого выстрела и взрыва, когда крушишь врагов, или от дабстепа с супербасами. Наушники Razer Hammerhead USB-C обеспечат потрясающий эффект погружения, где бы вы ни находились.

Просто подключайтесь и наслаждайтесь звуком. Наушники Razer Hammerhead USB-C — это стиль и высокая точность передачи звука ваших устройств с разъемом USB-C. Слушайте качественные басы в пути благодаря увеличенным 10-мм динамикам и индивидуально настраиваемому цифроаналоговому преобразователю (ЦАП) с поддержкой 24-разрядного аудио.

Даже в уличной суете вы сможете полностью погрузиться в мир звука высочайшего качества благодаря шумоизолирующим двухсекционным насадкам. Оцените стиль и чувство полного контроля благодаря алюминиевому корпусу наушников, плоским кабелям и удобному встроенному пульту управления.

Разъем USB-C и индивидуально настроенный ЦАП
Именно такое звучание, каким оно и должно быть. В наушниках Razer Hammerhead USB-C используется индивидуально настроенный ЦАП, который воспроизводит чистый, необработанный звук, поступающий прямо от источника. Вы сможете слушать самый чистый и точный звук, где бы вы ни находились.

10-миллиметровые динамики для сверхточной передачи звука
Все необходимое для суперзвука. Наушники Razer Hammerhead USB-C укомплектованы не стандартными 6-мм, а 10-мм динамиками, которые воспроизводят более громкий и чистый звук. Кроме того, оптимизированные внутренние акустические камеры позволяют получить ясные и глубокие басы без искажений, благодаря чему приятно слушать любую музыку: от дэт-метала до легкого джаза.

Высокопрочный алюминиевый корпус и плоские кабели
Прочный незапутывающийся кабель. Эти наушники в легком, прочном и долговечном алюминиевом корпусе, подключаемые с помощью плоского кабеля, предназначены для использования в пути. К тому же тыльная сторона динамиков намагничена, поэтому их легко сложить, когда они не используются.

Двухсекционные насадки для максимальной пассивной звукоизоляции
Слушайте только то, что нужно. Специально спроектированные двухсекционные насадки естественным образом гарантируют пассивную звукоизоляцию, блокируя все нежелательные шумы. В комплект поставки наушников входят сменные насадки трех размеров, поэтому вы легко подберете наиболее удобный размер.

Встроенный микрофон и регулировка громкости
Контроль на кончиках ваших пальцев. Слушаете ли вы музыку, совершаете видеозвонок или с головой погружаетесь в новую игру, встроенный микрофон и регулировка громкости обеспечат простое и удобное управление.

Индивидуальный чехол для переноски
Портативность для удобства. Защита и аккуратность. Удобное хранение наушников обеспечит индивидуальный чехол для переноски. Он имеет корпус повышенной прочности на молнии.",Затычки,Проводной,Стерео,Закрытые,1,10,20 – 20 000,32,102 ± 3,ненаправленный,100-10000 Гц,-42,Нет,USB-C,"1,3 м",Нет,2 года,Китай
Razer,Наушники,RZ04-02090100-R3G1/1.png///RZ04-02090100-R3G1/2.png///RZ04-02090100-R3G1/3.png///RZ04-02090100-R3G1/4.png///RZ04-02090100-R3G1/5.png///RZ04-02090100-R3G1/6.png///RZ04-02090100-R3G1/7.png///RZ04-02090100-R3G1/8.png///RZ04-02090100-R3G1/9.png///RZ04-02090100-R3G1/10.png,RZ04-02090100-R3G1,Razer Hammerhead for iOS (Apple Lightning Connector),RZ04-02090100-R3G1,"Наушники Razer Hammerhead for iOS обеспечивают превосходную точность звуковоспроизведения благодаря сверхкрупным 10-миллиметровым динамикам и специализированному цифро-аналоговому преобразователю (ЦАП).

Они позволяют насладиться глубокими басами и превосходной четкостью звука для музыки, игр и всего остального.
Шумоизолирующие двухсекционные насадки позволяют полностью погрузиться в звуковую атмосферу, а пульт управления на проводе обеспечивает полноту контроля. Благодаря алюминиевому корпусу и плоскому кабелю эти внутриканальные наушники поистине сочетают в себе прочность и портативность.

Разъем Lightning и специализированный ЦАП для воспроизведения с высоким разрешением
Опыт компании Razer в создании признанных во всем мире наушников помог разработать специализированный ЦАП, который задействует цифровой выход с разъема Apple Lightning.
Благодаря этому звук подается напрямую из источника без какой-либо обработки, которую можно встретить в стандартных наушниках с разъемом 3,5 мм, создавая наиболее чистое и точное звучание в любых условиях.

10-миллиметровые динамики для сверхточной передачи звука
Наушники Razer Hammerhead for iOS оснащены 10-миллиметровыми динамиками и оптимизированными внутренними акустическими камерами, для воспроизведения любой вашей музыки, игрового звука и другого содержимого с превосходной четкостью звука и неискаженными глубокими басами.

Специализированное приложение Hammerhead iOS для обеспечения индивидуального звучания
С легкостью настраивайте мощные басы или чистое, четкое звучание благодаря приложению Hammerhead iOS. Можно выбрать предварительно заданные установки эквалайзера или настроить одну из установок для более точной реализации индивидуальных предпочтений. Приложение также позволяет управлять подсветкой наушников. Ее можно включить или выключить, а также выбрать эффект дыхания. Новые прошивки и обновления приложения также предоставляются с помощью этого единого приложения.

Высокопрочный алюминиевый корпус и плоские кабели сочетают прочность и портативность
Данные наушники заключены в легкий, надежный алюминиевый корпус и соединены плоским кабелем, предотвращающим перекручивание. Они поистине сочетают в себе прочность и портативность.
Кроме того, наушники Razer Hammerhead for iOS имеют специальные магниты для их соединения и ношения вокруг шеи, когда они не используются.

Двухсекционные насадки для пассивной звукоизоляции
В наушниках Razer Hammerhead for iOS реализована эффективная пассивная звукоизоляция с использованием специальных двухсекционных насадок, обеспечивающих естественный барьер от внешних шумов. Кроме того, вы в любой момент можете подобрать наиболее удобные насадки, выбрав среди трех прилагаемых размеров.

Пульт управления на проводе для iOS для осуществления мгновенного контроля
С помощью пульта управления на проводе вы сможете легко контролировать воспроизведение музыки и видео, звонки, игры и т. д. Во время разговора встроенный микрофон обеспечит абсолютную четкость звука.",Затычки,Проводной,Стерео,Закрытые,1,10,20 – 20 000,32,102 ± 3,ненаправленный,100-10000 Гц,-42,Нет,Apple Lightning Connector,"1,3 м",Нет,2 года,Китай
Razer,Наушники,RZ04-02090200-R3M1/1.png///RZ04-02090200-R3M1/2.png///RZ04-02090200-R3M1/3.png///RZ04-02090200-R3M1/4.png,RZ04-02090200-R3M1,Razer Hammerhead for iOS Mercury Edition,RZ04-02090200-R3M1,"Наушники Razer Hammerhead for iOS обеспечивают превосходную точность звуковоспроизведения благодаря сверхкрупным 10-миллиметровым динамикам и специализированному цифро-аналоговому преобразователю (ЦАП).

Они позволяют насладиться глубокими басами и превосходной четкостью звука для музыки, игр и всего остального.
Шумоизолирующие двухсекционные насадки позволяют полностью погрузиться в звуковую атмосферу, а пульт управления на проводе обеспечивает полноту контроля. Благодаря алюминиевому корпусу и плоскому кабелю эти внутриканальные наушники поистине сочетают в себе прочность и портативность.

Разъем Lightning и специализированный ЦАП для воспроизведения с высоким разрешением
Опыт компании Razer в создании признанных во всем мире наушников помог разработать специализированный ЦАП, который задействует цифровой выход с разъема Apple Lightning.
Благодаря этому звук подается напрямую из источника без какой-либо обработки, которую можно встретить в стандартных наушниках с разъемом 3,5 мм, создавая наиболее чистое и точное звучание в любых условиях.

10-миллиметровые динамики для сверхточной передачи звука
Наушники Razer Hammerhead for iOS оснащены 10-миллиметровыми динамиками и оптимизированными внутренними акустическими камерами, для воспроизведения любой вашей музыки, игрового звука и другого содержимого с превосходной четкостью звука и неискаженными глубокими басами.

Специализированное приложение Hammerhead iOS для обеспечения индивидуального звучания
С легкостью настраивайте мощные басы или чистое, четкое звучание благодаря приложению Hammerhead iOS. Можно выбрать предварительно заданные установки эквалайзера или настроить одну из установок для более точной реализации индивидуальных предпочтений. Приложение также позволяет управлять подсветкой наушников. Ее можно включить или выключить, а также выбрать эффект дыхания. Новые прошивки и обновления приложения также предоставляются с помощью этого единого приложения.

Высокопрочный алюминиевый корпус и плоские кабели сочетают прочность и портативность
Данные наушники заключены в легкий, надежный алюминиевый корпус и соединены плоским кабелем, предотвращающим перекручивание. Они поистине сочетают в себе прочность и портативность.
Кроме того, наушники Razer Hammerhead for iOS имеют специальные магниты для их соединения и ношения вокруг шеи, когда они не используются.

Двухсекционные насадки для пассивной звукоизоляции
В наушниках Razer Hammerhead for iOS реализована эффективная пассивная звукоизоляция с использованием специальных двухсекционных насадок, обеспечивающих естественный барьер от внешних шумов. Кроме того, вы в любой момент можете подобрать наиболее удобные насадки, выбрав среди трех прилагаемых размеров.

Пульт управления на проводе для iOS для осуществления мгновенного контроля
С помощью пульта управления на проводе вы сможете легко контролировать воспроизведение музыки и видео, звонки, игры и т. д. Во время разговора встроенный микрофон обеспечит абсолютную четкость звука.",Затычки,Проводной,Стерео,Закрытые,1,10,20 – 20 000,32,102 ± 3,ненаправленный,100-10000 Гц,-42,Нет,Apple Lightning Connector,"1,3 м",Нет,2 года,Китай
Razer,Наушники,RZ04-01930100-R3G1/1.jpg///RZ04-01930100-R3G1/2.jpg///RZ04-01930100-R3G1/3.jpg///RZ04-01930100-R3G1/4.jpg///RZ04-01930100-R3G1/5.jpg///RZ04-01930100-R3G1/6.jpg///RZ04-01930100-R3G1/7.jpg///RZ04-01930100-R3G1/8.jpg///RZ04-01930100-R3G1/9.jpg///RZ04-01930100-R3G1/10.jpg///RZ04-01930100-R3G1/11.jpg///RZ04-01930100-R3G1/12.jpg,RZ04-01930100-R3G1,"Razer Hammerhead BT, Bluetooth",RZ04-01930100-R3G1,"Длительное наслаждение чистым звуком без пут с беспроводными вставными наушниками Razer Hammerhead BT. Благодаря вручную настроенным 10-мм динамикам, впечатляющему времени работы аккумулятора, а также совместимому с iOS и Android пульту управления на проводе с микрофоном, вы можете брать с собой эти прочные вставные наушники всюду, куда вас забросит жизнь.

Большие 10-мм динамики для сверхточной передачи звука
В сравнении с традиционными данамиками для наушников в 6 мм, динамики Razer Hammerhead BT значительно больше и позволяют наслаждаться более громким и чистым звуком. Каждый динамик настраивается вручную, обеспечивая характерное звучание, которое вы любите — от глубоких басов в электронных трэках до высоких нот в увертюрах.

До 8 часов непрерывного наслаждения от прослушивания на одной зарядке
Обладая потрясающим временем действия аккумулятора до 8 часов, гарнитура Razer Hammerhead BT обеспечивает длительную бесперебойную высококачественную работу. Теперь вы можете легко и беззаботно провести день, начиная с утренней поездки на работу и заканчивая вечерней пробежкой.

Улучшенная пассивная шумоизоляция благодаря двухсекционным насадкам
К наушникам Razer Hammerhead BT прилагается 3 пары сменных насадок разного размера, а также дополнительные двухсекционные насадки. Каждый сможет подобрать для себя вариант, обеспечивающий комфортную посадку и нужный уровень шумоизоляции во время игры или прослушивания музыки.

Пульт управления на проводе, совместимый с iOS и Android
Когда вы находитесь в движении, важно сохранять контроль над вашим мобильным устройством. У гарнитуры Razer Hammerhead BT имеется пульт управления на проводе, совместимый с iOS и Android, который позволяет легко ответить на звонок или перейти к следующему треку.

Исключительное качество звука благодаря Bluetooth 4.1
В гарнитуру Razer Hammerhead BT встроен Bluetooth® 4.1, который использует обновленный кодек aptX®, так что нет никаких компромиссов к качеству звука. Наслаждайтесь исключительным звуком, без хлопот с кабелями.",Затычки,Проводной,Стерео,Закрытые,1,10,20 – 20 000,32,116 ± 3,ненаправленный,300-3400,-42 ± 3,Нет,Bluetooth,Нет,Зеленая,2 года,Китай
Razer,Наушники,RZ04-01720100-R3R1/1.png///RZ04-01720100-R3R1/2.png///RZ04-01720100-R3R1/3.png///RZ04-01720100-R3R1/4.png///RZ04-01720100-R3R1/5.png///RZ04-01720100-R3R1/6.png,RZ04-01720100-R3R1,Razer Kraken Essential,RZ04-01720100-R3R1,"Гарнитуры серии Razer Kraken уже стали эталонными гарнитурами для геймеров по всему миру. Превосходный звук с мощными басами, удобная конструкция, яркий внешний вид, возможность подключения к мобильным устройствам и ПК, разнообразие комплектаций и подключений – все это удачно воплощено в гарнитурах серии Razer Kraken. 

Новая гарнитура Razer Kraken Essential обладает тем базовым набором характеристик, благодаря которым Razer Kraken и обрела свою колоссальную популярность среди геймеров. Чтобы сделать Razer Kraken Essential доступнее, применена конструкция с поворотным гибким микрофоном без складывания наушников и 32 мм динамики на неодимовых магнитах. Большие мягкие амбушюры и мягкое оголовье обеспечивают максимальный комфорт при самой длительной игре.

Полноразмерная конструкция
Гарнитура Razer Kraken Essential протестирована профессиональными геймерами и спортсменами, чтобы мы могли подобрать оптимальный вес для долгих игровых сессий и максимально комфортного использования ее в дороге.

Превосходная звукоизоляция для игрового звука высочайшего качества
Гарнитура Razer Kraken Essential снабжена динамиками с неодимовыми магнитами, для высококлассного звука с сочными глубокими басами. Закрытая конструкция наушников создает идеальную звукоизоляцию и позволяют полностью сосредоточиться на игре или разговоре, не отвлекаясь на посторонние звуки.

Однонаправленный аналоговый микрофон
Однонаправленный микрофон гарнитуры Razer Kraken Essential передает ваши команды и речь, как будто вы находитесь рядом с вашими друзьями.",Полноразмерные,Проводной,Стерео,Закрытые,1,32,20 – 20 000,24,105 ± 4,Однонаправленный,100-10000,-40 ± 4,Нет,"3,5 мм комбинированный","1,3 м в резиновой оплетке + 1,2 метра, переходник-разветвитель",Нет,2 года,Китай
Razer,Наушники,RZ04-02210100-R3M1/1.png///RZ04-02210100-R3M1/2.png///RZ04-02210100-R3M1/3.png///RZ04-02210100-R3M1/4.png///RZ04-02210100-R3M1/5.png///RZ04-02210100-R3M1/6.png///RZ04-02210100-R3M1/7.png///RZ04-02210100-R3M1/8.png///RZ04-02210100-R3M1/9.png///RZ04-02210100-R3M1/10.png,RZ04-02210100-R3M1,Razer Electra V2,RZ04-02210100-R3M1,"Razer Electra V2 — это гарнитура будет незаменима как во время игры на компьютере или консолях, так и при обычном прослушивании любимых треков с телефона. Razer Electra V2 является необычайно универсальной гарнитурой и оснащена специально настроенными 40-миллиметровыми динамиками, что открывает доступ к широкому спектру возможных развлечений, включая игры и фильмы. 

Благодаря съемному направленному микрофону вы сможете насладиться полным погружением в музыку, когда не требуется отдавать голосовые команды в игре. Удобный и надежный, легкий алюминиевый корпус и амбушюры из превосходной искусственной кожи позволяют Razer Electra V2 сопровождать вас везде. Это идеальная повседневная гарнитура, обеспечивающая заряд энергии в независимости от рода развлечений: от игр до музыки.

Настроенные 40-миллиметровые динамики для ежедневного прослушивания
Razer Electra V2 может похвастаться высококачественными 40-миллиметровыми динамиками особой настройки, которые расширяют звучание высокоточными басами и обеспечивают превосходное сбалансированное качество звука для любых ваших нужд, включая игры и прослушивание музыки.

Цельный алюминиевый корпус для дополнительной прочности
Благодаря гибкому алюминиевому корпусу, обеспечивающему легкость и прочность, гарнитура Razer Electra V2 выдержит любые взлеты и падения. Автоматически регулируемое оголовье позволит носить гарнитуру с комфортом в течение длительного времени.

Виртуальный объемный звук 7.1 для полного погружения
Вдохните жизнь в звуковое окружение благодаря Razer Surround. Это продвинутое программное обеспечение виртуального объемного звука 7.1 позволяет калибровать параметры гарнитуры специально под ваши уши для получения индивидуальных, точных и всесторонних ощущений от объемного звучания.

Элементы управления на гарнитуре и съемный направленный микрофон
Razer Electra V2 — это чрезвычайно универсальная гарнитура, оснащенная удобными элементами управления звуком и съемным направленным микрофоном, который обеспечит необходимую четкость речи во время игр. Снимите микрофон и обеспечьте полную вовлеченность и сосредоточенность при прослушивании любимых музыкальных композиций.

Разъем 3,5 мм для поддержки различных платформ
Razer Electra V2 поставляется с универсальным разъемом 3,5 мм для аудио и микрофона. Это означает, что вы сможете насладиться выдающимся качеством звука и речи при использовании компьютера, Mac, Xbox, PS4 или любого мобильного устройства, оснащенного комбинированным аудиоразъемом 3,5 мм.

Амбушюры из превосходной искусственной кожи для отличной звукоизоляции
Благодаря подвижным амбушюрам из искусственной бархатистой кожи, обеспечивающими идеальную посадку на ваши уши, Razer Electra V2 предоставляет превосходную звукоизоляцию и гарантирует, что вы услышите только то, что нужно вам.",Полноразмерные,Проводной,Виртуальный объемный звук 7.1,Закрытые,1,40,20 – 20000,32 ± 15,105 ± 3 при 1 кГц макс.,Направленный,100-10000,-41 ± 3,Нет,3.5 мм,1.3 м + 1 м переходник,Нет,2 года,Китай
Razer,Наушники,RZ04-02050400-R3M1/1.png///RZ04-02050400-R3M1/2.png///RZ04-02050400-R3M1/3.png///RZ04-02050400-R3M1/4.png///RZ04-02050400-R3M1/5.png,RZ04-02050400-R3M1,"Razer Kraken Pro V2 Oval, Black",RZ04-02050400-R3M1,"Благодаря многолетним испытаниям и обратной связи от геймеров и наших профессиональных киберспортсменов, Razer Kraken Pro эволюционировала. Обновленная гарнитура Razer Kraken V2 оснащена двумя 50-миллиметровыми модифицированными динамиками, они большего размера, чем динамики в гарнитурах Kraken предыдущего поколения, и обладают более широким диапазоном частот. Гарнитура Razer Kraken V2 имеет новый цельный алюминиевый каркас, он прочнее и гибче, чем другие обычно используемые при создании гарнитур материалы. Амбушюры наушников из высококачественной искусственной кожи стали еще больше и мягче. Razer Kraken Pro V2 обладает полностью выдвижным микрофоном, пультом управления громкостью на проводе и кнопкой отключения микрофона, что максимально облегчает ее использование. 

Новая гарнитура Razer Kraken Pro V2 готова к самым жестким сражениям.

50-миллиметровые динамики для баланса внутриигрового звука и общения
Улучшенное воспроизведение звука в гарнитуре Razer Kraken V2 обеспечивается двумя 50-миллиметровыми модифицированными динамиками. Они большего размера, чем динамики в гарнитурах Kraken предыдущего поколения, и обладают более широким диапазоном частот, что поддерживает идеальный баланс между прослушиванием внутриигрового аудио и групповым общением.

Цельная алюминиевая рамка для увеличения срока службы
Гарнитуры Razer Kraken V2 имеют новейшую цельную алюминиевую рамку, которая является более прочной и гибкой, чем другие обычно используемые при создании гарнитур материалы. Было проведено тщательное тестирование на удароустойчивость, изменение формы, добавочный вес, небрежное обращение и многое другое. Результат показал, что гарнитура действительно готова ко всем суровым реалиям профессионального гейминга.

Разработана для обеспечения максимального комфорта и нулевого давления
Дужка была спроектирована таким образом, чтобы сбалансировать распределение веса и уменьшить давление для максимального комфорта во время продолжительной игры. Чаши стали ещё больше, мягче и обеспечивают ещё лучшую изоляцию звука, чем раньше. Если у вас более крупная голова и уши, то обратите вниманеи на модель с овальными амбушюрами Razer Kraken Pro V2 Oval. Также обновленные чаши наушников оснащены особыми встроенными желобами, позволяющими геймерам, которые носят очки, пользоваться гарнитурой, не испытывая дискомфорта после долгой игры.

Пульт управления и полностью выдвижной микрофон
Настраивайте звук в пылу сражений, используя гибкий однонаправленный электретный конденсаторный ECM микрофон, и пульт управления громкостью и микрофоном на проводе. Гибкий телескопический микрофон выдвигается из левой чашки наушников тогда, когда вам он нужен. Вы можете его точно отрегулировать, чтобы добиться кристально четкого звучания.",Полноразмерные,Проводной,Стерео,Закрытые,1,50,12 - 28 000,32,118,Однонаправленный,100-10000,-38 ± 3,Нет,3.5 мм,"1,3 м + 2 м",Нет,2 года,Китай
Razer,Наушники,RZ04-02050600-R3M1/1.png///RZ04-02050600-R3M1/2.png///RZ04-02050600-R3M1/3.png///RZ04-02050600-R3M1/4.png///RZ04-02050600-R3M1/5.png///RZ04-02050600-R3M1/6.png,RZ04-02050600-R3M1,"Razer Kraken Pro V2 Oval, Green",RZ04-02050600-R3M1,"Благодаря многолетним испытаниям и обратной связи от геймеров и наших профессиональных киберспортсменов, Razer Kraken Pro эволюционировала. Обновленная гарнитура Razer Kraken V2 оснащена двумя 50-миллиметровыми модифицированными динамиками, они большего размера, чем динамики в гарнитурах Kraken предыдущего поколения, и обладают более широким диапазоном частот. Гарнитура Razer Kraken V2 имеет новый цельный алюминиевый каркас, он прочнее и гибче, чем другие обычно используемые при создании гарнитур материалы. Амбушюры наушников из высококачественной искусственной кожи стали еще больше и мягче. Razer Kraken Pro V2 обладает полностью выдвижным микрофоном, пультом управления громкостью на проводе и кнопкой отключения микрофона, что максимально облегчает ее использование. 

Новая гарнитура Razer Kraken Pro V2 готова к самым жестким сражениям.

50-миллиметровые динамики для баланса внутриигрового звука и общения
Улучшенное воспроизведение звука в гарнитуре Razer Kraken V2 обеспечивается двумя 50-миллиметровыми модифицированными динамиками. Они большего размера, чем динамики в гарнитурах Kraken предыдущего поколения, и обладают более широким диапазоном частот, что поддерживает идеальный баланс между прослушиванием внутриигрового аудио и групповым общением.

Цельная алюминиевая рамка для увеличения срока службы
Гарнитуры Razer Kraken V2 имеют новейшую цельную алюминиевую рамку, которая является более прочной и гибкой, чем другие обычно используемые при создании гарнитур материалы. Было проведено тщательное тестирование на удароустойчивость, изменение формы, добавочный вес, небрежное обращение и многое другое. Результат показал, что гарнитура действительно готова ко всем суровым реалиям профессионального гейминга.

Разработана для обеспечения максимального комфорта и нулевого давления
Дужка была спроектирована таким образом, чтобы сбалансировать распределение веса и уменьшить давление для максимального комфорта во время продолжительной игры. Чаши стали ещё больше, мягче и обеспечивают ещё лучшую изоляцию звука, чем раньше. Если у вас более крупная голова и уши, то обратите вниманеи на модель с овальными амбушюрами Razer Kraken Pro V2 Oval. Также обновленные чаши наушников оснащены особыми встроенными желобами, позволяющими геймерам, которые носят очки, пользоваться гарнитурой, не испытывая дискомфорта после долгой игры.

Пульт управления и полностью выдвижной микрофон
Настраивайте звук в пылу сражений, используя гибкий однонаправленный электретный конденсаторный ECM микрофон, и пульт управления громкостью и микрофоном на проводе. Гибкий телескопический микрофон выдвигается из левой чашки наушников тогда, когда вам он нужен. Вы можете его точно отрегулировать, чтобы добиться кристально четкого звучания.",Полноразмерные,Проводной,Стерео,Закрытые,1,50,12 - 28 000,32,118,Однонаправленный,100-10000,-38 ± 3,Нет,3.5 мм,"1,3 м + 2 м",Нет,2 года,Китай
Razer,Наушники,RZ04-02050500-R3M1/1.png///RZ04-02050500-R3M1/2.png///RZ04-02050500-R3M1/3.png///RZ04-02050500-R3M1/4.png///RZ04-02050500-R3M1/5.png///RZ04-02050500-R3M1/6.png///RZ04-02050500-R3M1/7.png,RZ04-02050500-R3M1,"Razer Kraken Pro V2 Oval, White",RZ04-02050500-R3M1,"Благодаря многолетним испытаниям и обратной связи от геймеров и наших профессиональных киберспортсменов, Razer Kraken Pro эволюционировала. Обновленная гарнитура Razer Kraken V2 оснащена двумя 50-миллиметровыми модифицированными динамиками, они большего размера, чем динамики в гарнитурах Kraken предыдущего поколения, и обладают более широким диапазоном частот. Гарнитура Razer Kraken V2 имеет новый цельный алюминиевый каркас, он прочнее и гибче, чем другие обычно используемые при создании гарнитур материалы. Амбушюры наушников из высококачественной искусственной кожи стали еще больше и мягче. Razer Kraken Pro V2 обладает полностью выдвижным микрофоном, пультом управления громкостью на проводе и кнопкой отключения микрофона, что максимально облегчает ее использование. 

Новая гарнитура Razer Kraken Pro V2 готова к самым жестким сражениям.

50-миллиметровые динамики для баланса внутриигрового звука и общения
Улучшенное воспроизведение звука в гарнитуре Razer Kraken V2 обеспечивается двумя 50-миллиметровыми модифицированными динамиками. Они большего размера, чем динамики в гарнитурах Kraken предыдущего поколения, и обладают более широким диапазоном частот, что поддерживает идеальный баланс между прослушиванием внутриигрового аудио и групповым общением.

Цельная алюминиевая рамка для увеличения срока службы
Гарнитуры Razer Kraken V2 имеют новейшую цельную алюминиевую рамку, которая является более прочной и гибкой, чем другие обычно используемые при создании гарнитур материалы. Было проведено тщательное тестирование на удароустойчивость, изменение формы, добавочный вес, небрежное обращение и многое другое. Результат показал, что гарнитура действительно готова ко всем суровым реалиям профессионального гейминга.

Разработана для обеспечения максимального комфорта и нулевого давления
Дужка была спроектирована таким образом, чтобы сбалансировать распределение веса и уменьшить давление для максимального комфорта во время продолжительной игры. Чаши стали ещё больше, мягче и обеспечивают ещё лучшую изоляцию звука, чем раньше. Если у вас более крупная голова и уши, то обратите вниманеи на модель с овальными амбушюрами Razer Kraken Pro V2 Oval. Также обновленные чаши наушников оснащены особыми встроенными желобами, позволяющими геймерам, которые носят очки, пользоваться гарнитурой, не испытывая дискомфорта после долгой игры.

Пульт управления и полностью выдвижной микрофон
Настраивайте звук в пылу сражений, используя гибкий однонаправленный электретный конденсаторный ECM микрофон, и пульт управления громкостью и микрофоном на проводе. Гибкий телескопический микрофон выдвигается из левой чашки наушников тогда, когда вам он нужен. Вы можете его точно отрегулировать, чтобы добиться кристально четкого звучания.",Полноразмерные,Проводной,Стерео,Закрытые,1,50,12 - 28 000,32,118,Однонаправленный,100-10000,-38 ± 3,Нет,3.5 мм,"1,3 м + 2 м",Нет,2 года,Китай
Razer,Наушники,RZ04-02350100-R3M1/1.png///RZ04-02350100-R3M1/2.png///RZ04-02350100-R3M1/3.png///RZ04-02350100-R3M1/4.png///RZ04-02350100-R3M1/5.png///RZ04-02350100-R3M1/6.png///RZ04-02350100-R3M1/7.png///RZ04-02350100-R3M1/8.png///RZ04-02350100-R3M1/9.png///RZ04-02350100-R3M1/10.png///RZ04-02350100-R3M1/11.png///RZ04-02350100-R3M1/12.png///RZ04-02350100-R3M1/13.png,RZ04-02350100-R3M1,Razer Thresher Tournament,RZ04-02350100-R3M1,"Гарнитура Razer Thresher Tournament Edition обеспечивает абсолютный комфорт во время многочасовых игр на консоли и ПК. Обшитые искусственной кожей легкие амбушюры из пеноматериала с эффектом памяти принимают уникальную форму головы игрока и формируют естественное уплотнение, которое отсекает отвлекающие факторы. Разработанный специально для применения на соревнованиях выдвижной однонаправленный микрофон принимает только ваш голос и отфильтровывает все нежелательные шумы.

Комфортная игра в течение многих часов
Легкие и мягкие амбушюры из искусственной кожи обеспечивают полный комфорт во время интенсивных игровых марафонов. Они изготовлены из пеноматериала с эффектом памяти, благодаря чему они удобно облегают голову игрока. Это естественное уплотнение обеспечивает оптимальную шумоизоляцию, улучшенное качество звука, а также непревзойденный комфорт.

Всегда идеальное качество звука при голосовой связи
Однонаправленный микрофон ближнего поля был протестирован профессиональными игроками в соревновательной видеоигре, которые подтвердили удивительную четкость звука при голосовой связи. Диаграмма направленности выдвижного микрофона точно настроена на то, чтобы захватывать только ваш голос, поэтому ваши товарищи по команде смогут понимать вас даже в шумных условиях.

Совместимость с Xbox, PlayStation и ПК благодаря 3,5 мм аудиоразъему
Сделайте ее своей рабочей гарнитурой, и вы сможете принимать участие в соревнованиях на любых платформах. Благодаря 3,5 мм аудиоразъему проводная гарнитура Razer Thresher Tournament Edition обеспечивает передачу звука без задержек и совместимость с PlayStation, Xbox, ПК и др.

Кнопки управления микрофоном и регулятор громкости на проводе
Гарнитура Razer Thresher Tournament Edition оснащена пультом управления на проводе, с которым вы сможете регулировать уровень громкости и отключать микрофон без необходимости использования внешних приложений.",Полноразмерные,Проводной,Стерео,Закрытые,1,50,12 - 28 000,32,,Однонаправленный,100-10000,-38 ± 3,Нет,3.5 мм,1.3 м,Нет,2 года,Китай
Razer,Наушники,RZ04-02070100-R3M1/1.jpg///RZ04-02070100-R3M1/2.jpg///RZ04-02070100-R3M1/3.jpg///RZ04-02070100-R3M1/4.jpg///RZ04-02070100-R3M1/5.jpg///RZ04-02070100-R3M1/6.jpg///RZ04-02070100-R3M1/7.jpg///RZ04-02070100-R3M1/8.jpg///RZ04-02070100-R3M1/9.jpg///RZ04-02070100-R3M1/10.jpg///RZ04-02070100-R3M1/11.jpg///RZ04-02070100-R3M1/12.jpg,RZ04-02070100-R3M1,Razer Tiamat 7.1 V2,RZ04-02070100-R3M1,"Хотите услышать грохот в джунглях и воспроизводить самые глубокие басы? Выбирайте Razer Tiamat 2.2 V2!

Эта мощнейшая игровая гарнитура оснащена дополнительными басовыми динамиками в каждой чашке наушников, чтобы максимально прокачать звук в ваших любимых играх.

Кроме того, благодаря программе Razer Surround для создания виртуального объемного звука 7.1, вы услышите каждый шорох вокруг вас с абсолютной четкостью и сможете использовать это для получения тактического преимущества в игре.

Два отдельных сабвуфера для получения глубочайших басов
Уникальная особенность Razer Tiamat 2.2 V2 — не один, а два басовых динамика в каждой чашке наушников, чтобы каждый взрыв или автоматная очередь во время игры чувствовались как удар под дых.
Вы станете ближе к схватке и полностью погрузитесь в игру.

Идеальный комфорт и длительный срок службы для тех, кто проводит за играми много времени
Результатом многих лет эргономических разработок и проверок профессиональными геймерами стала уникальная конструкция оголовья Razer Tiamat 2.2 V2 с оптимальным распределением веса и уменьшенной силой сжатия оголовья. Благодаря амбушюрам из превосходной искусственной кожи вы ощутите настоящий комфорт и отсечете все ненужные звуки.

Система виртуального объемного звука 7.1 для точного позиционирования источников звука
Гарнитура Razer Tiamat 2.2 V2 позволяет погрузиться в виртуальный объемный звук игры и улучшает восприятие ситуации на слух. Вы всегда услышите, где находится враг или друг, чтобы нанести точный удар. Кроме того, объемный звук можно настроить под себя с помощью Razer Synapse, например, отрегулировать оптимальное размещение аудиоканалов под собственные предпочтения.

Поворотный микрофон для кристально чистого звука
Цифровой микрофон Razer Tiamat 2.2 V2 можно опустить вниз или поднять вверх — когда это вам нужно. Этот однонаправленный микрофон точно воспроизводит естественный звук, и ваши друзья услышат ваш голос таким, каким он и должен быть — голосом победителя.

Пульт управления на проводе и разделительный кабель-адаптер
Быстро управляйте громкостью или отключайте микрофон, не открывая элементы управления на компьютере, чтобы полностью сосредоточиться на игре. В комплект входит удлинительный разделительный кабель для настольных компьютеров и ноутбуков с раздельными разъемами для аудио и микрофона.",Полноразмерные,Проводной,Реальный объемный звук 7.1,Закрытые,5,"Сабвуфер:2 x 40 мм, Фронтальные:2 x 30 мм, Задние:2 x 20 мм, Центральные:2 x 30 мм, Боковые:2 x 20 мм",20 - 20 000,"Сабвуфер: 16 Ом. Фронтальные,Задние,Центральные,Боковые: 32 Ом","Сабвуфер:116 ± 3 дБ, Фронтальные:123 ± 3 дБ, Задние:120 ± 3 дБ, Центральные:123 ± 3 дБ, Боковые:120 ± 3 дБ",Однонаправленный,100-10000,-38 ± 3,Нет,5 разъемов 3.5 мм (4 разъема 3.5 мм для аудио и 1 разъем 3.5 мм для микрофона). 1 разъем USB для питания гарнитуры.,"3 метра, защитная оплетка","16,8 млн",2 года,Китай
Razer,Наушники,RZ04-02220100-R3M1/1.png///RZ04-02220100-R3M1/2.png///RZ04-02220100-R3M1/3.png///RZ04-02220100-R3M1/4.png///RZ04-02220100-R3M1/5.png///RZ04-02220100-R3M1/6.png///RZ04-02220100-R3M1/7.png///RZ04-02220100-R3M1/8.png///RZ04-02220100-R3M1/9.png///RZ04-02220100-R3M1/10.png,RZ04-02220100-R3M1,"Razer Electra V2, USB",RZ04-02220100-R3M1,"Великолепный звук — это ключ к успешной игре.
Razer Electra V2 USB — ваш первый шаг на пути к победе вместе с преимуществом Razer. Гарнитура Razer Electra V2 USB спроектирована для обеспечения сбалансированного звучания и содержит 40-миллиметровые динамики, которые настроены особым образом и позволяют воспроизводить точные, четкие басы и кристально чистые верхние частоты. Играйте на новом уровне благодаря виртуальному объемному звуку 7.1, обеспечивающему полное погружение в игровой процесс.

Razer Electra V2 USB оснащена цельным алюминиевым корпусом и амбушюрами из искусственной бархатистой кожи, чтобы обеспечить комфорт на протяжении самых жарких баталий. Ощутите комфорт и могущество благодаря гарнитуре Razer Electra V2 USB, оснащенной 40-миллиметровыми динамиками особой настройки, удобными амбушюрами из искусственной кожи и съемным направленным микрофоном. Испытайте заряженную работу с кристально чистым звуком и глубоким, сильным басом, благодаря которым ваши игры оживут.

Настроенные 40-миллиметровые динамики для ежедневного прослушивания
Razer Electra V2 USB может похвастаться высококачественными 40-миллиметровыми динамиками особой настройки, которые расширяют звучание высокоточными басами и обеспечивают превосходное сбалансированное качество звука для любых ваших нужд, включая игры и прослушивание музыки.

Цельный алюминиевый корпус для дополнительной прочности
Благодаря гибкому алюминиевому корпусу, обеспечивающему легкость и прочность, гарнитура Razer Electra V2 USB выдержит любые взлеты и падения. Автоматически регулируемое оголовье позволит носить гарнитуру с комфортом в течение длительного времени.

Виртуальный объемный звук 7.1 для полного погружения
Вдохните жизнь в звуковое окружение благодаря Razer Surround. Это продвинутое программное обеспечение виртуального объемного звука 7.1 позволяет калибровать параметры гарнитуры специально под ваши уши для получения индивидуальных, точных и всесторонних ощущений от объемного звучания.

Cъёмный направленный микрофон
В комплект Razer Electra V2 USB входит съемный направленный микрофон, обеспечивающий дополнительную универсальность. Подключите его, если вам необходима четкая голосовая связь во время игры, или снимите, чтобы полностью сосредоточиться на прослушивании музыки.

Амбушюры из превосходной искусственной кожи для отличной звукоизоляции
Благодаря подвижным амбушюрам из искусственной бархатистой кожи, обеспечивающими идеальную посадку на ваши уши, Razer Electra V2 USB предоставляет превосходную звукоизоляцию и гарантирует, что вы услышите только то, что нужно вам.

Чаши наушников с подсветкой, управляемые через Razer Synapse
Чаши наушников Razer Electra V2 USB имеют фирменную зеленую подсветку Razer. Благодаря Razer Synapse вы можете индивидуально настроить внешний вид наушников, включая или выключая подсветку.",Полноразмерные,Проводной,Виртуальный объемный звук 7.1,Закрытые,1,40,20 - 20 000,32 ± 15,115 ± 3,Направленный,100-10000,-41 ± 3,Встроенная,USB,2 м,Есть,2 года,Китай
Razer,Наушники,RZ04-02060200-R3M1/1.png///RZ04-02060200-R3M1/2.png///RZ04-02060200-R3M1/3.png///RZ04-02060200-R3M1/4.png///RZ04-02060200-R3M1/5.png///RZ04-02060200-R3M1/6.jpg///RZ04-02060200-R3M1/7.jpg,RZ04-02060200-R3M1,"Razer Kraken 7.1 V2 Oval, USB",RZ04-02060200-R3M1,"Игровая гарнитура Razer Kraken 7.1 V2 с передовой системой формирования виртуального объемного многоканального звука 7.1. Для точного позиционного аудио она оснащена новыми мощными 50 ммдинамиками Razer™ с индивидуальной настройкой. Конструкция закрытого типа с максимальной звукоизоляцией для невероятного реализма звучания с эффектом присутствия выводит процесс игры на новый уровень. Активный MEMS микрофон с подавлением шума обеспечивает непревзойденную чистоту голосовых команд в игре. Оптимизированная форма с оголовьем, выполненным из прочного и легкого алюминия, и съемными амбушюрами* позволяет настраивать желаемый уровень комфорта. 

Система объемного звука 7.1 для точного позиционного аудио
Встроенная передовая система виртуального объемного звука 7.1 позволяет гарнитуре Razer Kraken 7.1 V2 формировать позиционное аудио с идеальной точностью. Настраивайте объемный звук согласно своим предпочтениям с помощью Razer Synapse, чтобы определять местонахождение противника для точного удара и гарантированной победы.

50-миллиметровые динамики для баланса внутриигрового звука и общения
Для формирования эффекта присутствия были разработаны 50 мм динамики Razer™ с индивидуальной настройкой, обеспечивающие непревзойденное звучание. Уникальная звуковая сигнатура этих впечатляющих динамиков воспроизводит кристально чистые высокие тона и грохот басов, которые помещают вас в центр событий.

Легкое алюминиевое оголовье для повышенной прочности
Усовершенствованное оголовье гарнитуры Razer Kraken 7.1 V2, выполненное из алюминия, отличается легким весом и невероятной гибкостью, обеспечивая повышенную износостойкость без потери комфорта, характерного для всей серии продуктов Razer Kraken.

Полностью выдвижной микрофон с активным подавлением шума
Для обеспечения кристально четких коммуникаций гарнитура Razer Kraken 7.1 V2 оснащена полностью выдвижным микрофоном с активным подавлением шума.

Подсветка Razer Chroma с настройкой 16,8 млн. оттенков
В вашем распоряжении целый мир возможностей для исключительной персонализации и выражения собственного стиля с помощью невероятных визуальных эффектов. Настраивайте цветовую палитру и синхронизируйте ее с другими периферийными устройствами, поддерживающими Razer Chroma, чтобы осветить все рабочее место как единое целое.

Разработана для обеспечения максимального комфорта и отсутствия давления
Дужка была спроектирована таким образом, чтобы сбалансировать распределение веса и уменьшить давление для максимального комфорта во время продолжительной игры. Чаши стали ещё больше, амбушюры мягче и обеспечивают ещё лучшую изоляцию звука, чем раньше. Вдобавок ко всему, они могут быть легко заменены на один из наиболее подходящих вам вариантов — круглой или овальной формы*. Также обновленные чаши наушников оснащены особыми встроенными желобами, позволяющими геймерам, которые носят очки, пользоваться гарнитурой, не испытывая дискомфорта после долгой игры.",Полноразмерные,Проводной,Виртуальный объемный звук 7.1,Закрытые,1,50,12 - 28 000,32,118,Однонаправленный,100-10000,-38 ± 3,Встроенная,USB,2 м,"16,8 млн",2 года,Китай
Razer,Наушники,RZ04-02230100-R3M1/1.png///RZ04-02230100-R3M1/2.png///RZ04-02230100-R3M1/3.png///RZ04-02230100-R3M1/4.png///RZ04-02230100-R3M1/5.png///RZ04-02230100-R3M1/6.png///RZ04-02230100-R3M1/7.png///RZ04-02230100-R3M1/8.png///RZ04-02230100-R3M1/9.png///RZ04-02230100-R3M1/10.png,RZ04-02230100-R3M1,Razer Thresher 7.1 PS4,RZ04-02230100-R3M1,"Razer Thresher 7.1 для PlayStation 4 — это полноценное беспроводное аудиорешение. Помимо полного погружения в звук без задержек, эта гарнитура премиум-класса также обеспечивает невероятный комфорт. Амбушюры из искусственной кожи с эффектом памяти идеально располагаются на голове — вы их практически не почувствуете. Встроенные кнопки быстрого управления и выдвижной цифровой микрофон помогут вам мгновенно изменять громкость микрофона и общую громкость даже во время самой жаркой битвы.

Dolby Headphone с объемным звуком 7.1 для превосходного позиционирования
Гарнитура Razer Thresher для PS4 с поддержкой технологии Dolby Headphone воспроизводит невероятно реалистичный звук.
Вы легко сможете определить, где находятся ваши враги, услышите самолеты поддержки, пролетающие над головой, и даже самые тихие звуки с потрясающей четкостью — используйте это, чтобы всегда быть на шаг впереди своих противников.

Беспроводное подключение без задержек и цифровой микрофон
Гарнитура Razer Thresher для PS4 работает без каких-либо задержек на расстоянии до 12 метров. Выдвижной цифровой микрофон позволяет хорошо слышать ваших партнеров по игре, даже если вокруг очень шумно, чтобы ваши команды всегда звучали реалистично и четко.

Легкие амбушюры из искусственной кожи для отличной звукоизоляции 
Легкие и мягкие амбушюры созданы для комфортной игры в течение длительного времени. Они изготовлены из пеноматериала с эффектом памяти и искусственной кожи, благодаря чему они удобно облегают голову игрока. Теперь вы сможете играть много часов подряд без необходимости перерыва на отдых. Удобно использовать с очками благодаря углублениям в пеноматериале для более мягкой посадки на висках",Полноразмерные,Беспроводной,Виртуальный объемный звук 7.1,Закрытые,1,50,12 - 28 000,32,105 ± 2,Направленный,100-10000,-42 ± 2,Внешняя,USB,2м - зарядный кабель,Нет,2 года,Китай
Razer,Наушники,RZ04-02240100-R3M1/1.png///RZ04-02240100-R3M1/2.png///RZ04-02240100-R3M1/3.png///RZ04-02240100-R3M1/4.png///RZ04-02240100-R3M1/5.png///RZ04-02240100-R3M1/6.png///RZ04-02240100-R3M1/7.png///RZ04-02240100-R3M1/8.png,RZ04-02240100-R3M1,Razer Thresher for Xbox One,RZ04-02240100-R3M1,"Razer Thresher для Xbox One — это полноценное беспроводное аудиорешение без адаптеров. Помимо полного погружения в звук без задержек, эта гарнитура премиум-класса также обеспечивает невероятный комфорт. Амбушюры из искусственной кожи с эффектом памяти идеально располагаются на голове — вы их практически не почувствуете. Встроенные кнопки быстрого управления и выдвижной цифровой микрофон помогут вам мгновенно изменять баланс громкости звуков в игре и вашего голоса даже во время самой жаркой битвы.

Простое сверхбыстрое беспроводное подключение напрямую к Xbox One
Гарнитура Razer Thresher для Xbox One работает без использования адаптеров и обеспечивает соединение без задержек на расстоянии до 12 метров. Гарнитура подключается к Xbox One напрямую и обеспечивает интуитивную работу. Больше не требуется возиться с настройкой беспроводного адаптера, который легко потерять.

Windows Sonic для виртуального объемного звука для точного позиционирования звука
Благодаря технологии Windows Sonic гарнитура Razer Thresher для Xbox One обеспечивает новейшую технологию объемного звука от Microsoft. Вы легко сможете определить, где находятся ваши враги, услышите самолеты поддержки, пролетающие над головой, и даже самые тихие звуки с потрясающей четкостью — используйте это, чтобы всегда быть на шаг впереди своих противников.

Легкие амбушюры из искусственной кожи для отличной звукоизоляции
Легкие и мягкие амбушюры созданы для комфортной игры в течение длительного времени. Они изготовлены из пеноматериала с эффектом памяти и искусственной кожи, благодаря чему они удобно облегают голову игрока.
Теперь вы сможете играть много часов подряд без необходимости перерыва на отдых.",Полноразмерные,Беспроводной,Виртуальный объемный звук 7.1,Закрытые,1,50,12 - 28 000,32,105 ± 2,Направленный,100-10000,-42 ± 2,Внешняя,USB,,Нет,2 года,Китай
Razer,Наушники,RZ04-01590100-R3G1/1.png///RZ04-01590100-R3G1/2.png///RZ04-01590100-R3G1/3.png///RZ04-01590100-R3G1/4.png///RZ04-01590100-R3G1/5.png///RZ04-01590100-R3G1/6.png///RZ04-01590100-R3G1/7.png///RZ04-01590100-R3G1/8.png///RZ04-01590100-R3G1/9.png///RZ04-01590100-R3G1/10.png///RZ04-01590100-R3G1/11.png///RZ04-01590100-R3G1/12.png///RZ04-01590100-R3G1/13.png///RZ04-01590100-R3G1/14.png,RZ04-01590100-R3G1,Razer Thresher Ultimate for PlayStation 4,RZ04-01590100-R3G1,"Представляем уникальную беспроводную игровую гарнитуру с поддержкой технологий Dolby Digital и Dolby Headphone — Razer Thresher Ultimate для PlayStation 4. Помимо полного погружения в звук без задержек, эта гарнитура премиум-класса также обеспечивает невероятный комфорт. Амбушюры из искусственной кожи с эффектом памяти идеально располагаются на голове — вы их практически не почувствуете. Встроенные кнопки быстрого управления и выдвижной цифровой микрофон помогут вам мгновенно изменять баланс громкости звуков в игре и вашего голоса даже во время самой жаркой битвы.

Dolby Headphone с объемным звуком 7.1 для полного погружения в игру
Гарнитура Razer Thresher Ultimate для PlayStation 4 с поддержкой технологии Dolby Headphone воспроизводит невероятно реалистичный звук. Вы легко сможете определить, где находятся ваши враги, услышите самолеты поддержки, пролетающие над головой, и даже самые тихие звуки с потрясающей четкостью — используйте это, чтобы всегда быть на шаг впереди своих противников.

Беспроводное подключение без задержек и цифровой микрофон для кристально чистого общения
Гарнитура Razer Thresher Ultimate for PlayStation 4 работает без каких-либо задержек на расстоянии до 12 метров. Выдвижной цифровой микрофон позволяет хорошо слышать ваших партнеров по игре, даже если вокруг очень шумно, чтобы ваши команды всегда звучали реалистично и четко.

Легкие амбушюры из искусственной кожи для длительного комфортного использования
Легкие и мягкие амбушюры созданы для комфортной игры в течение длительного времени. Они изготовлены из пеноматериала с эффектом памяти и искусственной кожи, благодаря чему они удобно облегают голову игрока. Теперь вы сможете играть много часов подряд без необходимости перерыва на отдых.

Кнопки управления микрофоном и регуляторы громкости на гарнитуре
Благодаря кнопкам управления на наушнике гарнитуры Razer Thresher Ultimate for PlayStation 4 вы без труда получаете полный контроль над ситуацией. Корректируйте уровень громкости микрофона и наушников и отключайте звук микрофона, не обращаясь к настройкам на экране и не отвлекаясь от своих целей.

Гибкий выдвижной микрофон
В левом наушнике гарнитуры скрыт выдвижной однонаправленный микрофон, который легко выдвигается при необходимости и занимает удобное вам положение. Микрофон гарнитуры Razer Thresher Ultimate for PlayStation 4 оснащен светодиодным индикатором включения и отключения звука, чтобы вы всегда знали, когда вы в эфире.

50-миллиметровые динамики для баланса внутриигрового звука и общения
Гарнитура Razer Thresher Ultimate for PlayStation 4 обеспечивает реалистичное звучание игры благодаря большим 50-миллиметровым динамикам с индивидуальной настройкой. Закрытая конструкция наушников и мягкие амбушюры из искусственной кожи гарантируют качественную шумоизоляцию. Вы сможете уделять все внимание игре, не отвлекаясь на посторонние звуки.",Полноразмерные,Беспроводной,Виртуальный объемный звук 7.1,Закрытые,1,50,12 - 28 000,32,105 ± 2,Направленный,100-10000,-42 ± 2,Внешняя,USB,2м - зарядный кабель,Нет,2 года,Китай
Razer,Наушники,RZ04-01480100-R3G1/1.png///RZ04-01480100-R3G1/2.png///RZ04-01480100-R3G1/3.png///RZ04-01480100-R3G1/4.png///RZ04-01480100-R3G1/5.png///RZ04-01480100-R3G1/6.png///RZ04-01480100-R3G1/7.png///RZ04-01480100-R3G1/8.png///RZ04-01480100-R3G1/9.png///RZ04-01480100-R3G1/10.png///RZ04-01480100-R3G1/11.png///RZ04-01480100-R3G1/12.png///RZ04-01480100-R3G1/13.png///RZ04-01480100-R3G1/14.png,RZ04-01480100-R3G1,Razer Thresher Ultimate for Xbox One,RZ04-01480100-R3G1,"Представляем уникальную беспроводную игровую гарнитуру с поддержкой технологий Dolby Digital и Dolby Headphone - Razer Thresher Ultimate для Xbox One. Помимо полного погружения в звук без задержек, эта гарнитура премиум-класса также обеспечивает невероятный комфорт. Амбушюры из искусственной кожи с эффектом памяти идеально располагаются на голове - вы их практически не почувствуете. Встроенные кнопки быстрого управления и выдвижной цифровой микрофон помогут вам мгновенно изменять баланс громкости звуков в игре и вашего голоса даже во время самой жаркой битвы. 

Dolby Headphone с объемным звуком 7.1 для полного погружения в игру
Гарнитура Razer Thresher Ultimate для Xbox One с поддержкой технологии Dolby Headphone воспроизводит невероятно реалистичный звук. Вы легко сможете определить, где находятся ваши враги, услышите самолеты поддержки, пролетающие над головой, и даже самые тихие звуки с потрясающей четкостью — используйте это, чтобы всегда быть на шаг впереди своих противников.

Беспроводное подключение без задержек и цифровой микрофон для кристально чистого общения
Гарнитура Razer Thresher Ultimate for Xbox One работает без каких-либо задержек на расстоянии до 12 метров. Выдвижной цифровой микрофон позволяет хорошо слышать ваших партнеров по игре, даже если вокруг очень шумно, чтобы ваши команды всегда звучали реалистично и четко.

Легкие амбушюры из искусственной кожи для длительного комфортного использования
Легкие и мягкие амбушюры созданы для комфортной игры в течение длительного времени. Они изготовлены из пеноматериала с эффектом памяти и искусственной кожи, благодаря чему они удобно облегают голову игрока. Теперь вы сможете играть много часов подряд без необходимости перерыва на отдых.

Кнопки управления микрофоном и регуляторы громкости на гарнитуре
Благодаря кнопкам управления на наушнике гарнитуры Razer Thresher Ultimate for Xbox One вы без труда получаете полный контроль над ситуацией. Корректируйте уровень громкости микрофона и наушников и отключайте звук микрофона, не обращаясь к настройкам на экране и не отвлекаясь от своих целей.

Гибкий выдвижной микрофон
В левом наушнике гарнитуры скрыт выдвижной однонаправленный микрофон, который легко выдвигается при необходимости и занимает удобное вам положение. Микрофон гарнитуры Razer Thresher Ultimate for Xbox One оснащен светодиодным индикатором включения и отключения звука, чтобы вы всегда знали, когда вы в эфире.

50-миллиметровые динамики для баланса внутриигрового звука и общения
Гарнитура Razer Thresher Ultimate for Xbox One обеспечивает реалистичное звучание игры благодаря большим 50-миллиметровым динамикам с индивидуальной настройкой. Закрытая конструкция наушников и мягкие амбушюры из искусственной кожи гарантируют качественную шумоизоляцию. Вы сможете уделять все внимание игре, не отвлекаясь на посторонние звуки.",Полноразмерные,Беспроводной,Виртуальный объемный звук 7.1,Закрытые,1,50,12 - 28 000,32,105 ± 2,Направленный,100-10000,-42 ± 2,Внешняя,USB,,Нет,2 года,Китай
Razer,Наушники,RZ04-01490100-R3G1/1.png///RZ04-01490100-R3G1/2.png///RZ04-01490100-R3G1/3.png///RZ04-01490100-R3G1/4.png///RZ04-01490100-R3G1/5.png///RZ04-01490100-R3G1/6.png,RZ04-01490100-R3G1,Razer ManO'War,RZ04-01490100-R3G1,"Погрузитесь в игру без ограничения свободы с помощью беспроводной игровой гарнитуры для ПК Razer ManO’War с беспроводной технологией игрового уровня без задержек на частоте 2.4 ГГц. Получите способность слышать каждый шорох, распознавать любое положение противника благодаря высококачественным неодимовым 50 мм динамикам и системе объемного звука формата 7.1 с эффектом присутствия.

Гарнитура Razer ManO’War способна обеспечивать до 7 дней* беспроводной игры (16 часов непрерывной игры после однократной зарядки). Вам не придется искать компромиссы в процессе обмена критической информацией с товарищами по команде, поскольку в вашем распоряжении выдвижной цифровой микрофон и кнопки управления на наушниках. Гарнитура Razer ManO’War с поддержкой 16,8 млн настраиваемых цветов Chroma разработана с единственной целью – свобода движения, точность в игре.
* – Исходя из среднего времени игры 2 часа в день. 

Передача аудио в беспроводном режиме без задержек
Гарнитура Razer ManO’War обеспечивает высококачественное воспроизведения звука игрового уровня с беспроводной технологией без задержек на частоте 2.4 ГГц на дистанции до 12+2 м. Просто подключите сверхкомпактный беспроводной USB-адаптер или док-станцию для увеличения дистанции работы до 14 м.

Виртуальный объемный звук формата 7.1 для высокой точности*
Благодаря мощному движку Razer Surround, системе объемного звучания в формате 7.1 и высококачественным 50-мм неодимовым динамикам гарнитура Razer ManO’War оживляет поле боя вокруг вас. Воспользуйтесь всеми возможностями функции калибровки положения позиционированного звука, чтобы с невероятной точностью определять местонахождение противника и нападать первым.
* – Программное обеспечение Razer Surround Pro включено в комплект.

7 дней беспроводной игры без подзарядки*
Вы можете вести трансляцию в прямом эфире, смотреть кино или участвовать в игровом марафоне, и гарнитура Razer ManO’War обеспечит вам невероятные 7 дней работы в беспроводном режиме (16 часов непрерывной игры после однократной зарядки). Теперь, вместо того чтобы беспокоиться по поводу ограниченного срока службы аккумулятора, вы можете сконцентрировать все внимание на своей миссии.
* – Исходя из среднего времени игры 2 часа в день.

Выдвижной цифровой микрофон для непревзойденной чистоты звучания
В левом наушнике гарнитуры скрыт выдвижной однонаправленный цифровой микрофон, который легко выдвигается при необходимости и занимает удобное вам положение. Цифровой микрофон гарнитуры Razer ManO’War с оптимизированным алгоритмом более натуральной передачи звука и кристально чистого воспроизведения речи превосходит возможности традиционных аналоговых микрофонов. Гарнитура также оснащена светодиодным индикатором включения и отключения звука на выдвижном микрофоне, чтобы вы всегда знали, когда вы в эфире.

Кнопки управления на наушнике для настройки звука «на лету»
Благодаря кнопкам управления на наушнике гарнитуры Razer ManO’War вы без труда получаете полный контроль над ситуацией. Корректируйте уровень громкости микрофона и наушников и отключайте звук микрофона, не обращаясь к настройкам на экране и не отвлекаясь от своих целей.

Подсветка Chroma с настройкой 16,8 млн. вариантов цветов
Гарнитура Razer Kraken 7.1 Chroma дает вам свободу самовыражения с неограниченными возможностями индивидуальной настройки. Благодаря Razer Synapse наушники Razer Kraken 7.1 Chroma становятся средством выражения собственной индивидуальности через уникальную палитру цветов и готовых шаблонов подсветки.",Полноразмерные,Беспроводной,Виртуальный объемный звук 7.1,Виртуальный объемный звук 7.1,1,50,20 - 20 000,32,112 ± 3,Однонаправленный,100-10000,-38 ± 3,Встроенная,USB,Дальность работы: до 12 метров,"16,8 млн",2 года,Китай
Razer,Наушники,RZ04-02050900-R3M1/1.png///RZ04-02050900-R3M1/2.png///RZ04-02050900-R3M1/3.png///RZ04-02050900-R3M1/4.png///RZ04-02050900-R3M1/5.png///RZ04-02050900-R3M1/6.png,RZ04-02050900-R3M1,Razer Kraken Pro V2 Quartz Edition,RZ04-02050900-R3M1,"Благодаря многолетним испытаниям и обратной связи от геймеров и наших профессиональных киберспортсменов, Razer Kraken Pro эволюционировала. Обновленная гарнитура Razer Kraken V2 оснащена двумя 50-миллиметровыми модифицированными динамиками, они большего размера, чем динамики в гарнитурах Kraken предыдущего поколения, и обладают более широким диапазоном частот. Гарнитура Razer Kraken V2 имеет новый цельный алюминиевый каркас, он прочнее и гибче, чем другие обычно используемые при создании гарнитур материалы. Амбушюры наушников из высококачественной искусственной кожи стали еще больше и мягче. Razer Kraken Pro V2 обладает полностью выдвижным микрофоном, пультом управления громкостью на проводе и кнопкой отключения микрофона, что максимально облегчает ее использование. 

Новая гарнитура Razer Kraken Pro V2 готова к самым жестким сражениям.

50-миллиметровые динамики для баланса внутриигрового звука и общения
Улучшенное воспроизведение звука в гарнитуре Razer Kraken V2 обеспечивается двумя 50-миллиметровыми модифицированными динамиками. Они большего размера, чем динамики в гарнитурах Kraken предыдущего поколения, и обладают более широким диапазоном частот, что поддерживает идеальный баланс между прослушиванием внутриигрового аудио и групповым общением.

Цельная алюминиевая рамка для увеличения срока службы
Гарнитуры Razer Kraken V2 имеют новейшую цельную алюминиевую рамку, которая является более прочной и гибкой, чем другие обычно используемые при создании гарнитур материалы. Было проведено тщательное тестирование на удароустойчивость, изменение формы, добавочный вес, небрежное обращение и многое другое. Результат показал, что гарнитура действительно готова ко всем суровым реалиям профессионального гейминга.

Разработана для обеспечения максимального комфорта и нулевого давления
Дужка была спроектирована таким образом, чтобы сбалансировать распределение веса и уменьшить давление для максимального комфорта во время продолжительной игры. Чаши стали ещё больше, мягче и обеспечивают ещё лучшую изоляцию звука, чем раньше. Если у вас более крупная голова и уши, то обратите вниманеи на модель с овальными амбушюрами Razer Kraken Pro V2 Oval. Также обновленные чаши наушников оснащены особыми встроенными желобами, позволяющими геймерам, которые носят очки, пользоваться гарнитурой, не испытывая дискомфорта после долгой игры.

Пульт управления и полностью выдвижной микрофон
Настраивайте звук в пылу сражений, используя гибкий однонаправленный электретный конденсаторный ECM микрофон, и пульт управления громкостью и микрофоном на проводе. Гибкий телескопический микрофон выдвигается из левой чашки наушников тогда, когда вам он нужен. Вы можете его точно отрегулировать, чтобы добиться кристально четкого звучания.",Полноразмерные,Проводной,Стерео,Закрытые,1,50,12 - 28 000,32,118,Однонаправленный,100-10000,-38 ± 3,Нет,3.5 мм,"1,3 м + 2 м",Нет,2 года,Китай
Razer,Наушники,RZ04-02060300-R3M1/1.png///RZ04-02060300-R3M1/2.png///RZ04-02060300-R3M1/3.png///RZ04-02060300-R3M1/4.png///RZ04-02060300-R3M1/5.png///RZ04-02060300-R3M1/6.png///RZ04-02060300-R3M1/7.png,RZ04-02060300-R3M1,Razer Kraken 7.1 V2 Oval Mercury Edition,RZ04-02060300-R3M1,"Игровая гарнитура Razer Kraken 7.1 V2 Oval с передовой системой формирования виртуального объемного многоканального звука 7.1. Для точного позиционного аудио она оснащена новыми мощными 50 ммдинамиками Razer™ с индивидуальной настройкой. Конструкция закрытого типа с максимальной звукоизоляцией для невероятного реализма звучания с эффектом присутствия выводит процесс игры на новый уровень. Активный MEMS микрофон с подавлением шума обеспечивает непревзойденную чистоту голосовых команд в игре. Оптимизированная форма с оголовьем, выполненным из прочного и легкого алюминия, и съемными амбушюрами* позволяет настраивать желаемый уровень комфорта. 

Система объемного звука 7.1 для точного позиционного аудио
Встроенная передовая система виртуального объемного звука 7.1 позволяет гарнитуре Razer Kraken 7.1 V2 Oval формировать позиционное аудио с идеальной точностью. Настраивайте объемный звук согласно своим предпочтениям с помощью Razer Synapse, чтобы определять местонахождение противника для точного удара и гарантированной победы.

50-миллиметровые динамики для баланса внутриигрового звука и общения
Для формирования эффекта присутствия были разработаны 50 мм динамики Razer™ с индивидуальной настройкой, обеспечивающие непревзойденное звучание. Уникальная звуковая сигнатура этих впечатляющих динамиков воспроизводит кристально чистые высокие тона и грохот басов, которые помещают вас в центр событий.

Легкое алюминиевое оголовье для повышенной прочности
Усовершенствованное оголовье гарнитуры Razer Kraken 7.1 V2 Oval, выполненное из алюминия, отличается легким весом и невероятной гибкостью, обеспечивая повышенную износостойкость без потери комфорта, характерного для всей серии продуктов Razer Kraken.

Полностью выдвижной микрофон с активным подавлением шума
Для обеспечения кристально четких коммуникаций гарнитура Razer Kraken 7.1 V2 Oval оснащена полностью выдвижным микрофоном с активным подавлением шума.

Подсветка Razer Chroma с настройкой 16,8 млн. оттенков
В вашем распоряжении целый мир возможностей для исключительной персонализации и выражения собственного стиля с помощью невероятных визуальных эффектов. Настраивайте цветовую палитру и синхронизируйте ее с другими периферийными устройствами, поддерживающими Razer Chroma, чтобы осветить все рабочее место как единое целое.

Разработана для обеспечения максимального комфорта и отсутствия давления
Дужка была спроектирована таким образом, чтобы сбалансировать распределение веса и уменьшить давление для максимального комфорта во время продолжительной игры. Чаши стали ещё больше, амбушюры мягче и обеспечивают ещё лучшую изоляцию звука, чем раньше. Вдобавок ко всему, они могут быть легко заменены на один из наиболее подходящих вам вариантов — круглой или овальной формы*. Также обновленные чаши наушников оснащены особыми встроенными желобами, позволяющими геймерам, которые носят очки, пользоваться гарнитурой, не испытывая дискомфорта после долгой игры.
* Амбушюры овальной формы продаются отдельно.

Новый ртутно-белый цвет Mercury
Вместо традиционного черного ищите другой цвет? Теперь у вас есть выбор!
Совершенно новый стильный облик игровых устройств Razer с новым ртутно-белым цветом Mercury. Ртутный цвет авиационного алюминия эффектно оттеняет основной матовый белый цвет.

Новые овальные амбушюры
Овальные подушечки для ушей Razer Kraken 7.1 V2 Oval стали больше, мягче и они лучше изолируют звук, чем круглые амбушюры, для тех геймеров – у кого более крупная голова и уши. 
Внутренний диаметр овальных амбушюр 60-70 мм, внутренний диаметр круглых амбушюр 56 мм.",Полноразмерные,Проводной,Виртуальный объемный звук 7.1,Закрытые,1,50,12 - 28 000,32,118,Однонаправленный,100-10000,-38 ± 3,Встроеная,USB,2 м,"16,8 млн.",2 года,Китай
Razer,Наушники,RZ04-01920400-R3M1/1.png///RZ04-01920400-R3M1/2.png///RZ04-01920400-R3M1/3.png///RZ04-01920400-R3M1/4.png///RZ04-01920400-R3M1/5.png///RZ04-01920400-R3M1/6.png///RZ04-01920400-R3M1/7.png,RZ04-01920400-R3M1,Razer ManO’War Tournament Destiny 2,RZ04-01920400-R3M1,"Испытайте Destiny 2 так, как она должна звучать, благодаря аналоговой игровой гарнитуре Destiny 2 Razer ManO’War Tournament Edition. Полноразмерная гарнитура спроектирована для комфортной многочасовой игры и снабжена сверхкрупными высококачественными динамиками для звука максимального качества.

Вместе с технологией Razer Surround вы сможете с невероятной реалистичностью слышать потрескивание своего энергетического оружия, свист пролетающих мимо снарядов и даже шаги вражеской фракции. Выдвижной микрофон с регуляторами громкости на проводе обеспечат четкую связь и позволят даже в разгар битвы без труда обсуждать стратегию и успешно выполнять рейды в клане или с другими игроками. 

Мощные динамики и шумоизоляция для максимального качества игрового звука
Destiny 2 Razer ManO’War TE обеспечивает высочайшую точность передачи звука в игре благодаря 50-миллиметровым динамикам с индивидуальной настройкой. Закрытая конструкция наушников с мягкими охватывающими ухо амбушюрами обеспечивает превосходную звукоизоляцию, чтобы вы могли концентрироваться на игре, не отвлекаясь на внешние шумы. Вместе с технологией Razer Surround вы поистине ощутите себя в центре событий.

Пульт управления для удобного использования
Destiny 2 Razer ManO’War TE оснащена регуляторами громкости на проводе и позволяет управлять громкостью в игре, а также отключать аналоговый MEMS-микрофон без необходимости копаться в настройках игры в разгар рейда.

Оптимальный вес и эргономика для продолжительного использования
Игровая гарнитура Destiny 2 Razer ManO’War TE оснащена поворотными чашками. У нее очень большие и мягкие амбушюры, широкий ободок и оптимальный вес для продолжительных сеансов игры. Да и в мобильных сражениях более комфортной гарнитуры вы не найдете.

Выдвижной гибкий микрофон для голосового общения
Полностью выдвижной микрофон прячется в левой чашке наушников и выдвигается при необходимости. Гибкую опору можно выставить так, как вам удобно, чтобы для соклановцев ваш голос звучал громко и четко.

Эксклюзивный дизайн Destiny 2 для еще большего погружения в игровой процесс
Дизайн Destiny 2 Razer ManO’War разработан специально, чтобы идеально сочетаться с другими устройствами Destiny 2 Razer для полного погружения в игру, которое необходимо любому фанату Destiny.",Полноразмерные,Проводной,Стерео,Закрытые,1,50,20 - 20 000,32,112 ± 3,Однонаправленный,100-10000,-42 ± 3,Нет,"3,5 мм комбинированный",1.3 м + 2 м удлинитель-переходни,Нет,2 года,Китай
Razer,Наушники,RZ04-01920100-R3M1/1.png///RZ04-01920100-R3M1/2.png///RZ04-01920100-R3M1/3.png///RZ04-01920100-R3M1/4.png///RZ04-01920100-R3M1/5.png///RZ04-01920100-R3M1/6.png,RZ04-01920100-R3M1,Razer ManO’War Tournament Overwatch,RZ04-01920100-R3M1,"Игровая гарнитура Overwatch Razer ManO’War Tournament Edition создана для игры с комфортом на протяжении долгих часов игровых сражений. Это полноразмерная гарнитура с полностью убираемым микрофоном, пультом на проводе с регулятором уровня громкости и кнопкой отключения микрофона, что позволяет легко начать общение и отлично слышать друг друга в самый разгар битвы. Полностью убираемый микрофон вытаскивается из левой чаши наушников по мере необходимости, а его гибкая конструкция позволяет геймеру быстро приводить микрофон в любую желаемую позицию.

У гарнитуры Overwatch Razer ManO’War Tournament Edition огромные 50-миллиметровые динамики, которые созданы специально для командных чатов и всех звуков боя в игре — чтобы вы смогли точно услышать применение способностей «Меткий стрелок» МакКри или «Звуковой барьер» Лусио и вовремя принять должные меры. Большие толстые амбушюры из высококачественной искусственной кожи плотно закрывают уши и блокируют посторонние шумы. Чашки наушников Overwatch Razer ManO’War Tournament Edition свободно вращаются в небольших пределах, чтобы наушники заняли удобное и эргономичное положение на голове.

Гарнитура Overwatch Razer ManO’War Tournament Edition идеально совместима как с мобильными устройствами, так и с ПК, благодаря совмещенному 3,5-мм разъему (аудио и микрофон) и входящему в комплект удлинителю с адаптером на раздельные 3,5мм разъемы аудио и микрофона.

Мощные динамики и звукоизоляция для игрового звука высочайшего качества
Гарнитура Overwatch Razer ManO’War Tournament Edition снабжена большими 50 мм динамиками с неодимовыми магнитами, для кристально чистого звучание музыки в высоких и средних диапазонах частот с сочными глубокими басами. Закрытая конструкция наушников создает идеальную звукоизоляцию и позволяют полностью сосредоточиться на игре или разговоре, не отвлекаясь на посторонние звуки.

Пульт управления и полностью выдвижной микрофон для удобного использования
Гарнитура Overwatch Razer ManO’War Tournament Edition оснащена встроенным пультом управления, с которым вы сможете регулировать уровень громкости и отключать микрофон без необходимости использования внешних приложений. Полностью выдвижной микрофон выдвигается из левой чашки наушников в любой момент, и его гибкая конструкция позволяет вам свободно регулировать его положение, когда это необходимо. Он всегда под рукой и когда вы отдаете стратегические приказы в игре, и когда вы звоните друзьям.

Вес, оптимизированный для длительного ношения
Игровая гарнитура Overwatch Razer ManO’War Tournament Edition была протестирована профессиональными геймерами, чтобы мы могли подобрать оптимальный вес для долгих игровых сессий и максимально комфортного использования ее в дороге.",Полноразмерные,Проводной,Стерео,Закрытые,1,50,20 - 20 000,32,112 ± 3,Однонаправленный,100-10000,-42 ± 3,Нет,"3,5 мм комбинированный",1.3 м + 2 м удлинитель-переходни,Нет,2 года,Китай
Razer,Наушники,RZ04-02400100-R3M1/1.jpg///RZ04-02400100-R3M1/2.jpg///RZ04-02400100-R3M1/3.jpg///RZ04-02400100-R3M1/4.jpg,RZ04-02400100-R3M1,Razer Meka Headset D.Va,RZ04-02400100-R3M1,"Официальная гарнитура D.Va отряда MEKA
Находится ли D.Va в центре сражения или смотрит свой блокбастер Hero of My Storm, на ней всегда гарнитура Razer MEKA. Будучи неотъемлемой частью ее общения с товарищами по команде и любимыми фанатами, эта легендарная гарнитура является обязательным атрибутом для всех стремящихся к успеху пилотов мехов и фанатов D.Va.

Данная гарнитура, одобренная отрядом MEKA, спроектирована таким образом, чтобы по своему виду и функциям полностью соответствует той легендарной гарнитуре D.Va. Она оснащена излучателями с крупными неодимовыми магнитами, а также ненаправленным микрофоном и регуляторами на проводе, поэтому вы сможете с легкостью принимать и отдавать команды. Полноразмерные амбушюры из искусственной кожи обеспечивают необходимый уровень комфорта, чтобы вы смогли носить свою гарнитуру D.Va Razer MEKA где угодно.

Большие динамики с неодимовыми магнитами
Определяйте местоположение ваших оппонентов по звуку. Благодаря большим динамикам с неодимовыми магнитами гарнитура D.Va Razer MEKA обеспечивает кристально чистый звук, когда вы наслаждаетесь любимыми музыкальными композициями или пресекаете внезапные атаки на поле боя.

Большие амбушюры из мягкой искусственной кожи
Удобство, лично подтвержденное чемпионом мира. Поскольку D.Va не встретить без своей легендарной гарнитуры, гарнитура D.Va Razer MEKA оснащена большими амбушюрами из высококачественной искусственной кожи, которые обеспечивают высокий уровень удобства даже при длительном использовании как в игре, так и вне ее.

Компактный ненаправленный микрофон и управление на проводе
Все системы готовы к работе. Объявляете ли вы свою суперспособность или просто смеетесь, компактный ненаправленный микрофон, скрытый в чашке наушника, передаст ваш голос и команды без помех, а элементы управления на проводе упростят работу в команде по мере вашего восхождения по рейтинговой таблице.

Эксклюзивный дизайн D.Va, одобренный отрядом MEKA
MEKA в деле. Как почетный участник отряда MEKA вы получаете собственную гарнитуру, совсем как у D.Va, поэтому сможете призывать свою меху и общаться с товарищами по команде в стиле D.Va.

Поддержка разных платформ
Теперь можно представлять интересы MEKA в любое время и в любом месте
MEKA всегда ведет вперед! Будучи участником отряда MEKA, вам необходимо иметь возможность прыгнуть в бой в любое время и в любом месте. Именно поэтому гарнитура D.Va Razer MEKA совместима с ПК, Mac, Xbox One, PS4 и мобильными устройствами.

Виртуальный объемный звук 7.1 для полного погружения
Усилители звука включены! Услышьте дыхание поля боя благодаря Razer Surround. Это продвинутое программное обеспечение виртуального объемного звука позволяет калибровать параметры гарнитуры D.Va Razer MEKA для получения индивидуальных, точных и всесторонних ощущений от объемного звучания.",Накладные,Проводной,Стерео,Открытые,1,40,20 - 20 000,32,117 ± 3,Ненаправленный,100-10000,-32 ± 3,Нет,"3,5 мм комбинированный",1.3 м,Нет,2 года,Китай
Razer,Наушники,RZ04-02050800-R3M1/1.jpg///RZ04-02050800-R3M1/2.jpg///RZ04-02050800-R3M1/3.jpg///RZ04-02050800-R3M1/4.jpg///RZ04-02050800-R3M1/5.jpg///RZ04-02050800-R3M1/6.jpg///RZ04-02050800-R3M1/7.jpg///RZ04-02050800-R3M1/8.jpg///RZ04-02050800-R3M1/9.jpg///RZ04-02050800-R3M1/10.jpg///RZ04-02050800-R3M1/11.jpg///RZ04-02050800-R3M1/12.jpg///RZ04-02050800-R3M1/13.jpg,RZ04-02050800-R3M1,"Razer Kraken Pro V2 Oval, PewDiePie (3,5 мм)",RZ04-02050800-R3M1,"Смотрите! PewDiePie Razer Kraken Pro V2 — самая первая гарнитура, созданная совместно с самим Pewds.

С этой легендарной гарнитурой вы определенно произведете впечатление на девчонок. Чтобы соответствовать требованиям Pewds, гарнитура Razer Kraken Pro V2 оснащена большими динамиками на 50мм, обеспечивающими более насыщенное звучание и идеально сбалансированное воспроизведение внутриигрового звука и голоса.

Модернизированная эргономика, включающая полностью новый цельный алюминиевый корпус, обеспечивает максимальное удобство и повышенную прочность любому из членов братства PewDiePie.

Гарантированные пугалки
Оснащенная большими по размеру динамиками, чем ее предшественница, гарнитура PewDiePie Razer Kraken Pro V2 создает более мощный звук и более эффектную звуковую сцену, чем когда-либо ранее, так что вы почувствуете себя участником событий вместе с Pewds во время его офлайновых и онлайновых приключений.

Прочность достойная прохождения ни разу не умерев
Сделанный из прочного и легкого алюминия, весь корпус PewDiePie Razer Kraken Pro V2 является легким, гибким и невероятно прочным. Наушники прошли тщательные испытания, чтобы выдержать трудности прохождения самых жестких уровней игры ни разу не умерев.

Легендарный комфорт. Стиль PewDiePie.
Превосходное оголовье разработано для равномерного распределения веса и уменьшения силы обхвата, чтобы обеспечить максимальный комфорт на протяжении длительных сеансов игры. Амбушюры больше, мягче, с лучшей звуковой изоляцией, чем когда-либо ранее.",Полноразмерные,Проводной,Стерео,Закрытые,1,50,12 - 28 000,32,118,Однонаправленный,100-10000,-38 ± 3,Нет,"3,5 мм","1,3 м + 2 м",Нет,2 года,Китай