Thumbnail,Files,Category,Название,Артикул,Product code,Описание,Тип клавиатуры,Тип переключателей,Клавиши Anti-ghost,Интерфейс,Подсветка,Встроенная память,Встроенный USB-порт,Встроенные аудио-входы,Дополнительные макроклавиши,Мультимедиа клавиши,Подставка для рук,Укладка кабеля,Длина провода,Вес,Размеры,Гарантия
,,,,,,,,,,,,,,,,,,,,,,
RZ84-01470200-B3R1/6.png,"RZ84-01470200-B3R1/1.png,
RZ84-01470200-B3R1/2.png,
RZ84-01470200-B3R1/3.png,
RZ84-01470200-B3R1/4.png,
RZ84-01470200-B3R1/5.png,
RZ84-01470200-B3R1/6.png,
RZ84-01470200-B3R1/7.png,
RZ84-01470200-B3R1/8.png,
RZ84-01470200-B3R1/9.png,
RZ84-01470200-B3R1/10.png,
RZ84-01470200-B3R1/11.png,
RZ84-01470200-B3R1/12.png,
RZ84-01470200-B3R1/13.png",Клавиатуры,Razer Cynosa Pro Bundle (клавиатура + мышь),RZ84-01470200-B3R1,RZ84-01470200-B3R1,"
Набор Razer Cynosa Pro Bundle из клавиатуры Razer Cynosa Pro и мыши Razer DeathAdder, разработанный специально для игр, поможет вам поднять свою игру на совершенно новый уровень. Мембранные клавиши игрового уровня с тактильной обратной связью клавиатуры Razer Cynosa Pro и оптический сенсор с разрешением 2000 dpi мыши Razer DeathAdder обеспечивают надежность и точность в игре, и сделают вас вне конкуренции. С потрясающими световыми эффектами, которые легко синхронизируются между устройствами, этот набор клавиатуры и мыши поможет вам красиво проложить свой путь к победе.


Тихие мембранные клавиши игрового уровня
Разработанные специально для игр, мембранные клавиши клавиатуры Razer Cynosa Pro, всегда обеспечивают высокую производительность игрового уровня и невероятную тишину при нажатии. С каждым нажатием вы будете ощущать ход клавиши и упругую тактильную обратную связь, благодаря которым вы наносите удары с убийственной точностью даже в самых сложных поединках. Визуально клавиши клавиатуры Razer Cynosa Pro выглядят как механические, ход клавиши напоминает механизм Cherry MX Red, но при этом они совершенно тихие.


Влагозащищенная конструкция
Прочная влагозащищенная конструкция убережет вашу клавиатуру от случайных проливаний напитков, когда от горячих схваток пересыхает горло, а от напряженного боя трясутся руки. Колпачки клавиш легко снимаются и клавиатуру можно протереть. Под душем с ней не играть, клавиатуру в воду не опускать.


Оптический сенсор 2000 dpi
Мышь Razer DeathAdder оснащена, популярным среди прогеймеров, высокоточным оптическим сенсором 2000 dpi без интерполяции. Эталонный эргономичный дизайн, быстрота реакции и надежная конструкция – эта легендарная мышь воплощает в себе все самое лучшее, что понадобится геймеру для доминирования в игре.


Синхронизация подсветки между устройствами
Простая синхронизация ваших устройств Razer Cynosa Pro и Razer DeathAdder в программе Razer Synapse. Благодаря эффекту живой подсветки вы сможете выбирать желаемый цвет и регулировать яркость подсветки ваших «смертоносных» устройств. Они будут загораться и потухать как единый дышащий организм.


Razer Synapse 2.0 
Новейшее запатентованное программное обеспечение, ""мозг"" игровой периферии Razer – автоматически подключающее клавиатуру и мышь к удаленному серверу для скачивания драйвера и обновлений прошивки, а также автоматически сохраняющее индивидуальные игровые настройки. Больше не нужно возиться с настройками клавиатуры и мыши на турнирах, в клубе или у друзей – подключайтесь к Razer Synapse 2.0 из любого места и установите на вашу клавиатуру нужные настройки и макросы.

Игровая клавиатура Razer Cynosa Pro
Мембранные клавиши игрового уровня
Влагозащищенная прочная конструкция
Трехцветная LED подсветка с тремя уровнями яркости
3 эффекта подсветки: Статичный цвет, Дыхание и Трехцветное дыхание
3 цвета подсветки: Зеленый, Синий, Бирюзовый
Полная подсветка русских букв (смотрите изображения во вкладке «Галерея»)
Полностью программируемые клавиши с возможностью записи макросов «на лету»
Специальный игровой режим с отключением клавиши Windows и комбинаций клавиш Alt + Tab и Alt + F4
Оптимизированная матрица клавиш
Поддержка Razer Synapse
Кабель USB в защитной тканевой оплетке длиной 2,1 метра
Размеры: 457 мм (длина) x  174 мм (ширина) x 32,8 мм (толщина)
Вес: 878 г
Игровая мышь Razer DeathAdder
Эргономичный дизайн с прорезиненными боковыми вставками для правшей
Оптический сенсор с разрешением 2000 dpi
Трехцветная LED подсветка с тремя уровнями яркости
Три эффекта подсветки: Статичный цвет, Дыхание и Трехцветное дыхание
5 независимо программируемых кнопок с технологией быстрого отклика Hyperesponse
Настройка чувствительности «на лету»
Режим постоянной готовности
Частота опроса Ultrapolling 1000 Гц
Бесшумные гладкие ножки Ultraslick
Облегченный кабель в защитной тканевой оплетке длиной 2,1 метра
Поддержка Razer Synapse
Размеры: 127 мм (длина) x  70 мм (ширина) x 44 мм (толщина)
Вес: 105 г

Системные требования:
ПК с USB-портом
Cписок актуальных поддерживаемых операционных систем указан по ссылке
Подключение к Интернету (для установки драйвера)
Не менее 200 МБ свободного места на жестком диске
Чтобы использовать полный набор функций продукта и для получения обновлений программного обеспечения, потребуется регистрация аккаунта в Razer Synapse 2.0 (нужен действующий адрес электронной почты), скачивание программного обеспечения, принятие лицензионного соглашения и подключение к интернету. После активации, полный набор функций продукта доступен и в дополнительном автономном режиме.



",Мембранная,,,Usb,3 цвета,Нет,Нет,Нет,Нет,Нет,Нет,Нет,,1265 г,585 x 218 x 54 мм,
,,Клавиатуры,Razer Cynosa Chroma,RZ03-02260800-R3R1,RZ03-02260800-R3R1,"
Абсотютный гейминг. Бесконечная подсветка
Игровая клавиатура с мягкими, упругими клавишами. Если вы думаете, что клавиатура базового уровня не могла стать лучше, предлагаем вам подумать снова. Мы оставили все необходимое в клавиатуре Razer Cynosa Chroma, добавив новые возможности. Теперь она полностью готова к игре с индивидуальной подсветкой клавиш, поэтому у вас будет больше простора для настройки.

Razer Cynosa Chroma — это клавиатура игрового уровня, оснащенная всем необходим для игрока. Клавиатура имеет мягкие, упругие и индивидуально программируемые клавиши с подсветкой на базе Razer Chroma, а также влагозащищенную конструкцию, которая обеспечит сохранность вашей клавиатуры.


На базе технологии подсветки Razer Chroma™
Индивидуально программируемые клавиши с подсветкой и возможностью выбора 16,8 млн. оттенков цветов. Выберите один из готовых эффектов подсветки или создайте собственную уникальную палитру цветов в соответствии с собственным вкусом — все это с легкостью настраивается с помощью Razer Synapse 3 (бета-версия).


Игры которые поддерживают Razer Chroma
Посмотрите здесь список игр поддерживающих подсветку Razer Chroma, и посмотрите видео с примерами подсветки и световых эффектов.


Клавиши игрового уровня, с мягким и упругим ходом
Гладкие. Тихие. Быстрые. Наши мягкие и упругие игровые клавиши обеспечивают удобное нажатие и усовершенствованную поддержку по сравнению с клавиатурами на основе резиновой мембраны, поэтому каждое нажатие имеет четкое срабатывание. Каждое нажатие характеризуется полным и четким ходом клавиши, поэтому вы можете быть уверены в предельной точности действий в любой игре.


Защищена от проливания жидкости
Не бойтесь, если во время напряженного матча эмоции возьмут верх. Благодаря влагозащищенной конструкции Razer Cynosa Chroma выдержит случайное проливание жидкости, так что ваша клавиатура будет служить значительно дольше.


Настоящая индивидуальность
Наконец-то появилась клавиатура, которую можно действительно назвать «своей». Благодаря Razer Synapse 3 (бета-версия) вы можете переназначать функции клавиш, привязывать к ним макросы, настраивать подсветку устройства и другие составляющие, чтобы сделать игровой процесс именно таким, какой нужен вам. Этот единый инструмент для конфигурирования оборудования не знает границ, поэтому дайте волю воображению.


Гарантированная регистрация каждого нажатия
Или десяти. Благодаря встроенной поддержке одновременного нажатия 10 клавиш и подавления фантомных нажатий, все ваши нажатия будут зарегистрированы, так что вы сможете выполнять до 10 команд одновременно. Пусть ваши пальцы скользят по клавиатуре, пока вы управляете игровым процессом.
Системные требования
ПК со свободным USB-портом
Windows® 7 64-bit (или более поздняя версия)
Подключение к Интернету (для установки драйверов)
200 Мбайт свободного места на жестком диске
Чтобы использовать полный набор функций продукта и для получения обновлений программного обеспечения, потребуется регистрация аккаунта в Razer Synapse 3 (нужен действующий адрес электронной почты), скачивание программного обеспечения, принятие лицензионного соглашения и подключение к интернету. После активации полный набор функций продукта доступен и в дополнительном автономном режиме.",Мембранная,,10 клавиш,USB,16 млн. цветов,Нет,Нет,Нет,Нет,Нет,Нет,Нет,,960 гр,463 x 154 x 31 мм,
,,Клавиатуры,Razer Ornata,RZ03-02042300-R3R1,RZ03-02042300-R3R1,"
В игровой клавиатуре Razer Ornata используются новые механическо-мембранные переключатели Razer™ Mecha-Membrane, которые объединяют лучшие свойства клавиатуры с переключателями на резиновых мембранах и механических переключателей, обеспечивая непревзойденную работу клавиатуры. Традиционные клавиатуры с переключателями на резиновых мембранах обладают мягким нажатием, которое, однако, не позволяет добиться высокой степени точности из-за ощущения мягкости и недостаточной регулировки точности срабатывания. 

Результатом многолетних исследований и разработок является революционная патентная заявка на механическо-мембранные переключатели Razer™ Mecha-Membrane, которые объединяет лучшие свойства обеих технологий: тихое мягкое нажатие с четким тактильным щелчком со средней высотой клавиш, позволяющая вашим пальцам лететь по клавиатуре и гарантирующая, что каждая команда выполняется мгновенно.


Механическо-мембранные переключатели Razer™ Mecha-Membrane*
Разработанные c нуля, механическо-мембранные переключатели Razer™ Mecha-Membrane объединяют тихое мягкое нажатие переключателей на резиновых мембранах и четкий тактильный щелчок механических переключателей для быстрого срабатывания при каждом нажатии клавиш.
* – подана патентная заявка


Средняя высота клавиш – для ускоренного срабатывания
Razer Ornata использует индивидуально разработанный колпачок клавиши, специально уменьшенный, чтобы сократить время, необходимое для срабатывания, позволяя вашим пальцам быстро двигаться, не пропуская ни одного удара.


Клавиши с индивидуальной подсветкой и световыми эффектами
Новая клавиатура Razer Ornata оснащена клавишами с индивидуально программируемыми динамическими эффектами подсветки, которые можно настраивать с помощью Razer Synapse.


Эргономичная подставка для запястья – для комфорта в игре
Специально разработанная для Razer Ornata эргономичная подставка для запястья всегда обеспечивает комфорт даже в самых напряженных игровых марафонах.


Одновременное нажатие 10 клавиш в игровом режиме
Не промахнуться мимо одной клавиши — легко. Мимо десяти — тоже не проблема. Встроенная система подавления фантомных нажатий Razer Ornata позволяет отдавать до десяти команд одновременно — и все они будут исполнены в точности.",Механическая/Мембранная,Razer Mecha-Membrane,10,USB,Зеленая,Нет,Нет,Нет,Нет,Да,Да,Нет,"1,8 м",1260 гр,463 x 224 x 31 мм,
,,Клавиатуры,Razer Ornata Chroma,RZ03-02040700-R3R1,RZ03-02040700-R3R1,"
В Razer Ornata Chroma используются новые механическо-мембранные переключатели Razer™ Mecha-Membrane, которые объединяют лучшие свойства клавиатуры с переключателями на резиновых мембранах и механических переключателей, обеспечивая непревзойденную работу клавиатуры. Традиционные клавиатуры с переключателями на резиновых мембранах обладают мягким нажатием, которое, однако, не позволяет добиться высокой степени точности из-за ощущения мягкости и недостаточной регулировки точности срабатывания. С другой стороны, механические переключатели обеспечивают быстрое срабатывание клавиш с четким тактильным ответом, но вызывают усталость во время игры.

Результатом многолетних исследований и разработок является революционная патентная заявка на механическо-мембранные переключатели Razer™ Mecha-Membrane, которая объединяет лучшие свойства обеих технологий: тихое мягкое нажатие с четким тактильным щелчком со средней высотой клавиш, позволяя вашим пальцам лететь по клавиатуре и гарантируя мгновенное выполнение каждой команды.
Механическо-мембранные переключатели Razer™ Mecha-Membrane*
Разработанные c нуля, механическо-мембранные переключатели Razer™ Mecha-Membrane объединяют тихое мягкое нажатие переключателей на резиновых мембранах и четкий тактильный щелчок механических переключателей для быстрого срабатывания при каждом нажатии клавиш.
* – подана патентная заявка

Средняя высота клавиш – для ускоренного срабатывания
Razer Ornata Chroma использует индивидуально разработанный колпачок клавиши, специально уменьшенный, чтобы сократить время, необходимое для срабатывания, позволяя вашим пальцам быстро двигаться, не пропуская ни одного удара.

Подсветка Razer Chroma™ с настройкой 16.8 млн. оттенков
Razer Ornata Chroma с поддержкой Razer Chroma выходит за рамки возможного, создавая и отображая невероятные световые эффекты. Интерактивные эффекты в игре позволяют вам испытывать более яркие впечатления от процесса благодаря моментальному отклику вашей клавиатуры.

Эргономичная подставка для запястья – комфорт в игре
Специально разработанная для Razer Ornata Chroma эргономичная подставка для запястья обеспечит комфорт даже в самых напряженных игровых марафонах.

Одновременное нажатие 10 клавиш в игровом режиме
Не промахнуться мимо одной клавиши — легко. Мимо десяти — тоже не проблема. Встроенная система подавления фантомных нажатий Razer Ornata Chroma позволяет отдавать до десяти команд одновременно — и все они будут исполнены в точности.

Синхронизация устройств – при поддержке Razer Chroma™
Вы можете синхронизировать все периферийные устройства, поддерживающие Razer Chroma, выбрав любимый оттенок зеленого или психоделическую палитру, чтобы эффект отображался по всем элементам рабочего места. Возможности ограничены только вашим воображением, вам доступны поистине впечатляющие визуальные эффекты, преобразующие клавиатуру, гарнитуру, мышь и даже коврик для мыши в единое целое.

Используй готовые и создавай свои световые эффекты в Chroma Workshop
С помощью библиотеки Chroma Workshop вы можете скачать готовые шаблоны световых эффектов для разных игр, для других программ и просто необычные световые эффекты. На портале для разработчиков Razer Chroma Developer Portal вы сможете получить необходимые SDK для создания своих световых эффектов и встраивания их в свои игры.

Системные требования
ПК или Mac со свободным USB портом
Cписок актуальных поддерживаемых операционных систем указан по ссылке
Интернет соединение (для установки драйверов)
Свободное место на жестком диске: 200 Мбайт
Чтобы использовать полный набор функций продукта и для получения обновлений программного обеспечения, потребуется регистрация аккаунта в Razer Synapse 2.0 (нужен действующий адрес электронной почты), скачивание программного обеспечения, принятие лицензионного соглашения и подключение к интернету. После активации полный набор функций продукта доступен и в дополнительном автономном режиме.



",Механическая/Мембранная,Razer Mecha-Membrane,10,Usb,"16,8 млн",Нет,Нет,Нет,Нет,Да,Да,Нет,1.8 м,1260 гр,463 x 224 x 31 мм,
,,Клавиатуры,Razer Huntsman,RZ03-02521100-R3R1,RZ03-02521100-R3R1,"НОВЫЙ ОПТИКО-МЕХАНИЧЕСКИЙ ПЕРЕКЛЮЧАТЕЛЬ
Оптико-механические переключатели оснащены оптическим датчиком света. В момент нажатия клавиши, вы активируете приемник сигнала и команда переключателя срабатывает мгновенно. Никогда еще срабатывание не было столь быстрым

БЫСТРОЕ СРАБАТЫВАНИЕ
Благодаря высокой скорости срабатывания вы сможете увеличить свой APM (Action per minute) во время динамичных игр.
МЯГКИЙ И ЩЕЛКАЮЩИЙ
Получите знакомый щелчок, которым вы наслаждаетесь наравне с супер легким и сбалансированным нажатием клавиши. Действительно лучшее сочетание.
СТАБИЛИЗАТОР КЛАВИШИ
Стабилизатор клавиши в верхней части переключателя гарантирует, что движение останется ровным и последовательным, независимо от того, на какую часть клавиши пришлось нажатие.
БОЛЬШЕ ПРОЧНОСТИ
Благодаря оптическому приводу, обеспечивающего меньший физический контакт, вы получаете долговечность до 100 млн нажатий, что вдвое выше возможностей стандартных механизмов.

ОДНОВРЕМЕННОЕ НАЖАТИЕ 10 КЛАВИШ
Подавление фантомных нажатий при одновременном нажатии 10 клавиш
ИГРОВОЙ РЕЖИМ
Убедитесь в том, что вы никогда не нажмете не ту клавишу.
ЗАПИСЬ МАКРОСОВ НА ЛЕТУ
Настраивайте и объединяйте макросы для максимального контроля в игре
RAZER HYPERSHIFT
Нажмите одну кнопку, чтобы разблокировать дополнительный набор функций управления
АЛЮМИНИЕВЫЙ СПЛАВ
Алюминиевый сплав обладает повышенной прочностью с тактильно гладким, приятным прикосновением.
RAZER SYNAPSE 3
Разблокируйте расширенные настройки от команд до эффектов устройств с помощью Razer Chroma ™",оптико-механический,Razer Opto-Mechanical,,Usb,"16,8 млн",Да,Нет,Нет,Да,Нет,Нет,Нет,,860 гр,445 x 140 x 37 мм,
,,Клавиатуры,Razer Huntsman Elite,RZ03-01870100-R3M1,RZ03-01870100-R3M1,"НОВЫЙ ОПТИКО-МЕХАНИЧЕСКИЙ ПЕРЕКЛЮЧАТЕЛЬ
Оптико-механические переключатели оснащены оптическим датчиком света. В момент нажатия клавиши, вы активируете приемник сигнала и команда переключателя срабатывает мгновенно. Никогда еще срабатывание не было столь быстрым
БЫСТРОЕ СРАБАТЫВАНИЕ
Благодаря высокой скорости срабатывания вы сможете увеличить свой APM (Action per minute) во время динамичных игр.
МЯГКИЙ И ЩЕЛКАЮЩИЙ
Получите знакомый щелчок, которым вы наслаждаетесь наравне с супер легким и сбалансированным нажатием клавиши. Действительно лучшее сочетание.
СТАБИЛИЗАТОР КЛАВИШИ
Стабилизатор клавиши в верхней части переключателя гарантирует, что движение останется ровным и последовательным, независимо от того, на какую часть клавиши пришлось нажатие.
БОЛЬШЕ ПРОЧНОСТИ
Благодаря оптическому приводу, обеспечивающего меньший физический контакт, вы получаете долговечность до 100 млн нажатий, что вдвое выше возможностей стандартных механизмов.
МНОГОФУНКЦИОНАЛЬНЫЙ ЦИФРОВОЙ БЛОК
Управление клавиатурой стало намного быстрее. Многофункциональный цифровой блок с тремя тактильными клавишами открывает доступ ко всему, начиная с настройки яркости подсветки. Все программируется и настраивается с помощью Synapse 3 - Вы сможете настроить предпочтительные конфигурации прямо под рукой.
ПОДСВЕТКА С ЧЕТЫРЕХ СТОРОН
Настраивайте световые эффекты любым способов, используя 4-й стороннюю подсветку в 38 различных зонах. Поддержка Razer Chroma™
ПОДСТАВКА ПОД ЗАПЯСТЬЯ ИЗ ИСКУССТВЕННОЙ КОЖИ
Магнитная подставка под запястья фиксируется на передней части клавиатуры. Изготовлена из искусственной кожи для длительного комфорта. Главной особенностью является подсветка Chroma в 20 зонах
ВСТРОЕННАЯ ПАМЯТЬ И ОБЛАЧНОЕ ХРАНИЛИЩЕ
Перенастройте кнопки и сохраните все настройки профилей с помощью облачного хранилища или до 5 профилей в встроенную память клавиатуры
ОДНОВРЕМЕННОЕ НАЖАТИЕ 10 КЛАВИШ
Подавление фантомных нажатий при одновременном нажатии 10 клавиш
ИГРОВОЙ РЕЖИМ
Убедитесь в том, что вы никогда не нажмете не ту клавишу.
ЗАПИСЬ МАКРОСОВ НА ЛЕТУ
Подавление фантомных нажатий при одновременном нажатии 10 клавиш
RAZER HYPERSHIFT
Нажмите одну кнопку, чтобы разблокировать дополнительный набор функций на кнопки управления
АЛЮМИНИЕВЫЙ СПЛАВ
Сплав алюминия обладает повышенной прочностью с тактильно гладким, приятным прикосновением.
RAZER SYNAPSE 3
Разблокируйте расширенные настройки от команд до эффектов устройств с помощью Razer Chroma ™

",оптико-механический,Razer Opto-Mechanical,,Usb,"16,8 млн",Да,Нет,Нет,Да,Да,да,Нет,,1223 гр (1706 гр с подставкой),448 x 140 x 37 мм (448 х 230 х 37 мм с подставкой),
,,Клавиатуры,Razer BlackWidow X Tournament,RZ03-01770400-R3R1,RZ03-01770400-R3R1,"
Лаконичная конструкция, без верхней декоративной рамки, укороченной клавиатуры Razer BlackWidow X Tournament обеспечивает высочайшую эффективность работы, не уступающую премиальной версии Razer BlackWidow Tournament. Внешний каркас изготовлен из металла, используемого в военной промышленности, он отлично выглядит и гарантированно выдержит проверку временем.

Отмеченные многочисленными наградами механические переключатели Razer™
Новые механические переключатели Razer, созданные специально для игровых клавиатур, обладают наиболее подходящими для игр характеристиками срабатывания и непревзойденной чувствительностью. С момента своего появления механические переключатели Razer были провозглашены новым стандартом для всех механических игровых клавиатур.

Увеличенный срок службы
Механические переключатели Razer неоднократно показывали себя как наиболее удобные для игр, обеспечивая высочайший уровень качества и надежности без компромиссов. Все элементы переключателей Razer данной технологии и конструкции теперь полностью производятся мощностями самой компании Razer, что гарантирует соблюдение самых строгих требований к каждому изготовленному переключателю и обеспечивает износоустойчивость вплоть до 80 миллионов нажатий.

Безрамочная конструкция
Отсутствие верхней декоративной пластиковой рамки обнажает жесткую металлическую основу игровой клавиатуры Razer BlackWidow X Tournament, придавая ей неповторимый лаконичный облик холодного оружия. Металлическая пластина, на которой закреплены игровые механические переключатели Razer Green, специальным образом обработана и на её поверхности не остается следов от пальцев.

Совершенство изготовления
Внешний вид клавиатуры Razer BlackWidow X Tournament претерпел значительные изменения — ее корпус приобрел обтекаемость и компактный размер. Клавиатура Razer BlackWidow X Tournament изготовлена из металла, используемого в военной промышленности, и ее полированный корпус, прочный и надежный, гарантирует высочайшее удобство работы даже во время наиболее напряженных сражений.
Системные требования
ПК или Mac со свободным USB портом
Windows® 10 / Windows® 8 / Windows® 7 / Mac OS X (10.8 или выше)
Интернет соединение (для установки драйверов)
Свободное место на жестком диске 200 Мбайт
Чтобы использовать полный набор функций продукта и для получения обновлений программного обеспечения, потребуется регистрация аккаунта в Razer Synapse 2.0 (нужен действующий адрес электронной почты), скачивание программного обеспечения, принятие лицензионного соглашения и подключение к интернету. После активации, полный набор функций продукта доступен и в дополнительном автономном режиме.",Механическая,Razer Green Switch,10,Usb,Нет,Нет,Нет,Нет,Нет,Да,Нет,Нет,1.8м,950 г,366 x 154 x 39 мм,
,,Клавиатуры,Razer BlackWidow Tournament 2014,RZ03-00811900-R3R1,RZ03-00811900-R3R1,"Лаконичная конструкция, без верхней декоративной рамки, клавиатуры Razer BlackWidow X обеспечивает высочайшую эффективность работы. Внешний каркас изготовлен из металла, используемого в военной промышленности, он отлично выглядит и гарантированно выдержит проверку временем.

В то время как традиционные механические переключатели в основном предназначены для печати, механические переключатели Razer™ были изначально спроектированы специально для игры. Эти переключатели обеспечивают моментальное срабатывание и невероятную точность нажатия клавиш, чтобы вы никогда не пропустили решающий удар. Механические переключатели Razer™ также отличаются отменной износоустойчивостью – до 80 миллионов нажатий клавиш по сравнению с 50 миллионами нажатий клавиш у обычных механических переключателей. 

Клавиатура Razer BlackWidow X имеет экстремальную функцию подавления фантомных нажатий — в игровом режиме распознавая до 10 одновременно нажатых клавиш, что позволяет вам сокрушать противников, нажимая столько клавиш, сколько пальцев у вас на обеих руках.

Отмеченные многочисленными наградами механические переключатели Razer™
Новые механические переключатели Razer, созданные специально для игровых клавиатур, обладают наиболее удобным характером срабатывания и непревзойденной чувствительностью. С момента своего появления механические переключатели Razer были провозглашены новым стандартом для всех механических игровых клавиатур.

Увеличенный срок службы
Механические переключатели Razer неоднократно показывали себя как наиболее удобные для игр, обеспечивая высочайший уровень качества и надежности без компромиссов. Все элементы переключателей Razer данной технологии и конструкции теперь полностью производятся мощностями самой компании Razer, что гарантирует соблюдение самых строгих требований к каждому изготовленному переключателю и обеспечивает износоустойчивость вплоть до 80 миллионов нажатий.

Безрамочная конструкция
Отсутствие верхней декоративной пластиковой рамки обнажает жесткую металлическую основу игровой клавиатуры Razer BlackWidow X, придавая ей неповторимый лаконичный облик холодного оружия. Металлическая пластина, на которой закреплены игровые механические переключатели Razer Green, специальным образом обработана и на её поверхности не остается следов от пальцев.

Одновременное нажатие 10 клавиш
Максимальное подавление фантомных нажатий при одновременном нажатии 10 клавиш в игровом режиме позволяет вам уничтожать противника, нажимая столько клавиш, сколько пальцев у вас на обеих руках.

Системные требования
ПК или Mac со свободным USB портом
Cписок актуальных поддерживаемых операционных систем указан по ссылке
Интернет соединение (для установки драйверов)
Свободное место на жестком диске 200 Мбайт
Чтобы использовать полный набор функций продукта и для получения обновлений программного обеспечения, потребуется регистрация аккаунта в Razer Synapse 2.0 (нужен действующий адрес электронной почты), скачивание программного обеспечения, принятие лицензионного соглашения и подключение к интернету. После активации, полный набор функций продукта доступен и в дополнительном автономном режиме.",Механическая,Razer Green Switch,10,Usb,Нет,Нет,Нет,Нет,Нет,Да,Нет,Нет,1.8м,1420 гр,459 x 156 x 41 мм,
,,Клавиатуры,Razer BlackWidow Ultimate 2016,RZ03-01700700-R3R1,RZ03-01700700-R3R1,"Клавиатура Razer BlackWidow Ultimate 2016 оснащена новыми механическими переключателями Razer™ Green Switch. Они были разработаны с нуля для повышения скорости и реакции игровой клавиатуры Razer BlackWidow до значений, существенно превышающих возможности предыдущих поколений механических переключателей.

Возможности клавиатуры Razer BlackWidow Ultimate 2016 были протестированы и подтверждены лучшими киберспортсменами в самых сложных соревнованиях. Механические переключатели Razer характеризуются оптимальным расстоянием срабатывания для точной игры. Также их отличает повышенная устойчивость к выполнению скоростного набора команд по сравнению со стандартными механическими переключателями, разработанными для печати более десяти лет назад.

Теперь полностью программируемые клавиши поддерживают различные эффекты динамичной индивидуальной подсветки и предоставляют игрокам полный контроль над системой освещения клавиатуры для максимально персонализированной игры.

Отмеченные множеством наград механические переключатели Razer™ Green Switch
Механические переключатели Razer, созданные специально для игровых клавиатур, срабатывают на оптимальном расстоянии, давая вам непревзойдённую скорость реакции. С момента их появления, механические переключатели Razer стали новым стандартом для всех механических игровых клавиатур.
Особенностью этого механизма является ярко выраженный щелчок при нажатии на клавиши, что позволяет четко воспринимать отклик на каждое ваше действие.

Повышенная износостойкость
Механические переключатели Razer выдерживают до 60 миллионов нажатий в любом, даже самом длительном и напряженном игровом марафоне, поэтому вы сможете пользоваться всеми преимуществами Razer в течение долгих лет.

Клавиши с динамическим эффектом индивидуальной подсветки
Новая клавиатура Razer BlackWidow Ultimate 2016 оснащена индивидуально программируемыми клавишами с динамическими эффектами индивидуальной подсветки, которые можно настраивать с помощью Razer Synapse.

Системные требования
ПК с USB портом
Cписок актуальных поддерживаемых операционных систем указан по ссылке
Интернет соединение (для установки драйверов)
Свободное место на жестком диске: 200 Мбайт
Чтобы использовать полный набор функций продукта и для получения обновлений программного обеспечения, потребуется регистрация аккаунта в Razer Synapse 2.0 (нужен действующий адрес электронной почты), скачивание программного обеспечения, принятие лицензионного соглашения и подключение к интернету. После активации полный набор функций продукта доступен и в дополнительном автономном режиме.",Механическая,Razer Green Switch,,Usb,Одноцветная,Нет,Да,Да,Нет,Да,Нет,Нет,1.8м,1380 гр,472 x 171 x 20 мм,
,,Клавиатуры,Razer BlackWidow Ultimate Stealth 2016,RZ03-01702200-R3R1,RZ03-01702200-R3R1,"Клавиатура Razer BlackWidow Ultimate Stealth 2016 оснащена новыми механическими переключателями Razer™ Orange Switch. Они были разработаны с нуля для повышения скорости и реакции игровой клавиатуры Razer BlackWidow до значений, существенно превышающих возможности предыдущих поколений механических переключателей.

Возможности клавиатуры Razer BlackWidow Ultimate Stealth 2016 были протестированы и подтверждены лучшими киберспортсменами в самых сложных соревнованиях. Механические переключатели Razer характеризуются оптимальным расстоянием срабатывания для точной игры. Также их отличает повышенная устойчивость к выполнению скоростного набора команд по сравнению со стандартными механическими переключателями, разработанными для печати более десяти лет назад.

Теперь полностью программируемые клавиши поддерживают различные эффекты динамичной индивидуальной подсветки и предоставляют игрокам полный контроль над системой освещения клавиатуры для максимально персонализированной игры. 

Отмеченные множеством наград механические переключатели Razer™ Orange Switch
Механические переключатели Razer, созданные специально для игровых клавиатур, срабатывают на оптимальном расстоянии, давая вам непревзойдённую скорость реакции. С момента их появления, механические переключатели Razer стали новым стандартом для всех механических игровых клавиатур.
При усилии в 45 г и срабатывании с нажатием глубиной 1,9 мм эти переключатели очень быстрые и одновременно очень тихие. Благодаря им клавиатура реагирует, как только срабатывают ваши игровые рефлексы.

Повышенная износостойкость
Механические переключатели Razer выдерживают до 60 миллионов нажатий даже в длительном и напряженном игровом марафоне, поэтому вы сможете пользоваться всеми преимуществами Razer в течение долгих лет.

Клавиши с динамическим эффектом индивидуальной подсветки
Новая клавиатура Razer BlackWidow Ultimate 2016 оснащена индивидуально программируемыми клавишами с динамическими эффектами индивидуальной подсветки, которые можно настраивать с помощью Razer Synapse.
Системные требования
ПК с USB портом
Cписок актуальных поддерживаемых операционных систем указан по ссылке
Интернет соединение (для установки драйверов)
Свободное место на жестком диске: 200 Мбайт
Чтобы использовать полный набор функций продукта и для получения обновлений программного обеспечения, потребуется регистрация аккаунта в Razer Synapse 2.0 (нужен действующий адрес электронной почты), скачивание программного обеспечения, принятие лицензионного соглашения и подключение к интернету. После активации полный набор функций продукта доступен и в дополнительном автономном режиме.",Механическая,Razer Green Switch,10,Usb,Одноцветная,Нет,Да,Да,Нет,Да,Нет,Нет,1.8м,1380 гр,472 x 171 x 20 мм,
,,Клавиатуры,Razer BlackWidow Ultimate 2017,RZ03-01703600-R3R1,RZ03-01703600-R3R1,"Защищенная клавиатура с феноменальной надежностью
Если исключить все лишнее, то в первую очередь нам всем нужна клавиатура, которую можно будет описать так: крепкая. Такая, которая выдержит жесткое обращение и яростные удары по клавишам, а также будет защищена от воды и пыли и будет всегда выглядеть как новая.

Теперь вы поймете, почему вам так не хватало ее защищенного великолепия. Razer BlackWidow Ultimate 2017 — это клавиатура, обеспечивающая феноменальную надежность. Она оснащена специальными игровыми механическими переключателями Razer, индивидуальной подсветкой каждой клавиши с динамическими эффектами, а также защищена от воды и пыли. Это практичное орудие в привлекательной оболочке.

Защита от воды и пыли
Каждый победный взмах рукой таит опасность случайного проливания воды на клавиатуру. Однако благодаря устойчивости Razer BlackWidow Ultimate к воде и пыли* вы можете играть с уверенностью и без опасений.
* Класс защищенности до IP54

Механические переключатели Razer™, отмеченные многочисленными наградами
Механические переключатели Razer™ разработаны специально для игр и характеризуются оптимизированными моментами срабатывания и сброса, чтобы обеспечить выполнение команд точно так, как это необходимо — с молниеносной быстротой.

Повышенная износостойкость
Механические переключатели Razer обеспечивают высочайшее быстродействие и надежность для гарантии вашей победы. Все элементы переключателей данной технологии и конструкции производятся мощностями самой компании, что гарантирует соблюдение самых строгих требований к каждому изготовленному переключателю и обеспечивают износоустойчивость вплоть до 80 миллионов нажатий.

Индивидуальная подсветка клавиш с динамическими эффектами
Новая клавиатура Razer BlackWidow Ultimate 2017 оснащена индивидуально программируемыми клавишами с подсветкой и динамическими эффектами, которые можно настраивать с помощью Razer Synapse.

Системные требования
ПК или MAC со свободным USB-портом
Windows® 7 / OS X® 10.8 (или выше)
Подключение к Интернету (для установки драйверов)
200 Мбайт свободного места на жестком диске
Чтобы использовать полный набор функций продукта и для получения обновлений программного обеспечения, потребуется регистрация аккаунта в Razer Synapse 2.0 (нужен действующий адрес электронной почты), скачивание программного обеспечения, принятие лицензионного соглашения и подключение к интернету. После активации полный набор функций продукта доступен и в дополнительном автономном режиме.",Механическая,Razer Green Switch,10,Usb,Одноцветная,Нет,Да,Да,Да,Да,Нет,Нет,1.8м,1380 гр,472 x 171 x 20 мм,
,,Клавиатуры,Razer BlackWidow X Tournament Chroma,RZ03-01770100-R3M1,RZ03-01770100-R3M1,"Лаконичная конструкция, без верхней декоративной рамки, укороченной клавиатуры Razer BlackWidow X Tournament Chroma обеспечивает высочайшую эффективность работы, не уступающую премиальной версии Razer BlackWidow Tournament Chroma. Внешний каркас изготовлен из металла, используемого в военной промышленности, он отлично выглядит и гарантированно выдержит проверку временем.

Игровая клавиатура Razer BlackWidow X Tournament Chroma позволит настроить индивидуальную подсветку для каждой клавиши с выбором из 16,8 млн. оттенков и различных вариантов световых эффектов. Профили настроек могут быть созданы при помощи программы Razer Synapse и опубликованы для загрузки миллионами других пользователей через сервис Razer Chroma Workshop. Поддержка эффектов Chroma интегрирована в целый ряд известных игр, включая Call of Duty, Overwatch, Blade and Soul и др.

Отмеченные многочисленными наградами механические переключатели Razer™
Новые механические переключатели Razer, созданные специально для игровых клавиатур, обладают наиболее удобным характером срабатывания и непревзойденной чувствительностью. С момента своего появления механические переключатели Razer были провозглашены новым стандартом для всех механических игровых клавиатур.

Увеличенный срок службы
Механические переключатели Razer неоднократно показывали себя как наиболее удобные для игр, обеспечивая высочайший уровень качества и надежности без компромиссов. Все элементы переключателей Razer данной технологии и конструкции теперь полностью производятся мощностями самой компании Razer, что гарантирует соблюдение самых строгих требований к каждому изготовленному переключателю и обеспечивает износоустойчивость вплоть до 80 миллионов нажатий.

Безрамочная конструкция
Отсутствие верхней декоративной пластиковой рамки обнажает жесткую металлическую основу игровой клавиатуры Razer BlackWidow X Tournament Chroma, придавая ей неповторимый лаконичный облик холодного оружия. Металлическая пластина, на которой закреплены игровые механические переключатели Razer Green, специальным образом обработана и на её поверхности не остается следов от пальцев.

Подсветка Chroma с настройкой 16,8 млн. оттенков
Клавиатура Razer BlackWidow X Tournament Chroma оснащена подсветкой клавиш с возможностью легкой индивидуальной настройки 16,8 млн. оттенков через программу Razer Synapse. От готовых шаблонов подсветки для разных типов игр до уникально программируемой вами палитры — мы предусмотрели все, что позволит вам получить максимум впечатлений от игры.

Используй готовые и создавай свои световые эффекты в Chroma Workshop
С помощью библиотеки Chroma Workshop вы можете скачать готовые шаблоны световых эффектов для разных игр, для других программ и просто необычные световые эффекты. На портале для разработчиков Razer Chroma Developer Portal вы сможете получить необходимые SDK для создания своих световых эффектов и встраивания их в свои игры.

Системные требования
ПК или Mac со свободным USB портом
Windows® 10/Windows® 8/Windows® 7/Mac OS X (10.8 или выше)
Интернет соединение (для установки драйверов)
Свободное место на жестком диске: 200 Мбайт
Чтобы использовать полный набор функций продукта и для получения обновлений программного обеспечения, потребуется регистрация аккаунта в Razer Synapse 2.0 (нужен действующий адрес электронной почты), скачивание программного обеспечения, принятие лицензионного соглашения и подключение к интернету. После активации полный набор функций продукта доступен и в дополнительном автономном режиме.",Механическая,Razer Green Switch,10,Usb,"16,8 млн",Нет,Нет,Нет,Нет,Да,Нет,Да,1.8м,1130 гр,360 x 156 x 41 мм,
,,Клавиатуры,Razer BlackWidow Tournament Chroma,RZ03-01430200-R3M1,RZ03-01430200-R3M1,"Укороченная клавиатура Razer BlackWidow Tournament получила долгожданное обновление - полноцветную подсветку Chroma. Внутренняя конструкция механических клавиш была разработана лучшими инженерами-механиками Razer и протестирована лучшими в мире прогеймерами.

В то время как традиционные механические переключатели в основном предназначены для печати, механические переключатели Razer™ были изначально спроектированы специально для игры. Эти переключатели обеспечивают моментальное срабатывание и невероятную точность нажатия клавиш, чтобы вы никогда не пропустили решающий момент. Механические переключатели Razer™ также отличаются отменной износоустойчивостью до 60 миллионов нажатий клавиш по сравнению с 50 миллионами нажатий клавиш у обычных механических переключателей.

У клавиатуры Razer BlackWidow Tournament Chroma компактный формат, благодаря которому она занимает мало места на рабочем столе. К ней прилагается защитный чехол и у неё съёмный USB-кабель, чтобы вам было удобно приносить клавиатуру в клуб или на турнир.

Вооружившись настраиваемой подсветкой Chroma, эта культовая для геймеров клавиатура вышла на новую орбиту - каждую клавишу можно выделить своим цветом, добившись непревзойденной персонализации. При характерном дизайне Razer BlackWidow, новая Razer BlackWidow Tournament Chroma - это неограниченная свобода самовыражения не только с помощью внушительного спектра цветов, но и с индивидуальным регулированием подсветки. 

Новые механические переключатели Razer Green Switch изначально спроектированы для игры
Клавиатура Razer BlackWidow Tournament Chroma оснащена новыми механическими переключателями Razer Green Switch, которые были специально разработаны для игры, с целью обеспечения высокой скорости и ответной реакции. В то время как обычные механические переключатели предназначены для печати и повседневного использования, механические переключатели Razer Green Switch были специально разработаны для игры, но также прекрасно подходят для ежедневной печати.
При усилии в 50 г и срабатывании с нажатием глубиной 1,9 мм эти переключатели очень быстрые. Благодаря им клавиатура реагирует, как только срабатывают ваши игровые рефлексы.

Повышенная износостойкость
Механические переключатели Razer выдерживают до 60 миллионов нажатий в любом, даже самом длительном и напряженном игровом марафоне. А это значит, что вы можете еще дольше пользоваться всеми преимуществами Razer.

Подсветка Chroma с настройкой 16,8 млн. вариантов оттенков
Клавиатура Razer BlackWidow Chroma имеет индивидуально программируемую подсветку клавиш с 16,8 млн. вариантов оттенков и простой настройкой в Razer Synapse. От готовых шаблонов подсветки для разных типов игр до вашей собственной уникально программируемой палитры — мы предусмотрели все, чтобы вы получили максимум незабываемых впечатлений от собственной игры.

Световые эффекты через Razer Synapse 2.0 
С помощью программы Razer Synapse 2.0 вы можете настроить подсветку клавиатуры и других устройств серии Chroma использую множество разлычных эффектов – Циклическое переключение цветов спектра, Дыхание, Реактивный, Волна, Статическая подсветка, Пользовательская и на основе шаблонов. Вы сможете для каждой игры создать свою подсветку, а мы для вас подготовили рекомендации для жанров FPS, MOBA, MMO и RTS, которые вы можете менять как вам захочется.
Системные требования
ПК с USB портом
Cписок актуальных поддерживаемых операционных систем указан по ссылке
Интернет соединение (для установки драйверов)
Свободное место на жестком диске 200 Мбайт
Чтобы использовать полный набор функций продукта и для получения обновлений программного обеспечения, потребуется регистрация аккаунта в Razer Synapse 2.0 (нужен действующий адрес электронной почты), скачивание программного обеспечения, принятие лицензионного соглашения и подключение к интернету. После активации, полный набор функций продукта доступен и в дополнительном автономном режиме.",Механическая,Razer Green Switch,10,Usb,"16,8 млн",Нет,Нет,Нет,Нет,Да,Нет,Нет,1.8м,950 гр,366 x 154 x 30 мм,
,,Клавиатуры,Razer Blackwidow Tournament Chroma V2 (Green Switch),RZ03-02190100-R3M1,RZ03-02190100-R3M1,"Жажда турнирных скоростей
Представляем Razer BlackWidow Tournament Edition Chroma V2 — клавиатуру с самым высоким быстродействием среди всех клавиатур, произведенных нашей компанией. В условиях интенсивного соревновательного матча каждая миллисекунда является решающей для укрепления преимущества над соперником.

Благодаря данной клавиатуре все это станет возможным. Razer BlackWidow Tournament Edition Chroma V2 — это самая быстрая клавиатура для киберспортсменов среди всех клавиатур, которую мы когда-либо выпускали. Благодаря механическим переключателям Razer™, удостоившимся множества наград, и новой технологии мгновенного срабатывания (Instant Trigger Technology, ITT) компании Razer эта клавиатура оснащена всем необходимым для обеспечения нового уровня скорости в игре. За счет компактных размеров и отсоединяемому USB-кабелю ее можно с легкостью убрать в рюкзак и взять с собой на следующий матч.

Механические переключатели Razer™ – точность турнирного уровня
Механические переключатели Razer™ разработаны специально для игр и характеризуются оптимизированными моментами срабатывания и сброса, чтобы обеспечить выполнение команд точно так, как это необходимо — с молниеносной быстротой. Благодаря различным типам переключателей вы сможете подобрать тот вариант, который подходит именно вам.

Razer Green Switch – тактильные и щёлкающие
Разработанный с оптимизированными точками срабатывания и сброса, этот механический перелючатель предоставит вам лучшую производительность в играх. Каждое срабатываение сопровождается характерным щелчком, а дистанция возврата в исходное положение (для повторного выстрела), почти в 2 раза меньше, чем у стандартных механических переключателей. Вы получите скорость, которую раньше не могли даже представить.
Посмотреть видео нажатия на переключатели Razer Green Switch можно здесь

Razer Orange Switch – тактильные и тихие
Почти бесшумный механический переключатель с быстрым срабатыванием. Оптимизированные точки срабатывания и сброса гарантируют, что вы сможете стрелять в 2 раза быстрее по сравнению со стандартными механическими переключателями.
Посмотреть видео нажатия на переключатели Razer Orange Switch можно здесь

Razer Yellow Switch – линейные и тихие
Новые переключатели Razer Yellow Switch имеют линейную конструкцию, с уменьшенным расстоянием хода до 3,5 мм и силой нажатия всего 45 г. Они предназначены для FPS и MOBA геймеров, отличаются бесшумным откликом и молниеносной скоростью команд благодаря короткому ходу клавиш в 1,2 мм.
Посмотреть видео нажатия на переключатели Razer Yellow Switch можно здесь

Повышенная износостойкость для высочайшего быстродействия и надежности
Длительный срок службы. Механические переключатели Razer обеспечивают высочайшее быстродействие и надежность для гарантии вашей победы. Все элементы переключателей данной технологии и конструкции производятся мощностями самой компании, что гарантирует соблюдение самых строгих требований к каждому изготовленному переключателю и обеспечивают износоустойчивость вплоть до 80 миллионов нажатий.

Компактный формат с отсоединяемым USB-кабелем
Компактная и портативная. Обладая укороченной формой, клавиатура предоставляет все необходимые функции, одновременно освобождая место на столе для перемещения мыши. Небольшой форм-фактор и отсоединяемый USB-кабель также делает эту клавиатуру идеальной для путешествий.

Эргономичная подставка для запястья для максимального комфорта в игре
Абсолютный комфорт во время игры. С легкостью присоединив эргономичную подставку для запястья к клавиатуре с помощью встроенных магнитов, вы сможете продолжать комфортную игру независимо от интенсивности игровых марафонов.

Технология мгновенного срабатывания Razer с непревзойденной скоростью
Моментальная передача сигнала. Мгновенный отклик.
При срабатывании переключателя новая технология мгновенного срабатывания Razer (ITT) мгновенно отправляет сигнал в систему, предотвращая необходимость в задержке для подавления ложных повторных нажатий. Благодаря непосредственному отклику вы получаете ведущую в отрасли скорость работы для получения неоспоримого преимущества, независимо от выбранной игры.

Настраиваемая подсветка Razer Chroma 16,8 млн. настраиваемых вариантов цветовых оттенков
На базе Razer Chroma. Индивидуально программируемые клавиши с подсветкой и 16,8 млн. настраиваемых вариантов цветовых оттенков. Выберите один из готовых эффектов подсветки или создайте собственную уникальную палитру цветов в соответствии с собственным вкусом — все это с легкостью настраивается с помощью Razer Synapse.

Системные требования
ПК с USB портом
Cписок актуальных поддерживаемых операционных систем указан по ссылке
Интернет соединение (для установки драйверов)
Свободное место на жестком диске 200 Мбайт
Чтобы использовать полный набор функций продукта и для получения обновлений программного обеспечения, потребуется регистрация аккаунта в Razer Synapse 2.0 (нужен действующий адрес электронной почты), скачивание программного обеспечения, принятие лицензионного соглашения и подключение к интернету. После активации, полный набор функций продукта доступен и в дополнительном автономном режиме.",Механическая,Razer Green Switch,10,Usb,"16,8 млн",Нет,Нет,Нет,Нет,Да,Да,Нет,2 м,950 гр,366 x 154 x 30 мм,
,,Клавиатуры,Razer Blackwidow Tournament Chroma V2 (Orange Switch),RZ03-02190700-R3M1,RZ03-02190700-R3M1,"Жажда турнирных скоростей
Представляем Razer BlackWidow Tournament Edition Chroma V2 — клавиатуру с самым высоким быстродействием среди всех клавиатур, произведенных нашей компанией. В условиях интенсивного соревновательного матча каждая миллисекунда является решающей для укрепления преимущества над соперником.

Благодаря данной клавиатуре все это станет возможным. Razer BlackWidow Tournament Edition Chroma V2 — это самая быстрая клавиатура для киберспортсменов среди всех клавиатур, которую мы когда-либо выпускали. Благодаря механическим переключателям Razer™, удостоившимся множества наград, и новой технологии мгновенного срабатывания (Instant Trigger Technology, ITT) компании Razer эта клавиатура оснащена всем необходимым для обеспечения нового уровня скорости в игре. За счет компактных размеров и отсоединяемому USB-кабелю ее можно с легкостью убрать в рюкзак и взять с собой на следующий матч.

Механические переключатели Razer™ – точность турнирного уровня
Механические переключатели Razer™ разработаны специально для игр и характеризуются оптимизированными моментами срабатывания и сброса, чтобы обеспечить выполнение команд точно так, как это необходимо — с молниеносной быстротой. Благодаря различным типам переключателей вы сможете подобрать тот вариант, который подходит именно вам.

Razer Green Switch – тактильные и щёлкающие
Разработанный с оптимизированными точками срабатывания и сброса, этот механический перелючатель предоставит вам лучшую производительность в играх. Каждое срабатываение сопровождается характерным щелчком, а дистанция возврата в исходное положение (для повторного выстрела), почти в 2 раза меньше, чем у стандартных механических переключателей. Вы получите скорость, которую раньше не могли даже представить.
Посмотреть видео нажатия на переключатели Razer Green Switch можно здесь

Razer Orange Switch – тактильные и тихие
Почти бесшумный механический переключатель с быстрым срабатыванием. Оптимизированные точки срабатывания и сброса гарантируют, что вы сможете стрелять в 2 раза быстрее по сравнению со стандартными механическими переключателями.
Посмотреть видео нажатия на переключатели Razer Orange Switch можно здесь

Razer Yellow Switch – линейные и тихие
Новые переключатели Razer Yellow Switch имеют линейную конструкцию, с уменьшенным расстоянием хода до 3,5 мм и силой нажатия всего 45 г. Они предназначены для FPS и MOBA геймеров, отличаются бесшумным откликом и молниеносной скоростью команд благодаря короткому ходу клавиш в 1,2 мм.
Посмотреть видео нажатия на переключатели Razer Yellow Switch можно здесь

Повышенная износостойкость для высочайшего быстродействия и надежности
Длительный срок службы. Механические переключатели Razer обеспечивают высочайшее быстродействие и надежность для гарантии вашей победы. Все элементы переключателей данной технологии и конструкции производятся мощностями самой компании, что гарантирует соблюдение самых строгих требований к каждому изготовленному переключателю и обеспечивают износоустойчивость вплоть до 80 миллионов нажатий.

Компактный формат с отсоединяемым USB-кабелем
Компактная и портативная. Обладая укороченной формой, клавиатура предоставляет все необходимые функции, одновременно освобождая место на столе для перемещения мыши. Небольшой форм-фактор и отсоединяемый USB-кабель также делает эту клавиатуру идеальной для путешествий.

Эргономичная подставка для запястья для максимального комфорта в игре
Абсолютный комфорт во время игры. С легкостью присоединив эргономичную подставку для запястья к клавиатуре с помощью встроенных магнитов, вы сможете продолжать комфортную игру независимо от интенсивности игровых марафонов.

Технология мгновенного срабатывания Razer с непревзойденной скоростью
Моментальная передача сигнала. Мгновенный отклик.
При срабатывании переключателя новая технология мгновенного срабатывания Razer (ITT) мгновенно отправляет сигнал в систему, предотвращая необходимость в задержке для подавления ложных повторных нажатий. Благодаря непосредственному отклику вы получаете ведущую в отрасли скорость работы для получения неоспоримого преимущества, независимо от выбранной игры.

Настраиваемая подсветка Razer Chroma 16,8 млн. настраиваемых вариантов цветовых оттенков
На базе Razer Chroma. Индивидуально программируемые клавиши с подсветкой и 16,8 млн. настраиваемых вариантов цветовых оттенков. Выберите один из готовых эффектов подсветки или создайте собственную уникальную палитру цветов в соответствии с собственным вкусом — все это с легкостью настраивается с помощью Razer Synapse.

Системные требования
ПК с USB портом
Cписок актуальных поддерживаемых операционных систем указан по ссылке
Интернет соединение (для установки драйверов)
Свободное место на жестком диске 200 Мбайт
Чтобы использовать полный набор функций продукта и для получения обновлений программного обеспечения, потребуется регистрация аккаунта в Razer Synapse 2.0 (нужен действующий адрес электронной почты), скачивание программного обеспечения, принятие лицензионного соглашения и подключение к интернету. После активации, полный набор функций продукта доступен и в дополнительном автономном режиме.",Механическая,Razer Orange Switch,10,Usb,"16,8 млн",Нет,Нет,Нет,Нет,Да,Да,Нет,2 м,950 гр,366 x 154 x 30 мм,
,,Клавиатуры,Razer Blackwidow Tournament Chroma V2 (Yellow Switch),RZ03-02190800-R3M1,RZ03-02190800-R3M1,"Жажда турнирных скоростей
Представляем Razer BlackWidow Tournament Edition Chroma V2 — клавиатуру с самым высоким быстродействием среди всех клавиатур, произведенных нашей компанией. В условиях интенсивного соревновательного матча каждая миллисекунда является решающей для укрепления преимущества над соперником.

Благодаря данной клавиатуре все это станет возможным. Razer BlackWidow Tournament Edition Chroma V2 — это самая быстрая клавиатура для киберспортсменов среди всех клавиатур, которую мы когда-либо выпускали. Благодаря механическим переключателям Razer™, удостоившимся множества наград, и новой технологии мгновенного срабатывания (Instant Trigger Technology, ITT) компании Razer эта клавиатура оснащена всем необходимым для обеспечения нового уровня скорости в игре. За счет компактных размеров и отсоединяемому USB-кабелю ее можно с легкостью убрать в рюкзак и взять с собой на следующий матч.

Механические переключатели Razer™ – точность турнирного уровня
Механические переключатели Razer™ разработаны специально для игр и характеризуются оптимизированными моментами срабатывания и сброса, чтобы обеспечить выполнение команд точно так, как это необходимо — с молниеносной быстротой. Благодаря различным типам переключателей вы сможете подобрать тот вариант, который подходит именно вам.

Razer Green Switch – тактильные и щёлкающие
Разработанный с оптимизированными точками срабатывания и сброса, этот механический перелючатель предоставит вам лучшую производительность в играх. Каждое срабатываение сопровождается характерным щелчком, а дистанция возврата в исходное положение (для повторного выстрела), почти в 2 раза меньше, чем у стандартных механических переключателей. Вы получите скорость, которую раньше не могли даже представить.
Посмотреть видео нажатия на переключатели Razer Green Switch можно здесь

Razer Orange Switch – тактильные и тихие
Почти бесшумный механический переключатель с быстрым срабатыванием. Оптимизированные точки срабатывания и сброса гарантируют, что вы сможете стрелять в 2 раза быстрее по сравнению со стандартными механическими переключателями.
Посмотреть видео нажатия на переключатели Razer Orange Switch можно здесь

Razer Yellow Switch – линейные и тихие
Новые переключатели Razer Yellow Switch имеют линейную конструкцию, с уменьшенным расстоянием хода до 3,5 мм и силой нажатия всего 45 г. Они предназначены для FPS и MOBA геймеров, отличаются бесшумным откликом и молниеносной скоростью команд благодаря короткому ходу клавиш в 1,2 мм.
Посмотреть видео нажатия на переключатели Razer Yellow Switch можно здесь

Повышенная износостойкость для высочайшего быстродействия и надежности
Длительный срок службы. Механические переключатели Razer обеспечивают высочайшее быстродействие и надежность для гарантии вашей победы. Все элементы переключателей данной технологии и конструкции производятся мощностями самой компании, что гарантирует соблюдение самых строгих требований к каждому изготовленному переключателю и обеспечивают износоустойчивость вплоть до 80 миллионов нажатий.

Компактный формат с отсоединяемым USB-кабелем
Компактная и портативная. Обладая укороченной формой, клавиатура предоставляет все необходимые функции, одновременно освобождая место на столе для перемещения мыши. Небольшой форм-фактор и отсоединяемый USB-кабель также делает эту клавиатуру идеальной для путешествий.

Эргономичная подставка для запястья для максимального комфорта в игре
Абсолютный комфорт во время игры. С легкостью присоединив эргономичную подставку для запястья к клавиатуре с помощью встроенных магнитов, вы сможете продолжать комфортную игру независимо от интенсивности игровых марафонов.

Технология мгновенного срабатывания Razer с непревзойденной скоростью
Моментальная передача сигнала. Мгновенный отклик.
При срабатывании переключателя новая технология мгновенного срабатывания Razer (ITT) мгновенно отправляет сигнал в систему, предотвращая необходимость в задержке для подавления ложных повторных нажатий. Благодаря непосредственному отклику вы получаете ведущую в отрасли скорость работы для получения неоспоримого преимущества, независимо от выбранной игры.

Настраиваемая подсветка Razer Chroma 16,8 млн. настраиваемых вариантов цветовых оттенков
На базе Razer Chroma. Индивидуально программируемые клавиши с подсветкой и 16,8 млн. настраиваемых вариантов цветовых оттенков. Выберите один из готовых эффектов подсветки или создайте собственную уникальную палитру цветов в соответствии с собственным вкусом — все это с легкостью настраивается с помощью Razer Synapse.

Системные требования
ПК с USB портом
Cписок актуальных поддерживаемых операционных систем указан по ссылке
Интернет соединение (для установки драйверов)
Свободное место на жестком диске 200 Мбайт
Чтобы использовать полный набор функций продукта и для получения обновлений программного обеспечения, потребуется регистрация аккаунта в Razer Synapse 2.0 (нужен действующий адрес электронной почты), скачивание программного обеспечения, принятие лицензионного соглашения и подключение к интернету. После активации, полный набор функций продукта доступен и в дополнительном автономном режиме.",Механическая,Razer Yellow Switch,10,Usb,"16,8 млн",Нет,Нет,Нет,Нет,Да,Да,Нет,2 м,950 гр,366 x 154 x 30 мм,
,,Клавиатуры,Razer BlackWidow X Chroma,RZ03-01760200-R3M1,RZ03-01760200-R3M1,"Лаконичная конструкция, без верхней декоративной рамки, клавиатуры Razer BlackWidow X Chroma обеспечивает высочайшую эффективность работы, не уступающую премиальной версии Razer BlackWidow Chroma. Внешний каркас изготовлен из металла, используемого в военной промышленности, он отлично выглядит и гарантированно выдержит проверку временем.

Игровая клавиатура Razer BlackWidow X Chroma позволит настроить индивидуальную подсветку для каждой клавиши с выбором из 16,8 млн. цветов и различных вариантов световых эффектов. Профили настроек могут быть созданы при помощи программы Razer Synapse и опубликованы для загрузки миллионами других пользователей через сервис Razer Chroma Workshop. Поддержка эффектов Chroma интегрирована в целый ряд известных игр, включая Call of Duty, Overwatch, Blade and Soul и др.

Отмеченные многочисленными наградами механические переключатели Razer™
Новые механические переключатели Razer, созданные специально для игровых клавиатур, обладают наиболее удобным характером срабатывания и непревзойденной чувствительностью. С момента своего появления механические переключатели Razer были провозглашены новым стандартом для всех механических игровых клавиатур.

Увеличенный срок службы
Механические переключатели Razer неоднократно показывали себя как наиболее удобные для игр, обеспечивая высочайший уровень качества и надежности без компромиссов. Все элементы переключателей Razer данной технологии и конструкции теперь полностью производятся мощностями самой компании Razer, что гарантирует соблюдение самых строгих требований к каждому изготовленному переключателю и обеспечивает износоустойчивость вплоть до 80 миллионов нажатий.

Безрамочная конструкция
Отсутствие верхней декоративной пластиковой рамки обнажает жесткую металлическую основу игровой клавиатуры Razer BlackWidow X Chroma, придавая ей неповторимый лаконичный облик холодного оружия. Металлическая пластина, на которой закреплены игровые механические переключатели Razer Green, специальным образом обработана и на её поверхности не остается следов от пальцев.

Подсветка Chroma с настройкой 16,8 млн. вариантов оттенков
Клавиатура Razer BlackWidow X Chroma оснащена подсветкой клавиш с возможностью легкой индивидуальной настройки 16,8 млн. вариантов оттенков через программу Razer Synapse. От готовых шаблонов подсветки для разных типов игр до вашей собственной уникально программируемой палитры — мы предусмотрели все, что позволит вам получить максимум незабываемых впечатлений от собственной игры.

Используй готовые и создавай свои световые эффекты в Chroma Workshop
С помощью библиотеки Chroma Workshop вы можете скачать готовые шаблоны световых эффектов для разных игр, для других программ и просто необычные световые эффекты. На портале для разработчиков Razer Chroma Developer Portal вы сможете получить необходимые SDK для создания своих световых эффектов и встраивания их в свои игры.
Системные требования
ПК или Mac со свободным USB портом
Windows® 10 / Windows® 8 / Windows® 7 / Mac OS X (10.8 или выше)
Интернет соединение (для установки драйверов)
Свободное место на жестком диске 200 Мбайт
Чтобы использовать полный набор функций продукта и для получения обновлений программного обеспечения, потребуется регистрация аккаунта в Razer Synapse 2.0 (нужен действующий адрес электронной почты), скачивание программного обеспечения, принятие лицензионного соглашения и подключение к интернету. После активации, полный набор функций продукта доступен и в дополнительном автономном режиме.",Механическая,Razer Green Switch,10,Usb,"16,8 млн",Нет,Нет,Нет,Нет,Да,Нет,Да,1.8 м,1420 гр,459 x 156 x 41 мм,
,,Клавиатуры,Razer BlackWidow Chroma V2 (Green Switch),RZ03-02030700-R3R1,RZ03-02030700-R3R1,"Механическая игровая клавиатура Razer BlackWidow появилась в 2010 году и быстро стала самой популярной и самой продаваемой игровой клавиатурой в мире. Особенно она пришлась по вкусу киберспортсменам. Четыре года спустя был представлен механический переключатель Razer™ — первый в мире переключатель с нуля разработанный специально для гейминга, благодаря чему Razer BlackWidow получила еще больше преимуществ. С таким нововведением геймеры смогли выйти на новый уровень игры, увеличив скорость и точность. Раздвигая границы совершенства, эта элитная механическая игровая клавиатура оставляет соперников далеко позади.

Новая клавиатура Razer BlackWidow Chroma V2 с подсветкой Razer Chroma™ дает вам неограниченную свободу самовыражения с помощью внушительного спектра цветов. Также она позволяет индивидуально настроить световые эффекты подсветки.

Принципиально новые механические переключатели Razer™
Разработанные специально для гейминга, новые механические переключатели Razerотличаются оптимизированным набором точек срабатывания и сброса. Вам остается только оттачивать свое мастерство на невиданных прежде скоростях и с молниеносной реакцией. Такие клавиши, оптимально передающие тактильные ощущения, помогают быстрее и точнее реагировать в критических игровых ситуациях.

Razer Green Switch – тактильные и щёлкающие
Разработанный с оптимизированными точками срабатывания и сброса, этот механический перелючатель предоставит вам лучшую производительность в играх. Каждое срабатываение сопровождается характерным щелчком, а дистанция возврата в исходное положение (для повторного выстрела), почти в 2 раза меньше, чем у стандартных механических переключателей. Вы получите скорость, которую раньше не могли даже представить.

Razer Orange Switch – тактильные и тихие
Почти бесшумный механический переключатель с быстрым срабатыванием. Оптимизированные точки срабатывания и сброса гарантируют, что вы сможете стрелять в 2 раза быстрее по сравнению со стандартными механическими переключателями.

Razer Yellow Switch – линейные и тихие
Новые переключатели Razer Yellow Switch имеют линейную конструкцию, с уменьшенным расстоянием хода до 3,5 мм и силой нажатия всего 45 г. Они предназначены для FPS и MOBA геймеров, отличаются бесшумным откликом и молниеносной скоростью команд благодаря короткому ходу клавиш в 1,2 мм.

Подсветка Chroma с настройкой 16,8 млн. оттенков
Клавиатура Razer BlackWidow Chroma V2 имеет индивидуально программируемую подсветку клавиш с 16,8 млн. оттенков и простой настройкой в Razer Synapse. От готовых шаблонов подсветки для разных типов игр до вашей собственной программируемой палитры — мы предусмотрели все, чтобы вы получили максимум впечатлений от игры.

Эргономичная подставка для запястья – максимум комфорта в игре
Специально разработанная для Razer BlackWidow Chroma V2, эта эргономичная подставка для запястья обеспечивает комфорт даже в самых напряженных игровых марафонах.

Световые эффекты через Razer Synapse 2.0
С помощью программы Razer Synapse 2.0 вы можете настроить подсветку клавиатуры и других устройств серии Chroma, использую множество различных эффектов: Циклическое переключение цветов спектра, Дыхание, Реактивный, Волна, Статическая подсветка, Пользовательская и на основе шаблонов. Вы сможете для каждой игры создать свою подсветку, а мы для вас подготовили рекомендации по жанрам FPS, MOBA, MMO и RTS, которые вы можете менять на свой вкус.
Системные требования
ПК или Mac со свободным USB портом
Windows® 10/Windows® 8/Windows® 7/Mac OS X (v10.8 - 10.11)
Интернет соединение (для установки драйверов)
Свободное место на жестком диске: 100 Мбайт
Чтобы использовать полный набор функций продукта и для получения обновлений программного обеспечения, потребуется регистрация аккаунта в Razer Synapse 2.0 (нужен действующий адрес электронной почты), скачивание программного обеспечения, принятие лицензионного соглашения и подключение к интернету. После активации полный набор функций продукта доступен и в дополнительном автономном режиме.",Механическая,Razer Green Switch,10,Usb,"16,8 млн",Да,Да,Да,Да,Да,Да,Нет,1.8 м,1460 гр (1700 гр с подставкой),"484 x 246,8 x 42 мм",
,,Клавиатуры,Razer BlackWidow Chroma V2 (Orange Switch),RZ03-02031600-R3M1,RZ03-02031600-R3M1,"Механическая игровая клавиатура Razer BlackWidow появилась в 2010 году и быстро стала самой популярной и самой продаваемой игровой клавиатурой в мире. Особенно она пришлась по вкусу киберспортсменам. Четыре года спустя был представлен механический переключатель Razer™ — первый в мире переключатель с нуля разработанный специально для гейминга, благодаря чему Razer BlackWidow получила еще больше преимуществ. С таким нововведением геймеры смогли выйти на новый уровень игры, увеличив скорость и точность. Раздвигая границы совершенства, эта элитная механическая игровая клавиатура оставляет соперников далеко позади.

Новая клавиатура Razer BlackWidow Chroma V2 с подсветкой Razer Chroma™ дает вам неограниченную свободу самовыражения с помощью внушительного спектра цветов. Также она позволяет индивидуально настроить световые эффекты подсветки.

Принципиально новые механические переключатели Razer™
Разработанные специально для гейминга, новые механические переключатели Razerотличаются оптимизированным набором точек срабатывания и сброса. Вам остается только оттачивать свое мастерство на невиданных прежде скоростях и с молниеносной реакцией. Такие клавиши, оптимально передающие тактильные ощущения, помогают быстрее и точнее реагировать в критических игровых ситуациях.

Razer Green Switch – тактильные и щёлкающие
Разработанный с оптимизированными точками срабатывания и сброса, этот механический перелючатель предоставит вам лучшую производительность в играх. Каждое срабатываение сопровождается характерным щелчком, а дистанция возврата в исходное положение (для повторного выстрела), почти в 2 раза меньше, чем у стандартных механических переключателей. Вы получите скорость, которую раньше не могли даже представить.

Razer Orange Switch – тактильные и тихие
Почти бесшумный механический переключатель с быстрым срабатыванием. Оптимизированные точки срабатывания и сброса гарантируют, что вы сможете стрелять в 2 раза быстрее по сравнению со стандартными механическими переключателями.

Razer Yellow Switch – линейные и тихие
Новые переключатели Razer Yellow Switch имеют линейную конструкцию, с уменьшенным расстоянием хода до 3,5 мм и силой нажатия всего 45 г. Они предназначены для FPS и MOBA геймеров, отличаются бесшумным откликом и молниеносной скоростью команд благодаря короткому ходу клавиш в 1,2 мм.

Подсветка Chroma с настройкой 16,8 млн. оттенков
Клавиатура Razer BlackWidow Chroma V2 имеет индивидуально программируемую подсветку клавиш с 16,8 млн. оттенков и простой настройкой в Razer Synapse. От готовых шаблонов подсветки для разных типов игр до вашей собственной программируемой палитры — мы предусмотрели все, чтобы вы получили максимум впечатлений от игры.

Эргономичная подставка для запястья – максимум комфорта в игре
Специально разработанная для Razer BlackWidow Chroma V2, эта эргономичная подставка для запястья обеспечивает комфорт даже в самых напряженных игровых марафонах.

Световые эффекты через Razer Synapse 2.0
С помощью программы Razer Synapse 2.0 вы можете настроить подсветку клавиатуры и других устройств серии Chroma, использую множество различных эффектов: Циклическое переключение цветов спектра, Дыхание, Реактивный, Волна, Статическая подсветка, Пользовательская и на основе шаблонов. Вы сможете для каждой игры создать свою подсветку, а мы для вас подготовили рекомендации по жанрам FPS, MOBA, MMO и RTS, которые вы можете менять на свой вкус.
Системные требования
ПК или Mac со свободным USB портом
Windows® 10/Windows® 8/Windows® 7/Mac OS X (v10.8 - 10.11)
Интернет соединение (для установки драйверов)
Свободное место на жестком диске: 100 Мбайт
Чтобы использовать полный набор функций продукта и для получения обновлений программного обеспечения, потребуется регистрация аккаунта в Razer Synapse 2.0 (нужен действующий адрес электронной почты), скачивание программного обеспечения, принятие лицензионного соглашения и подключение к интернету. После активации полный набор функций продукта доступен и в дополнительном автономном режиме.",Механическая,Razer Orange Switch,10,Usb,"16,8 млн",Да,Да,Да,Да,Да,Да,Нет,1.8 м,1460 гр (1700 гр с подставкой),"484 x 246,8 x 42 мм",
,,Клавиатуры,Razer BlackWidow Chroma V2 (Yellow Switch),RZ03-02032300-R3M1,RZ03-02032300-R3M1,"Механическая игровая клавиатура Razer BlackWidow появилась в 2010 году и быстро стала самой популярной и самой продаваемой игровой клавиатурой в мире. Особенно она пришлась по вкусу киберспортсменам. Четыре года спустя был представлен механический переключатель Razer™ — первый в мире переключатель с нуля разработанный специально для гейминга, благодаря чему Razer BlackWidow получила еще больше преимуществ. С таким нововведением геймеры смогли выйти на новый уровень игры, увеличив скорость и точность. Раздвигая границы совершенства, эта элитная механическая игровая клавиатура оставляет соперников далеко позади.

Новая клавиатура Razer BlackWidow Chroma V2 с подсветкой Razer Chroma™ дает вам неограниченную свободу самовыражения с помощью внушительного спектра цветов. Также она позволяет индивидуально настроить световые эффекты подсветки.

Принципиально новые механические переключатели Razer™
Разработанные специально для гейминга, новые механические переключатели Razerотличаются оптимизированным набором точек срабатывания и сброса. Вам остается только оттачивать свое мастерство на невиданных прежде скоростях и с молниеносной реакцией. Такие клавиши, оптимально передающие тактильные ощущения, помогают быстрее и точнее реагировать в критических игровых ситуациях.

Razer Green Switch – тактильные и щёлкающие
Разработанный с оптимизированными точками срабатывания и сброса, этот механический перелючатель предоставит вам лучшую производительность в играх. Каждое срабатываение сопровождается характерным щелчком, а дистанция возврата в исходное положение (для повторного выстрела), почти в 2 раза меньше, чем у стандартных механических переключателей. Вы получите скорость, которую раньше не могли даже представить.

Razer Orange Switch – тактильные и тихие
Почти бесшумный механический переключатель с быстрым срабатыванием. Оптимизированные точки срабатывания и сброса гарантируют, что вы сможете стрелять в 2 раза быстрее по сравнению со стандартными механическими переключателями.

Razer Yellow Switch – линейные и тихие
Новые переключатели Razer Yellow Switch имеют линейную конструкцию, с уменьшенным расстоянием хода до 3,5 мм и силой нажатия всего 45 г. Они предназначены для FPS и MOBA геймеров, отличаются бесшумным откликом и молниеносной скоростью команд благодаря короткому ходу клавиш в 1,2 мм.

Подсветка Chroma с настройкой 16,8 млн. оттенков
Клавиатура Razer BlackWidow Chroma V2 имеет индивидуально программируемую подсветку клавиш с 16,8 млн. оттенков и простой настройкой в Razer Synapse. От готовых шаблонов подсветки для разных типов игр до вашей собственной программируемой палитры — мы предусмотрели все, чтобы вы получили максимум впечатлений от игры.

Эргономичная подставка для запястья – максимум комфорта в игре
Специально разработанная для Razer BlackWidow Chroma V2, эта эргономичная подставка для запястья обеспечивает комфорт даже в самых напряженных игровых марафонах.

Световые эффекты через Razer Synapse 2.0
С помощью программы Razer Synapse 2.0 вы можете настроить подсветку клавиатуры и других устройств серии Chroma, использую множество различных эффектов: Циклическое переключение цветов спектра, Дыхание, Реактивный, Волна, Статическая подсветка, Пользовательская и на основе шаблонов. Вы сможете для каждой игры создать свою подсветку, а мы для вас подготовили рекомендации по жанрам FPS, MOBA, MMO и RTS, которые вы можете менять на свой вкус.
Системные требования
ПК или Mac со свободным USB портом
Windows® 10/Windows® 8/Windows® 7/Mac OS X (v10.8 - 10.11)
Интернет соединение (для установки драйверов)
Свободное место на жестком диске: 100 Мбайт
Чтобы использовать полный набор функций продукта и для получения обновлений программного обеспечения, потребуется регистрация аккаунта в Razer Synapse 2.0 (нужен действующий адрес электронной почты), скачивание программного обеспечения, принятие лицензионного соглашения и подключение к интернету. После активации полный набор функций продукта доступен и в дополнительном автономном режиме.",Механическая,Razer Yellow Switch,10,Usb,"16,8 млн",Да,Да,Да,Да,Да,Да,Нет,1.8 м,1460 гр (1700 гр с подставкой),"484 x 246,8 x 42 мм",
,,Клавиатуры,Razer Tartarus V2,RZ07-02270100-R3M1,RZ07-02270100-R3M1,"Игровой кейпад с бесконечными возможностями настройки
Оказавшись в гуще сражения, нужно уметь мгновенно кастовать заклинания, активировать умения и выполнять все остальные действия. Благодаря Razer Tartarus V2 вы можете привязывать команды и умения к клавишам и активировать их мгновенно — все функции у вас под рукой.

Razer Tartarus V2 открывает доступ к неограниченному количеству команд прямо на кончиках ваших пальцев: устройство оснащено 32 полностью программируемыми механическо-мембранными клавишами, а также 8-позиционным джойстиком и колесом прокрутки. Клавишный блок также имеет индивидуально программируемую подсветку клавиш с возможностью легкой настройки 16,8 млн. оттенков цветов через Razer Synapse. А благодаря более эргономичной форме и регулируемой подставке для запястья с двумя возможными положениями можно подобрать оптимальное положение для руки.

Новые механическо-мембранные клавиши Razer
Познакомьтесь с лучшим от двух технологий. Клавиши Razer Tartarus V2 сочетают мягкий и упругий ход мембранных резиновых куполов с четким тактильным щелчком механических переключателей. Каждая клавиша срабатывает на середине хода для обеспечения мгновенного отклика. Теперь команды можно выполнять еще быстрее.

32 полностью программируемые клавиши
Совершенное управление. Оснастите себя полным арсеналом из 32 полностью программируемых клавиш* для назначения умений, горячих клавиш и макросов.
8-позиционный джойстик под большой палец можно также использовать для простого перемещения или расширения доступного числа команд. 
*Полный перечень возможностей доступен при использовании Razer Synapse 3 (Beta)

Настраиваемая подсветка Razer Chroma
Индивидуально программируемые клавиши с подсветкой и возможностью выбора 16,8 млн. оттенков цветов. Выберите один из готовых эффектов подсветки или создайте собственную уникальную палитру цветов в соответствии с собственным вкусом — все это с легкостью настраивается с помощью Razer Synapse 3 (Beta).

Эргономичная форма с отсоединяемой подставкой для запястья
Создан, чтобы идеально подходить для вашей руки. Благодаря усовершенствованной эргономике ваша рука всегда будет находиться в удобном положении — играете ли вы один час или десять. Блок оснащен отсоединяемой подставкой для запястья с двумя регулируемыми положениями для установки наиболее удобного угла.

Функция Razer Hypershift для удвоения команд
Одна кнопка. Больше возможностей.
Для начала назначьте кнопке на блоке клавиш функцию Hypershift. При нажатии и удерживании кнопки вы перейдете в «режим Hypershift», в котором поверх текущих значений открывается дополнительный набор команд для любых действий (от макросов до ярлыков Windows). Это позволяет удвоить число возможных команд устройства.

Razer Synapse 3 (Beta) для настройки на новом уровне
Единый инструмент для конфигурирования оборудования позволяет обеспечивает дополнительные возможности индивидуальной настройки. Благодаря расширенным возможностям индивидуальной настройки, например, назначению макросов или созданию собственной конфигурации подсветки, вы можете сделать игровой процесс именно таким, какой нужен вам.
Системные требования
ПК с USB портом
Windows® 7 (иил выше)
Интернет соединение (для установки драйверов)
Свободное место на жестком диске: 500 Мбайт
Чтобы использовать полный набор функций продукта и для получения обновлений программного обеспечения, потребуется регистрация аккаунта в Razer Synapse 3.0 (нужен действующий адрес электронной почты), скачивание программного обеспечения, принятие лицензионного соглашения и подключение к интернету. После активации полный набор функций продукта доступен и в дополнительном автономном режиме.",Механическая/Мембранная,Razer Mecha-Membrane,NKRO,Usb,"16,8 млн",Да,Нет,Нет,Да,Нет,Да,Нет,2 м,348 гр,203 х 153 х 60 мм,
,,Клавиатуры,Razer Orbweaver Chroma,RZ07-01440100-R3M1,RZ07-01440100-R3M1,"Совершенно новая мини-клавиатура Razer Orbweaver Chroma оснащена 20 программируемыми механическими переключателями Razer, восьмипозиционным D-pad для большого пальца, регулируемыми модулями для руки, большого пальца и ладони. Всего у кейпада Razer Orbweaver Chroma – 30 механических программируекмых кнопок. А теперь все это еще и с поддержкой великолепной подсветки, впервые представленной в клавиатуре Razer BlackWidow Chroma.

Новые маханические переключатели Razer™ Green Switch требуют силы нажатия в 50 грамм, что обеспечивает исполнение команды сразу же после соответствующего движения пользователя. Кнопка для большого пальца может использоваться для передвижения или как модификатор бесконечного числа комбинаций умений, которые можно настроить через облачное программное обеспечение Razer Synapse. 

Кейпад Razer Orbweaver Chroma поможет в любой FPS, RTS и MMO-игре сосредоточить все возможные игровые команды в одной руке.

Принципиально новые механические переключатели Razer™
Разработанные специально для гейминга, новые механические переключатели Razerотличаются оптимизированным набором точек срабатывания и сброса, вам остается только оттачивать свое мастерство на невиданных прежде скоростях и с молниеносной реакцией. Такие клавиши, оптимально передающие тактильные ощущения, помогают быстрее и точнее реагировать в критических игровых ситуациях.

30 программируемых клавиш, включая восьмипозиционный D-pad для большого пальца
30 механических программируемых клавиш — это больше умений, ""горячих"" клавиш и макросов, доступных одним нажатием пальца. Программируемый восьмипозиционный D-pad для большого пальца может использоваться либо для перемещения по игровому пространству, либо для привязки нужных клавиш или макросов, которые позволяют расширить ваш арсенал смертоносных навыков.

Регулируемые упоры для большого пальца, ладони и подставки под запястье
Razer Orbweaver Chroma оснащена регулируемыми упором для большого пальца и подставкой под запястье, которые обеспечат вам максимальное удобство работы с кнопочной панелью даже при самой продолжительной игре. Их можно отрегулировать под анатомические особенности вашей руки, перемещая вперед и назад, что позволит уменьшить усталость и напряжение в запястье, а также повысит эргономичность.

Подсветка Chroma с настройкой 16,8 млн. оттенков
Клавиатура Razer Orbweaver Chroma имеет индивидуально программируемую подсветку клавиш с 16,8 млн. оттенков и простой настройкой в Razer Synapse. От готовых шаблонов подсветки для разных типов игр до вашей собственной программируемой палитры — мы предусмотрели все, чтобы вы получили максимум впечатлений от собственной игры.

Системные требования
ПК с USB портом
Cписок актуальных поддерживаемых операционных систем указан по ссылке
Интернет соединение (для установки драйверов)
Свободное место на жестком диске: 100 Мбайт
Чтобы использовать полный набор функций продукта и для получения обновлений программного обеспечения, потребуется регистрация аккаунта в Razer Synapse 2.0 (нужен действующий адрес электронной почты), скачивание программного обеспечения, принятие лицензионного соглашения и подключение к интернету. После активации полный набор функций продукта доступен и в дополнительном автономном режиме.",Механическая,Razer Green Switch,10,Usb,"16,8 млн",Нет,Нет,Нет,Нет,Нет,Да,Нет,1.6 м ,395 гр,55х154х202 мм,
,,Клавиатуры,Razer BlackWidow Tournament Chroma V2 Quartz Edition,RZ03-02191700-R3M1,RZ03-02191700-R3M1,"Жажда турнирных скоростей
Представляем Razer BlackWidow Tournament Edition Chroma V2 — клавиатуру с самым высоким быстродействием среди всех клавиатур, произведенных нашей компанией. В условиях интенсивного соревновательного матча каждая миллисекунда является решающей для укрепления преимущества над соперником.

Благодаря данной клавиатуре все это станет возможным. Razer BlackWidow Tournament Edition Chroma V2 — это самая быстрая клавиатура для киберспортсменов среди всех клавиатур, которую мы когда-либо выпускали. Благодаря механическим переключателям Razer™, удостоившимся множества наград, и новой технологии мгновенного срабатывания (Instant Trigger Technology, ITT) компании Razer эта клавиатура оснащена всем необходимым для обеспечения нового уровня скорости в игре. За счет компактных размеров и отсоединяемому USB-кабелю ее можно с легкостью убрать в рюкзак и взять с собой на следующий матч.

Механические переключатели Razer™ – точность турнирного уровня
Механические переключатели Razer™ разработаны специально для игр и характеризуются оптимизированными моментами срабатывания и сброса, чтобы обеспечить выполнение команд точно так, как это необходимо — с молниеносной быстротой. Благодаря различным типам переключателей вы сможете подобрать тот вариант, который подходит именно вам.

Razer Green Switch – тактильные и щёлкающие
Разработанный с оптимизированными точками срабатывания и сброса, этот механический перелючатель предоставит вам лучшую производительность в играх. Каждое срабатываение сопровождается характерным щелчком, а дистанция возврата в исходное положение (для повторного выстрела), почти в 2 раза меньше, чем у стандартных механических переключателей. Вы получите скорость, которую раньше не могли даже представить.
Посмотреть видео нажатия на переключатели Razer Green Switch можно здесь

Razer Orange Switch – тактильные и тихие
Почти бесшумный механический переключатель с быстрым срабатыванием. Оптимизированные точки срабатывания и сброса гарантируют, что вы сможете стрелять в 2 раза быстрее по сравнению со стандартными механическими переключателями.
Посмотреть видео нажатия на переключатели Razer Orange Switch можно здесь

Razer Yellow Switch – линейные и тихие
Новые переключатели Razer Yellow Switch имеют линейную конструкцию, с уменьшенным расстоянием хода до 3,5 мм и силой нажатия всего 45 г. Они предназначены для FPS и MOBA геймеров, отличаются бесшумным откликом и молниеносной скоростью команд благодаря короткому ходу клавиш в 1,2 мм.
Посмотреть видео нажатия на переключатели Razer Yellow Switch можно здесь

Повышенная износостойкость для высочайшего быстродействия и надежности
Длительный срок службы. Механические переключатели Razer обеспечивают высочайшее быстродействие и надежность для гарантии вашей победы. Все элементы переключателей данной технологии и конструкции производятся мощностями самой компании, что гарантирует соблюдение самых строгих требований к каждому изготовленному переключателю и обеспечивают износоустойчивость вплоть до 80 миллионов нажатий.

Компактный формат с отсоединяемым USB-кабелем
Компактная и портативная. Обладая укороченной формой, клавиатура предоставляет все необходимые функции, одновременно освобождая место на столе для перемещения мыши. Небольшой форм-фактор и отсоединяемый USB-кабель также делает эту клавиатуру идеальной для путешествий.

Эргономичная подставка для запястья для максимального комфорта в игре
Абсолютный комфорт во время игры. С легкостью присоединив эргономичную подставку для запястья к клавиатуре с помощью встроенных магнитов, вы сможете продолжать комфортную игру независимо от интенсивности игровых марафонов.

Технология мгновенного срабатывания Razer с непревзойденной скоростью
Моментальная передача сигнала. Мгновенный отклик.
При срабатывании переключателя новая технология мгновенного срабатывания Razer (ITT) мгновенно отправляет сигнал в систему, предотвращая необходимость в задержке для подавления ложных повторных нажатий. Благодаря непосредственному отклику вы получаете ведущую в отрасли скорость работы для получения неоспоримого преимущества, независимо от выбранной игры.

Настраиваемая подсветка Razer Chroma 16,8 млн. настраиваемых вариантов цветовых оттенков
На базе Razer Chroma. Индивидуально программируемые клавиши с подсветкой и 16,8 млн. настраиваемых вариантов цветовых оттенков. Выберите один из готовых эффектов подсветки или создайте собственную уникальную палитру цветов в соответствии с собственным вкусом — все это с легкостью настраивается с помощью Razer Synapse.

Системные требования
ПК с USB портом
Cписок актуальных поддерживаемых операционных систем указан по ссылке
Интернет соединение (для установки драйверов)
Свободное место на жестком диске 200 Мбайт
Чтобы использовать полный набор функций продукта и для получения обновлений программного обеспечения, потребуется регистрация аккаунта в Razer Synapse 2.0 (нужен действующий адрес электронной почты), скачивание программного обеспечения, принятие лицензионного соглашения и подключение к интернету. После активации, полный набор функций продукта доступен и в дополнительном автономном режиме.",Механическая,Razer Green Switch,10,Usb,"16,8 млн",Нет,Нет,Нет,Нет,Да,Да,Нет,2 м,950 гр,366 x 154 x 30 мм,
,,Клавиатуры,Razer BlackWidow X Chroma Mercury Edition,RZ03-01762000-R3M1,RZ03-01762000-R3M1,"Лаконичная конструкция, без верхней декоративной рамки, клавиатуры Razer BlackWidow X Chroma обеспечивает высочайшую эффективность работы, не уступающую премиальной версии Razer BlackWidow Chroma. Внешний каркас изготовлен из металла, используемого в военной промышленности, он отлично выглядит и гарантированно выдержит проверку временем.

Игровая клавиатура Razer BlackWidow X Chroma позволит настроить индивидуальную подсветку для каждой клавиши с выбором из 16,8 млн. цветов и различных вариантов световых эффектов. Профили настроек могут быть созданы при помощи программы Razer Synapse и опубликованы для загрузки миллионами других пользователей через сервис Razer Chroma Workshop. Поддержка эффектов Chroma интегрирована в целый ряд известных игр, включая Call of Duty, Overwatch, Blade and Soul и др.

Отмеченные многочисленными наградами механические переключатели Razer™
Новые механические переключатели Razer, созданные специально для игровых клавиатур, обладают наиболее удобным характером срабатывания и непревзойденной чувствительностью. С момента своего появления механические переключатели Razer были провозглашены новым стандартом для всех механических игровых клавиатур.

Увеличенный срок службы
Механические переключатели Razer неоднократно показывали себя как наиболее удобные для игр, обеспечивая высочайший уровень качества и надежности без компромиссов. Все элементы переключателей Razer данной технологии и конструкции теперь полностью производятся мощностями самой компании Razer, что гарантирует соблюдение самых строгих требований к каждому изготовленному переключателю и обеспечивает износоустойчивость вплоть до 80 миллионов нажатий.

Безрамочная конструкция
Отсутствие верхней декоративной пластиковой рамки обнажает жесткую металлическую основу игровой клавиатуры Razer BlackWidow X Chroma, придавая ей неповторимый лаконичный облик холодного оружия. Металлическая пластина, на которой закреплены игровые механические переключатели Razer Green, специальным образом обработана и на её поверхности не остается следов от пальцев.

Подсветка Chroma с настройкой 16,8 млн. вариантов оттенков
Клавиатура Razer BlackWidow X Chroma оснащена подсветкой клавиш с возможностью легкой индивидуальной настройки 16,8 млн. вариантов оттенков через программу Razer Synapse. От готовых шаблонов подсветки для разных типов игр до вашей собственной уникально программируемой палитры — мы предусмотрели все, что позволит вам получить максимум незабываемых впечатлений от собственной игры.

Используй готовые и создавай свои световые эффекты в Chroma Workshop
С помощью библиотеки Chroma Workshop вы можете скачать готовые шаблоны световых эффектов для разных игр, для других программ и просто необычные световые эффекты. На портале для разработчиков Razer Chroma Developer Portal вы сможете получить необходимые SDK для создания своих световых эффектов и встраивания их в свои игры.
Системные требования
ПК или Mac со свободным USB портом
Windows® 10 / Windows® 8 / Windows® 7 / Mac OS X (10.8 или выше)
Интернет соединение (для установки драйверов)
Свободное место на жестком диске 200 Мбайт
Чтобы использовать полный набор функций продукта и для получения обновлений программного обеспечения, потребуется регистрация аккаунта в Razer Synapse 2.0 (нужен действующий адрес электронной почты), скачивание программного обеспечения, принятие лицензионного соглашения и подключение к интернету. После активации, полный набор функций продукта доступен и в дополнительном автономном режиме.",Механическая,Razer Green Switch,10,Usb,"16,8 млн",Нет,Нет,Нет,Нет,Да,Нет,Да,1.8 м,1420 гр,459 x 156 x 41 мм,
,,Клавиатуры,Razer Ornata Chroma Destiny 2,RZ03-02043400-R3M1,RZ03-02043400-R3M1,"Destiny 2 Razer Ornata Chroma оснащена новейшими механико-мембранными переключателями Razer, сочетающими лучшие свойства мембранных куполов и механических переключателей, которые обеспечат невиданный ранее комфорт во время печати.

Традиционные клавиатуры с резиновой мембраной известны своим мягким нажатием, которое, однако, не позволяет добиться высокой степени тактильной точности из-за ощущения мягкости и отсутствия контроля срабатывания клавиш.

Механические же переключатели обеспечивают быстрое срабатывание клавиш с четким тактильным откликом, однако вызывают усталость в течение длительных игровых сеансов, например во время продолжительных ночных рейдов.

Революционная механико-мембранная технология Razer Mecha-Membrane (патент заявлен) объединяет лучшие свойства двух миров: мягкое сглаженное нажатие вместе четким тактильным щелчком благодаря колпачкам средней высоты. Такое решение позволит вашим пальцам летать по клавиатуре, обеспечивая мгновенное выполнение каждой команды.

Механическо-мембранные переключатели Razer™ Mecha-Membrane*
Разработанная с нуля, механическая мембрана Razer объединяет мягкость нажатия резинового купола мембранной клавиатуры с четким тактильным щелчком механического переключателя, обеспечивая быстрое срабатывание каждого нажатия клавиши.
* – подана патентная заявка

Средняя высота клавиш – для ускоренного срабатывания
В клавиатуре Destiny 2 Razer Ornata Chroma используются специально разработанные колпачки с уменьшенной высотой для сокращения времени срабатывания клавиш, что позволяет вашим пальцам свободно двигаться, при этом ни одно ваше нажатие не будет пропущено.

Подсветка Razer Chroma™ с настройкой 16.8 млн. оттенков
Благодаря поддержке технологии Razer Chroma клавиатура Destiny 2 Razer Ornata Chroma дает возможность создавать и выводить на устройства невероятные профили подсветки, идеально подходящие вашему классу или подклассу. Благодаря растущему перечню интерактивных игровых эффектов вы можете повышать степень погружения в игровой процесс во время работы с клавиатурой.

Эргономичная подставка для запястья – комфорт в игре
Специально разработанная для Destiny 2 Razer Ornata Chroma эргономичная подставка для запястья обеспечит комфорт независимо от того, двигаетесь ли вы к обретению собственных сил или участвуете в многочисленных рейдах для получения еще лучшего снаряжения.

Одновременное нажатие 10 клавиш в игровом режиме
Каждое ваше нажатие или все десять — будут обработаны. Благодаря встроенной системе подавления фантомных нажатий клавиатура Destiny 2 Razer Ornata Chroma позволяет в любой момент точно выполнять до десяти одновременных команд, так что вы без труда сможете свергнуть Красный Легион.

Синхронизация устройств – при поддержке Razer Chroma™
Будь то цвет любимого класса или психоделическая палитра, вы можете синхронизировать все свои периферийные устройства, поддерживающие Razer Chroma, чтобы выбранные эффекты вдыхали жизнь во все ваше оборудование. Вам доступно бесконечное многообразие визуальных эффектов, которое позволит пробудить вашу клавиатуру, гарнитуру, мышь и даже коврик для мыши единой палитрой.

Системные требования
ПК или Mac со свободным USB портом
Cписок актуальных поддерживаемых операционных систем указан по ссылке
Интернет соединение (для установки драйверов)
Свободное место на жестком диске: 200 Мбайт
Чтобы использовать полный набор функций продукта и для получения обновлений программного обеспечения, потребуется регистрация аккаунта в Razer Synapse 2.0 (нужен действующий адрес электронной почты), скачивание программного обеспечения, принятие лицензионного соглашения и подключение к интернету. После активации полный набор функций продукта доступен и в дополнительном автономном режиме.

",Механическая/Мембранная,Razer Mecha-Membrane,10,Usb,"16,8 млн",Нет,Нет,Нет,Нет,Да,Да,Нет,"1,8 м","0,95 кг (без подставки для рук), 1,26 кг (с подставкой)","463 x 154 x 31 мм (без подставки для рук), 463 x 224 x 31 мм (с подставкой)",
,,Клавиатуры,Razer BlackWidow Chroma Overwatch,RZ03-01222400-R3M1,RZ03-01222400-R3M1,"Механическая игровая клавиатура Razer BlackWidow появилась в 2010 году и быстро стала самой популярной и самой продаваемой игровой клавиатурой в мире. Особенно она пришлась по вкусу киберспортсменам. Четыре года спустя был представлен механический переключатель Razer™ - первый в мире переключатель с нуля разработанный специально для гейминга, благодаря чему Razer BlackWidow получила еще больше преимуществ. С таким нововведением геймеры получили возможность выйти на новый уровень игры, увеличив скорость и точность. Раздвигая границы совершенства, эта элитная механическая игровая клавиатура оставляет соперников далеко позади.

Теперь, вооружившись настраиваемой подсветкой Chroma, эта знаковая для геймеров клавиатура вышла на новый виток своего орбитального полета - каждую клавишу можно выделить своим цветом, добившись непревзойденной персонализации. При характерном дизайне Razer BlackWidow, новая Razer BlackWidow Chroma — это неограниченная свобода самовыражения не только с помощью внушительного спектра цветов, но и с индивидуальным регулированием подсветки. 

Принципиально новые механические переключатели Razer™
Разработанные специально для гейминга, новые механические переключатели Razer отличаются оптимизированным набором точек срабатывания и сброса, вам остается только оттачивать свое мастерство на невиданных прежде скоростях и с молниеносной реакцией. Такие клавиши, оптимально передающие тактильные ощущения, помогают быстрее и точнее реагировать в критических игровых ситуациях.

Повышенная износостойкость
Механические переключатели Razer выдерживают до 60 миллионов нажатий в любом, даже самом длительном и напряженном игровом марафоне. А это значит, что вы можете еще дольше пользоваться всеми преимуществами Razer.

Подсветка Chroma с настройкой 16,8 млн. оттенков
Клавиатура Razer BlackWidow Chroma имеет индивидуально программируемую подсветку клавиш с 16,8 млн. оттенков и простой настройкой в Razer Synapse.

Световые эффекты через Razer Synapse 2.0 
С помощью программы Razer Synapse 2.0 вы можете настроить подсветку клавиатуры и других устройств серии Chroma использую множество различных эффектов – Циклическое переключение цветов спектра, Дыхание, Реактивный, Волна, Статическая подсветка, Пользовательская и на основе шаблонов. Вы сможете для каждой игры создать свою подсветку, а мы для вас подготовили рекомендации для жанров FPS, MOBA, MMO и RTS, которые вы можете менять как вам захочется.

Системные требования
ПК с USB портом
Cписок актуальных поддерживаемых операционных систем указан по ссылке
Интернет соединение (для установки драйверов)
Свободное место на жестком диске: 200 Мбайт
Чтобы использовать полный набор функций продукта и для получения обновлений программного обеспечения, потребуется регистрация аккаунта в Razer Synapse 2.0 (нужен действующий адрес электронной почты), скачивание программного обеспечения, принятие лицензионного соглашения и подключение к интернету. После активации полный набор функций продукта доступен и в дополнительном автономном режиме.",Механическая,Razer Green Switch,10,Usb,"16,8 млн",Нет,Да,Да,Да,Да,Нет,Нет,"1,8 м",1.5 кг,475 x 171 x 39 мм,