Detailed image,Category,Бренд,Product code,Название,Артикул,Описание,Материал покрытия,Материал основания,Размер,Дополнительные функции
,,,,,,,,,,
"RZ02-01350100-R3M1/1.png///RZ02-01350100-R3M1/2.png///RZ02-01350100-R3M1/3.png///RZ02-01350100-R3M1/4.png///RZ02-01350100-R3M1/5.png///RZ02-01350100-R3M1/6.png///RZ02-01350100-R3M1/7.png///RZ02-01350100-R3M1/8.png
",Девайсы///Коврики для мыши,Razer,RZ02-01350100-R3M1,Razer Firefly      ,RZ02-01350100-R3M1,"Не можете сделать выбор между внешним видом и содержанием? И не надо. Коврик Razer Firefly с микротекстурированной и оптимизированной для отражения поверхностью, создан специально для мгновенного отклика в игре, разработан для непревзойденной точности даже в самых сложных игровых поединках - чтобы вы каждый раз легко добивались победы.

Коврик Razer Firefly также оснащен настраиваемой подсветкой Chroma, что делает его первым игровым ковриком для мыши с неограниченными возможностями персональной настройки. Будучи полностью совместимым с другими устройствами Razer, поддерживающими световые эффекты Chroma, этот жесткий коврик для мыши позволяет вам управлять впечатляющим набором эффектов, соответствующих вашему персональному стилю игры. 

Микротекстурированная поверхность позволяет повысить скорость и улучшить контроль в игре.
Для того, чтобы добиться идеального баланса межу контролем и скоростью, коврик Razer Firefly снабжен жесткой микроструктурированной поверхностью. Такая текстура обеспечивающей непревзойденную точность и скорость, не требуя каких-либо усилий. Обеспечивающая максимальную точность плотная поверхность гарантирует, что каждое движение мыши передастся курсору, и вы сможете ощутить превосходную точность во время активных игровых боев.

Оптимальная поддержка всех видов сенсоров и всех параметров чувствительности
Одобренный киберспортсменами коврик Razer Firefly разработан для обеспечения полного контроля вне зависимости от того, какую игровую мышь и какие настройки чувствительности вы используете. Его проверенное в лабораторных условиях покрытие отличается высокими показателями отражющей способности и обеспечивает мгновенный отклик в игре.

Подсветка Chroma с настройкой 16,8 млн. оттенков
Откройте для себя качественно новый уровень персональной настройки с 16,8 млн. оттенков и огромным количеством доступных эффектов подсветки. Подсветку Chroma, расположенную вдоль левого, правого и нижнего края Razer Firefly, можно синхронизировать с другими совместимыми устройствами Razer, что позволяет вам дополнить свою игру ошеломляющей визуальной демонстрацией, насыщенной цветами и эффектами.",Пластик,Резина," 255 х 355 х 3,5 мм","RGB-подсветка кабель в защитной оплетке длиной 2,1 метра"
"RZ02-02000100-R3M1/1.png///RZ02-02000100-R3M1/2.png///RZ02-02000100-R3M1/3.png///RZ02-02000100-R3M1/4.png///RZ02-02000100-R3M1/5.png///RZ02-02000100-R3M1/6.png///RZ02-02000100-R3M1/7.png///RZ02-02000100-R3M1/8.png
",Девайсы///Коврики для мыши,Razer,RZ02-02000100-R3M1,Razer Firefly Cloth,RZ02-02000100-R3M1,"Не можете сделать выбор между внешним видом и содержанием? И не надо. Коврик Razer Firefly Cloth Edition с тканевой поверхностью, создан специально для точной работы любых сенсоров – лазерных и оптических. Тканевая поверхность обеспечивает ровное и гладкое скольжение мыши.

Коврик Razer Firefly Cloth Edition также оснащен настраиваемой подсветкой Chroma, что делает его первым игровым ковриком для мыши с неограниченными возможностями персональной настройки. Будучи полностью совместимым с другими устройствами Razer, поддерживающими световые эффекты Chroma, этот жесткий коврик для мыши позволяет вам управлять впечатляющим набором эффектов, соответствующих вашему персональному стилю игры.

Тканевая поверхность идеально подходит для любых сенсоров
Для того, чтобы добиться идеального баланса межу контролем и скоростью, коврик Razer Firefly Cloth Edition снабжен жесткой тканевой поверхностью, обеспечивающей непревзойденную точность и скорость, не требующую приложения каких-либо усилий. Обеспечивающая максимальную точность гладкая поверхность гарантирует, что каждое движение мыши будет передано курсору, и вы сможете ощутить превосходную точность во время игровой активности.

Оптимальная поддержка всех видов сенсоров и всех параметров чувствительности
Одобренный киберспортсменами коврик Razer Firefly Cloth Edition разработан для обеспечения полного контроля вне зависимости от того, какую игровую мышь и какие настройки чувствительности вы используете. Его проверенное в лабораторных условиях покрытие отличается высокими показателями отражательной способности и обеспечивает мгновенный отклик в игре.

Подсветка Chroma с настройкой 16,8 млн. оттенков
Откройте для себя качественно новый уровень персональной настройки с 16,8 млн. оттенков и огромным количеством доступных эффектов подсветки. Подсветку Chroma, расположенную вдоль левого, правого и нижнего края Razer Firefly Cloth Edition, можно синхронизировать с другими совместимыми устройствами Razer, что позволяет вам дополнить свою игру ошеломляющей визуальной демонстрацией, насыщенной цветами и эффектами.
",Ткань,Резина,"255 х 355 х 3,5 мм","RGB-подсветка кабель в защитной оплетке длиной 2,1 метра"
"RZ02-02500100-R3M1/1.jpg///RZ02-02500100-R3M1/2.jpg///RZ02-02500100-R3M1/3.jpg///RZ02-02500100-R3M1/4.jpg///RZ02-02500100-R3M1/5.jpg///RZ02-02500100-R3M1/6.jpg///RZ02-02500100-R3M1/7.jpg///RZ02-02500100-R3M1/8.jpg///RZ02-02500100-R3M1/9.jpg
",Девайсы///Коврики для мыши,Razer,RZ02-02500100-R3M1,Razer Goliathus Chroma,RZ02-02500100-R3M1,"Да будет свет
Мягкий коврик для мыши Razer Goliathus Chroma теперь оснащен подсветкой Razer Chroma. Этот самый популярный коврик теперь оснащен разноцветной подсветкой с возможностью синхронизации с другими устройствами. Его микротекстурированная тканевая поверхность оптимизирована как для скоростного, так и для точного стиля.

Коврик Razer Goliathus Chroma гарантирует непревзойденную точность независимо от вашего стиля игры. Оптимальная поддержка всех видов сенсоров, стилей игры и настроек чувствительности обеспечивает качественное считывание сигнала и отличные скоростные характеристики.
Новый коврик Razer Goliathus Chroma Extended полностью повторяет все плюсы оригинального Goliathus Chroma, но в несколько раз больше. Открываются новые просторы для маневров, а вокруг становится еще ярче. Сравнение размеров: Goliathus Chroma (длина и ширина) 355x255 мм, Goliathus Chroma Extended (длина и ширина) 920 x 294 мм.

На базе Razer Chroma™
Благодаря полному спектру из 16,8 млн цветовых оттенков на базе Razer ChromaTM ваш коврик Razer Goliathus Chroma будет отображать игровые оповещения и эффекты. Кроме того, вы можете самостоятельно выбрать любой понравившийся оттенок.

Быстрый и точный
Микротекстурированная тканевая поверхность позволяет достигнуть превосходного баланса контроля и скорости для скоростного или более точного стиля игры. Каждое движение указателя мыши в точности соответствует движениям мыши, обеспечивая абсолютную меткость в самых насыщенных игровых эпизодах.

Улучшение параметров любых игровых мышек
Коврик Razer Goliathus Chroma оптимально подходит для всех настроек чувствительности и видов сенсоров. Независимо от того, играете ли вы с высокой или низкой чувствительностью, лазерным или оптическим сенсором, считывание сигнала всегда будет качественным для обеспечения надежного управления в игре.

Всегда остается на своём месте
Razer Goliathus Chroma имеет резиновое основание, предотвращающее скольжение, поэтому он сохранит надежное сцепление с поверхностью стола во время самых мощных перемещений и внезапных движений, даже в самых напряженных матчах.

Гармоничная синхронизация
Синхронизация цветов между различными устройствами позволит всем вашим устройствам с поддержкой Razer Chroma подсвечиваться в унисон — все настройки доступны в Razer Synapse 3.

Уберите кабель с дороги
Благодаря встроенному креплению для кабеля вы сможете убрать излишки кабеля мыши с коврика, чтобы полностью сосредоточиться на игре.
",Ткань,Резина,255 х 355 х 3 мм,На базе подсветки Razer Chroma Поддержка Razer Synapse 3
"RZ02-02500300-R3M1/1.jpg///RZ02-02500300-R3M1/2.jpg///RZ02-02500300-R3M1/3.jpg///RZ02-02500300-R3M1/4.jpg///RZ02-02500300-R3M1/5.jpg///RZ02-02500300-R3M1/6.jpg///RZ02-02500300-R3M1/7.jpg///RZ02-02500300-R3M1/8.jpg
",Девайсы///Коврики для мыши,Razer,RZ02-02500300-R3M1,Razer Goliathus Chroma Extended,RZ02-02500300-R3M1,"Да будет свет
Мягкий коврик для мыши Razer Goliathus Chroma Extended теперь оснащен подсветкой Razer Chroma. Этот самый популярный коврик теперь оснащен разноцветной подсветкой с возможностью синхронизации с другими устройствами. Его микротекстурированная тканевая поверхность оптимизирована как для скоростного, так и для точного стиля.

Коврик Razer Goliathus Chroma Extended гарантирует непревзойденную точность независимо от вашего стиля игры. Оптимальная поддержка всех видов сенсоров, стилей игры и настроек чувствительности обеспечивает качественное считывание сигнала и отличные скоростные характеристики.
Новый коврик Razer Goliathus Chroma Extended полностью повторяет все плюсы оригинального Goliathus Chroma, но в несколько раз больше. Открываются новые просторы для маневров, а вокруг становится еще ярче. Сравнение размеров: Goliathus Chroma (длина и ширина) 355x255 мм, Goliathus Chroma Extended (длина и ширина) 920 x 294 мм.

На базе Razer Chroma™
Благодаря полному спектру из 16,8 млн цветовых оттенков на базе Razer ChromaTM ваш коврик Razer Goliathus Chroma будет отображать игровые оповещения и эффекты. Кроме того, вы можете самостоятельно выбрать любой понравившийся оттенок.

Быстрый и точный
Микротекстурированная тканевая поверхность позволяет достигнуть превосходного баланса контроля и скорости для скоростного или более точного стиля игры. Каждое движение указателя мыши в точности соответствует движениям мыши, обеспечивая абсолютную меткость в самых насыщенных игровых эпизодах.

Улучшение параметров любых игровых мышек
Коврик Razer Goliathus Chroma Extended оптимально подходит для всех настроек чувствительности и видов сенсоров. Независимо от того, играете ли вы с высокой или низкой чувствительностью, лазерным или оптическим сенсором, считывание сигнала всегда будет качественным для обеспечения надежного управления в игре.

Всегда остается на своём месте
Razer Goliathus Chroma Extended имеет резиновое основание, предотвращающее скольжение, поэтому он сохранит надежное сцепление с поверхностью стола во время самых мощных перемещений и внезапных движений, даже в самых напряженных матчах.

Гармоничная синхронизация
Синхронизация цветов между различными устройствами позволит всем вашим устройствам с поддержкой Razer Chroma подсвечиваться в унисон — все настройки доступны в Razer Synapse 3.

Уберите кабель с дороги
Благодаря встроенному креплению для кабеля вы сможете убрать излишки кабеля мыши с коврика, чтобы полностью сосредоточиться на игре.
",Ткань,Резина,920 х 294 х 3 мм,На базе подсветки Razer Chroma Поддержка Razer Synapse 3
"RZ02-02180100-R3M1/1.jpg///RZ02-02180100-R3M1/10.jpg///RZ02-02180100-R3M1/2.jpg///RZ02-02180100-R3M1/3.jpg///RZ02-02180100-R3M1/4.jpg///RZ02-02180100-R3M1/5.jpg///RZ02-02180100-R3M1/6.jpg///RZ02-02180100-R3M1/7.jpg///RZ02-02180100-R3M1/8.jpg///RZ02-02180100-R3M1/9.jpg
",Девайсы///Коврики для мыши,Razer,RZ02-02180100-R3M1,Razer Vespula V2,RZ02-02180100-R3M1,"Новый, улучшенный двусторонний коврик для мыши Razer Vespula V2 имеет еще большую площадь поверхности, повышенное качество для отслеживания сенсора мыши и увеличенную опору для запястья. Благодаря ему вы получаете гибкость и удобство в одном продукте.

Но самое главное – теперь Razer Vespula V2 и пластиковый, и тканевый коврик. Каждая сторона коврика поможет вам достигнуть победы в различных боевых ситуациях – и когда нужна невероятная скорость, и когда нужна попиксельная точность. Просто переверните коврик на нужную сторону.

Оптимизированная и увеличенная форма
Благодаря увеличенной поверхности, по сравнению со своим предшественником, коврик Razer Vespula V2 подходит для еще большего числа стилей игры. Теперь вы можете выполнять быстрые широкие движения или совершать несколько команд по всей игровой карте без каких-либо препятствий.

Две стороны с совершенно разными свойствами, но высокой точностью
Вам нужна более цепкая поверхность для точных выстрелов (тканевая сторона) или лучшее скольжение (пластиковая сторона) для преследования противников? Каждая из сторон коврика Razer Vespula V2 спроектирована в соответствии с вашими требованиями.

Улучшенная опора для запястья с эффектом памяти
Высота и плотность опоры для запястья усовершенствована и подобрана в точном соответствии с вашими требованиями. Теперь вы сможете играть с еще большим комфортом и поддержкой в течение длительного времени.",Ткань,Пластик, 320 x 272 x 22 мм,В комплект входит подставка под запястье с гелевым наполнителем с эффектом памяти.
"RZ02-00200400-R3M1/1.png///RZ02-00200400-R3M1/2.png///RZ02-00200400-R3M1/3.jpg///RZ02-00200400-R3M1/4.png
",Девайсы///Коврики для мыши,Razer,RZ02-00200400-R3M1,Razer Destructor 2,RZ02-00200400-R3M1,"Первая модель пластикового ковра Razer Destructor с покрытием, обеспечивающим невероятно точное отслеживание перемещений мыши, определила стандарт непревзойденной эффективности для профессиональных геймеров. Сегодня, Razer Destructor 2 возвращается, чтобы довести эту точность до совершенства. Эта модель отличается принципиально новым покрытием, на которое мгновенно реагирует сенсор скользящей по коврику мыши, гарантируя вам уверенность в абсолютном контроле над каждым движением в игре.

Оптимизированное покрытие
Проверенный лучшими профессиональными геймерами мира, коврик для мыши Razer Destructor 2 имеет новое покрытие. Мелкие серебряные частицы, нанесенные в угольно-черное покрытие поверхности, повышают ее отражающие качества и обеспечивают мгновенную реакцию сенсора во время игры.

Текстурированная поверхность
Микро-текстурированная поверхность Razer Destructor 2 обеспечивает идеальный баланс между контролем и скоростью. Получите необходимый уровень сопротивления для передвижения мыши и делайте идеально точные хедшоты, при этом свободно перемещая мышь по коврику.



Устойчивое резиновое основание
Коврик для мыши Razer Destructor 2 оснащен резиновым основанием, предотвращающим проскальзывание, оно позволяет зафиксировать коврик на столе в нужном вам положении, которое не изменится даже от самых энергичных движений мышью. Ничто не помешает вашей игре.

",Пластик,Резина,"355 x 255 x 2,2 мм",Оптимизированное угольно-черное покрытие с мелкими серебряными частицами для идеальной работы сенсора мыши
"RZ02-00920100-R3M1/1.jpg///RZ02-00920100-R3M1/2.png
",Девайсы///Коврики для мыши,Razer,RZ02-00920100-R3M1,Razer Manticor,RZ02-00920100-R3M1,"Алюминиевый коврик для мыши Razer Manticor демонстрирует новый уровень непревзойденного дизайна и технологии, обеспечивая невероятно легкое скольжение для вашей игровой мыши. Razer Manticor выполнен из цельной пластины авиационного алюминия, а поверхность коврика имеет специальное покрытие, которое обеспечивает абсолютную точность и плавность перемещения мыши. Его угольно-черная отделка была специально выбрана после продолжительного тестирования, поскольку черный цвет лучше всего подходит для надежной работы сенсора. В результате вы сможете мгновенно реагировать метким хедшотом столкнувшись с противником лицом к лицу.

Оптимизированное покрытие
Специально разработанная микроскопическая текстура поверхности коврика для мыши Razer Manticor обеспечивает наиболее точную и постоянную работу сенсора. Используя этот коврик, вы забудете о срывах сенсора и проблемах гладкого скольжения.

Прочный монолитный алюминиевый корпус
Модель Razer Manticor выполнена из цельной пластины авиационного алюминия. Плоское и гладкое основание обеспечивает комфортное гладкое скольжение. В то же время, молекулярное взаимодействие, возникающее в результате специальной механической обработки, создает высокопрочную структуру, которая обеспечивает максимальную прочность. В процессе пескоструйной обработки создается текстура, которая способствует точности наведения и позволяет вам насладиться каждым движением мыши.

Тонкий и широкий
Коврик для мыши Razer Manticor настолько тонкий, что он практически сливается с поверхностью стола. Благодаря этому вы можете перемещать мышь, не беспокоясь о возможных сбоях при выходе за пределы коврика. Такой подход является также более эргономичным: нагрузка на запястье снижается, а значит, вы можете продолжать свои победоносные действия в игре гораздо дольше.
",Алюминий,Резина,"355 x 255 x 2,2 мм",Коврик из анодированного алюминия
"RZ02-01940100-R3M1/1.png///RZ02-01940100-R3M1/2.png///RZ02-01940100-R3M1/3.png///RZ02-01940100-R3M1/4.png///RZ02-01940100-R3M1/5.png///RZ02-01940100-R3M1/6.png///RZ02-01940100-R3M1/7.png///RZ02-01940100-R3M1/8.png///RZ02-01940100-R3M1/9.png
",Девайсы///Коврики для мыши,Razer,RZ02-01940100-R3M1,Razer Sphex V2,RZ02-01940100-R3M1,"Игровой коврик Razer Sphex V2 спроектирован для безупречной игры за настольным компьютером. Этот сверхтонкий игровой коврик обеспечивает высокое качество отслеживания как для лазерных, так и для оптических игровых мышек. Игровой коврик выполнен из сверхпрочного поликарбоната и усовершенствованного материала липкой подложки. Его характеристики и расположение останутся неизменными в ходе самого интенсивного игрового процесса, чтобы ваше внимание было сфокусировано исключительно на игре.

Для безупречной работы за настольным компьютером
Игровой коврик Razer Sphex V2 спроектирован для игроков, предпочитающих играть на абсолютно ровной горизонтальной поверхности. Его толщина составляет менее половины миллиметра. Благодаря сверхтонкой форме и усовершенствованному материалу липкой подложки этот игровой коврик станет превосходным выбором для игроков, предпочитающих игровой процесс без каких-либо помех.

Спроектирован для лазерных и оптических сенсоров
Игровой коврик Razer Sphex V2 спроектирован для повышения качества работы компьютерной мыши, демонстрации всех возможностей как оптических, так и лазерных сенсоров, обеспечения скорости и контроля любого стиля игры.

Максимальная прочность
Сверхпрочное покрытие из поликарбоната игрового коврика Razer Sphex V2 протестировано в лабораторных условиях на устойчивость к ударной нагрузке, разрывам и износу. Невероятная прочность обеспечит великолепные результаты в самых интенсивных тренировках и на турнирах.
",Поликарбонат,Поликарбонат,"355 x 254 x 0,5 мм","Сверхтонкая поверхность 0,5 мм. Многоразовый липкий слой основания. Превосходное качество отслеживания как для лазерных, так и для оптических мышей"
"RZ02-01940200-R3M1/1.png///RZ02-01940200-R3M1/10.png///RZ02-01940200-R3M1/2.png///RZ02-01940200-R3M1/3.png///RZ02-01940200-R3M1/4.png///RZ02-01940200-R3M1/5.png///RZ02-01940200-R3M1/6.png///RZ02-01940200-R3M1/7.png///RZ02-01940200-R3M1/8.png///RZ02-01940200-R3M1/9.png
",Девайсы///Коврики для мыши,Razer,RZ02-01940200-R3M1,Razer Sphex V2 Mini,RZ02-01940200-R3M1,"Игровой коврик Razer Sphex V2 спроектирован для безупречной игры за настольным компьютером. Этот сверхтонкий игровой коврик обеспечивает высокое качество отслеживания как для лазерных, так и для оптических игровых мышек. Игровой коврик выполнен из сверхпрочного поликарбоната и усовершенствованного материала липкой подложки. Его характеристики и расположение останутся неизменными в ходе самого интенсивного игрового процесса, чтобы ваше внимание было сфокусировано исключительно на игре.

Для безупречной работы за настольным компьютером
Игровой коврик Razer Sphex V2 спроектирован для игроков, предпочитающих играть на абсолютно ровной горизонтальной поверхности. Его толщина составляет менее половины миллиметра. Благодаря сверхтонкой форме и усовершенствованному материалу липкой подложки этот игровой коврик станет превосходным выбором для игроков, предпочитающих игровой процесс без каких-либо помех.

Спроектирован для лазерных и оптических сенсоров
Игровой коврик Razer Sphex V2 спроектирован для повышения качества работы компьютерной мыши, демонстрации всех возможностей как оптических, так и лазерных сенсоров, обеспечения скорости и контроля любого стиля игры.

Максимальная прочность
Сверхпрочное покрытие из поликарбоната игрового коврика Razer Sphex V2 протестировано в лабораторных условиях на устойчивость к ударной нагрузке, разрывам и износу. Невероятная прочность обеспечит великолепные результаты в самых интенсивных тренировках и на турнирах.
",Поликарбонат,Поликарбонат,"270 x 215 x 0,5 мм","Сверхтонкая поверхность 0,5 мм. Многоразовый липкий слой основания. Превосходное качество отслеживания как для лазерных, так и для оптических мышей"
"RZ02-01820200-R3M1/1.png///RZ02-01820200-R3M1/2.png///RZ02-01820200-R3M1/3.png///RZ02-01820200-R3M1/4.png///RZ02-01820200-R3M1/5.png
",Девайсы///Коврики для мыши,Razer,RZ02-01820200-R3M1,Razer Goliathus Mobile,RZ02-01820200-R3M1,"Что делать, когда ты играешь не дома? Так сложно не сдавать позиций без привычных игровых приспособлений. Представляем Razer Goliathus Mobile – мобильный коврик для игровой мыши. Идеальное соотношение контроля и скорости. Высочайшая точность считывания движений. И вся эта роскошь — в мобильном исполнении. Коврик получился очень легким. Толщина — всего лишь 1,5 мм. Такой не занимает много места в чемодане, сумке или рюкзаке. Позвольте себе небольшое преимущество на чужой территории.

Тонкий и гибкий — максимальная мобильность
Razer Goliathus Mobile, при толщине всего 1,5 мм, можно запросто всегда носить с собой. Можно, к примеру, вложить его внутрь ноутбука или свернуть трубочкой и сунуть в сумку, не боясь, что он потом не развернется.

Баланс контроля и скорости
Когда проектируешь коврик для геймеров, которые всегда в разъездах, важно соблюсти баланс, чтобы один и тот же коврик подходил для разных стилей игры. В результате обширных исследований и практических испытаний родился Razer Goliathus Mobile — его гладкая поверхность обеспечивает и быстрое скольжение, и точность остановки для контроля в игре.

Оптимальная поверхность для точного отслеживания движений
Razer Goliathus Mobile был создан благодаря пристальному вниманию к деталям. Микротекстура тканой поверхности отлично подходит как для оптических, так и для лазерных мышек. Это идеальная поверхность для турниров, где важно точное отслеживание движений. Малейшее перемещение будет замечено и с точностью скопировано на экран.
",Ткань,Резина,"215 x 270 x 1,5 мм","Оптимальный размер для мобильного использования
Прорезиненное основание для оптимального комфорта"
"RZ02-01820500-R3M1/1.png///RZ02-01820500-R3M1/2.png///RZ02-01820500-R3M1/3.png///RZ02-01820500-R3M1/4.png///RZ02-01820500-R3M1/5.png///RZ02-01820500-R3M1/6.png///RZ02-01820500-R3M1/7.png///RZ02-01820500-R3M1/8.png///RZ02-01820500-R3M1/9.png
",Девайсы///Коврики для мыши,Razer,RZ02-01820500-R3M1,Razer Goliathus Mobile Stealth,RZ02-01820500-R3M1,"Представляем мобильный коврик для мыши Razer Goliathus Mobile Stealth Edition, обеспечивающий высокочувствительное управление во время игр и высокую производительность.

При толщине всего лишь 1,5 мм коврик имеет невероятно гибкую поверхность, благодаря чему его легко брать с собой, куда бы вы не шли. Вы всегда будете иметь явное преимущество перед соперником, даже находясь в дороге.

Ультратонкий — толщиной всего лишь 1,5 мм
Благодаря тонкой форме, коврик Razer Goliathus Mobile Stealth Edition невероятно просто носить с собой. Он такого же размера, как и коврик Razer Goliathus Small, к тому же исключительно долговечный. Можно вложить этот коврик для мыши между экраном и клавиатурой ноутбука или свернуть его в трубочку и положить в сумку, не боясь, что он потом не развернется.

Идеальное соотношение контроля и скорости
Придерживаясь строгих стандартов лучших киберспортсменов, коврик Razer Goliathus Mobile Stealth Edition обладает поверхностью, которая дает вам точность для фокусировки на мелких деталях, так и скорость для быстрого переключения между несколькими окнами.

Сверхтонкая микротекстурная ткань для превосходного отслеживания
Поверхность со сверхтонким микротекстурным переплетением, созданная специально для турниров, где важно точное отслеживание движений. Мельчайшее движение мыши будет с точностью передано на экран.
",Ткань,Резина,"215 x 270 x 1,5 мм","Текстурированная тканевая отделка для превосходного баланса между скоростью и контролем игрового процесса
Оптимальный размер для мобильного использования"
"RZ02-01830200-R3M1/1.png///RZ02-01830200-R3M1/10.png///RZ02-01830200-R3M1/2.png///RZ02-01830200-R3M1/3.png///RZ02-01830200-R3M1/4.png///RZ02-01830200-R3M1/5.png///RZ02-01830200-R3M1/6.png///RZ02-01830200-R3M1/7.png///RZ02-01830200-R3M1/8.png///RZ02-01830200-R3M1/9.png
",Девайсы///Коврики для мыши,Razer,RZ02-01830200-R3M1,Razer Gigantus,RZ02-01830200-R3M1,"На киберспортивных турнирах геймеры должны продемонстрировать свои лучшие способности, и они не ожидают меньшего от тех девайсов, которые сами используют. Киберспортивный коврик для мыши Razer Gigantus был полностью создан на основе отзывов профессионалов из Team Razer. У Razer Gigantus очень большая поверхность, специальное игровое покрытие и оптимальная толщина, поэтому вы будете на шаг впереди своих соперников на протяжении всего марафона.

Очень большая поверхность для мышек с низкой чувствительностью
Обидно, когда коврик для мыши ограничивает движения в разгар игры. Значительно больший по размеру, чем другие коврики для мыши, Razer Gigantus дает вам пространство для маневров, особенно если вы играете при выбранной низкой чувствительности. На просторном коврике реже приходится поднимать и переносить мышь.

Специальное игровое покрытие — залог вашей скорости и точности
Razer Gigantus был создан для обеспечения мягкого скольжения и достаточной силы сопротивления, так что вы получите лучшее из обоих миров на поле боя. Ровная плоская текстурированная поверхность этого коврика нового поколения оптимизирована для высокой быстроты реакции на отслеживание перемещений, предоставляя максимальную точность, которая так нужна всем профессиональным геймерам.

Увеличенная толщина для однородной поверхности
Плотная пена толщиной 5 мм, из которой сделан Razer Gigantus, и прорезиненное основание не дают ему смещаться даже на не самой совершенной поверхности. Этот коврик даст надёжное основание для точных движений мышкой.
",Ткань,Резина,455x455x5 мм,Очень большой размер для игры на низких разрешениях.Прошитые края для защиты от износа.
"RZ02-01070100-R3M2/1.jpg///RZ02-01070100-R3M2/2.png///RZ02-01070100-R3M2/3.png///RZ02-01070100-R3M2/4.png///RZ02-01070100-R3M2/5.png
",Девайсы///Коврики для мыши,Razer,RZ02-01070100-R3M2,Razer Goliathus Speed Terra Small,RZ02-01070100-R3M2,"Коврик Razer Goliathus Speed Terra Edition, протестированный в лабораториях Razer и проверенный на практике лучшими игроками eSports, представляет собой идеально гладкую поверхность, на которой ничто не помешает движению игровой мыши.

Гладкая поверхность и плотное переплетение — основа СКОРОСТИ в игре
Нити тканого покрытия у Razer Goliathus Speed Terra Edition сплетены настолько плотно, что в итоге создается идеально гладкая поверхность, по которой игровая мышь скользит предельно быстро. Кроме того, покрытие очень приятно на ощупь, и рука будет меньше уставать во время продолжительной игры.

Оптимальная поддержка всех видов сенсоров и всех параметров чувствительности
Низкая или высокая чувствительность, лазерная или оптическая игровая мышь — при любом раскладе Razer Goliathus Speed Terra Edition обеспечит качественное считывание сигнала и стабильность управления в игре.

",Ткань,Резина,270 x 215 x 3 мм,"Плотное и гладкое переплетение нитей для скоростных движений
Попиксельная точность прицеливания и отслеживания
Оптимальное покрытие для всех уровней чувствительности и всех видов сенсоровSmall (Маленький) - 270 x 215 x 3 мм"
"RZ02-01070200-R3M2/1.png///RZ02-01070200-R3M2/2.png///RZ02-01070200-R3M2/3.png///RZ02-01070200-R3M2/4.png///RZ02-01070200-R3M2/5.png
",Девайсы///Коврики для мыши,Razer,RZ02-01070200-R3M2,Razer Goliathus Speed Terra Medium,RZ02-01070200-R3M2,"Коврик Razer Goliathus Speed Terra Edition, протестированный в лабораториях Razer и проверенный на практике лучшими игроками eSports, представляет собой идеально гладкую поверхность, на которой ничто не помешает движению игровой мыши.

Гладкая поверхность и плотное переплетение — основа СКОРОСТИ в игре
Нити тканого покрытия у Razer Goliathus Speed Terra Edition сплетены настолько плотно, что в итоге создается идеально гладкая поверхность, по которой игровая мышь скользит предельно быстро. Кроме того, покрытие очень приятно на ощупь, и рука будет меньше уставать во время продолжительной игры.

Оптимальная поддержка всех видов сенсоров и всех параметров чувствительности
Низкая или высокая чувствительность, лазерная или оптическая игровая мышь — при любом раскладе Razer Goliathus Speed Terra Edition обеспечит качественное считывание сигнала и стабильность управления в игре.

",Ткань,Резина,355 x 254 x 3 мм,"Плотное и гладкое переплетение нитей для скоростных движений
Попиксельная точность прицеливания и отслеживания
Оптимальное покрытие для всех уровней чувствительности и всех видов сенсоровMedium (Средний) - 355 x 254 x 3 мм"
"RZ02-01070300-R3M2/1.png///RZ02-01070300-R3M2/2.png///RZ02-01070300-R3M2/3.png///RZ02-01070300-R3M2/4.png///RZ02-01070300-R3M2/5.png
",Девайсы///Коврики для мыши,Razer,RZ02-01070300-R3M2,Razer Goliathus Speed Terra Large,RZ02-01070300-R3M2,"Коврик Razer Goliathus Speed Terra Edition, протестированный в лабораториях Razer и проверенный на практике лучшими игроками eSports, представляет собой идеально гладкую поверхность, на которой ничто не помешает движению игровой мыши.

Гладкая поверхность и плотное переплетение — основа СКОРОСТИ в игре
Нити тканого покрытия у Razer Goliathus Speed Terra Edition сплетены настолько плотно, что в итоге создается идеально гладкая поверхность, по которой игровая мышь скользит предельно быстро. Кроме того, покрытие очень приятно на ощупь, и рука будет меньше уставать во время продолжительной игры.

Оптимальная поддержка всех видов сенсоров и всех параметров чувствительности
Низкая или высокая чувствительность, лазерная или оптическая игровая мышь — при любом раскладе Razer Goliathus Speed Terra Edition обеспечит качественное считывание сигнала и стабильность управления в игре.

",Ткань,Резина, 444 x 355 x 3 мм,"Плотное и гладкое переплетение нитей для скоростных движений
Попиксельная точность прицеливания и отслеживания
Оптимальное покрытие для всех уровней чувствительности и всех видов сенсоровLarge (Большой) - 444 x 355 x 3 мм"
"RZ02-01070400-R3M2/1.png///RZ02-01070400-R3M2/2.png///RZ02-01070400-R3M2/3.png///RZ02-01070400-R3M2/4.png///RZ02-01070400-R3M2/5.png
",Девайсы///Коврики для мыши,Razer,RZ02-01070400-R3M2,Razer Goliathus Speed Terra Extended,RZ02-01070400-R3M2,"Коврик Razer Goliathus Speed Terra Edition, протестированный в лабораториях Razer и проверенный на практике лучшими игроками eSports, представляет собой идеально гладкую поверхность, на которой ничто не помешает движению игровой мыши.

Гладкая поверхность и плотное переплетение — основа СКОРОСТИ в игре
Нити тканого покрытия у Razer Goliathus Speed Terra Edition сплетены настолько плотно, что в итоге создается идеально гладкая поверхность, по которой игровая мышь скользит предельно быстро. Кроме того, покрытие очень приятно на ощупь, и рука будет меньше уставать во время продолжительной игры.

Оптимальная поддержка всех видов сенсоров и всех параметров чувствительности
Низкая или высокая чувствительность, лазерная или оптическая игровая мышь — при любом раскладе Razer Goliathus Speed Terra Edition обеспечит качественное считывание сигнала и стабильность управления в игре.

",Ткань,Резина, 920 x 294 x 3 мм,"Плотное и гладкое переплетение нитей для скоростных движений
Попиксельная точность прицеливания и отслеживания
Оптимальное покрытие для всех уровней чувствительности и всех видов сенсоров"
"RZ02-01910100-R3M1/1.png///RZ02-01910100-R3M1/2.png///RZ02-01910100-R3M1/3.png///RZ02-01910100-R3M1/4.png///RZ02-01910100-R3M1/5.png
",Девайсы///Коврики для мыши,Razer,RZ02-01910100-R3M1,Razer Goliathus Speed Cosmic Small,RZ02-01910100-R3M1,"Коврик Razer Goliathus Speed Cosmic Edition, протестированный в лабораториях Razer и проверенный на практике лучшими игроками eSports, представляет собой идеально гладкую поверхность, на которой ничто не помешает движению игровой мыши.

Гладкая поверхность и плотное переплетение — основа СКОРОСТИ в игре
Нити тканого покрытия у Razer Goliathus Speed Cosmic Edition сплетены настолько плотно, что в итоге создается идеально гладкая поверхность, по которой игровая мышь скользит предельно быстро. Кроме того, покрытие очень приятно на ощупь, и рука будет меньше уставать во время продолжительной игры.

Оптимальная поддержка всех видов сенсоров и всех параметров чувствительности
Низкая или высокая чувствительность, лазерная или оптическая игровая мышь — при любом раскладе Razer Goliathus Speed Cosmic Edition обеспечит качественное считывание сигнала и стабильность управления в игре.
",Ткань,Резина,270 x 215 x 3 мм,"Попиксельная точность прицеливания и отслеживания
.
Оптимальное покрытие для всех уровней чувствительности и всех видов сенсоров
.
Материал из ткани, удобно сворачивать и брать с собой
.
Износостойкие прошитые края."
"RZ02-01910200-R3M1/1.png///RZ02-01910200-R3M1/2.png///RZ02-01910200-R3M1/3.png///RZ02-01910200-R3M1/4.png///RZ02-01910200-R3M1/5.png
",Девайсы///Коврики для мыши,Razer,RZ02-01910200-R3M1,Razer Goliathus Speed Cosmic Medium,RZ02-01910200-R3M1,"Коврик Razer Goliathus Speed Cosmic Edition, протестированный в лабораториях Razer и проверенный на практике лучшими игроками eSports, представляет собой идеально гладкую поверхность, на которой ничто не помешает движению игровой мыши.

Гладкая поверхность и плотное переплетение — основа СКОРОСТИ в игре
Нити тканого покрытия у Razer Goliathus Speed Cosmic Edition сплетены настолько плотно, что в итоге создается идеально гладкая поверхность, по которой игровая мышь скользит предельно быстро. Кроме того, покрытие очень приятно на ощупь, и рука будет меньше уставать во время продолжительной игры.

Оптимальная поддержка всех видов сенсоров и всех параметров чувствительности
Низкая или высокая чувствительность, лазерная или оптическая игровая мышь — при любом раскладе Razer Goliathus Speed Cosmic Edition обеспечит качественное считывание сигнала и стабильность управления в игре.
",Ткань,Резина, 355 x 254 x 3 мм,"Попиксельная точность прицеливания и отслеживания
.
Оптимальное покрытие для всех уровней чувствительности и всех видов сенсоров
.
Материал из ткани, удобно сворачивать и брать с собой
.
Износостойкие прошитые края."
"RZ02-01910300-R3M1/1.png///RZ02-01910300-R3M1/2.png///RZ02-01910300-R3M1/3.png///RZ02-01910300-R3M1/4.png///RZ02-01910300-R3M1/5.png
",Девайсы///Коврики для мыши,Razer,RZ02-01910300-R3M1,Razer Goliathus Speed Cosmic Large,RZ02-01910300-R3M1,"Коврик Razer Goliathus Speed Cosmic Edition, протестированный в лабораториях Razer и проверенный на практике лучшими игроками eSports, представляет собой идеально гладкую поверхность, на которой ничто не помешает движению игровой мыши.

Гладкая поверхность и плотное переплетение — основа СКОРОСТИ в игре
Нити тканого покрытия у Razer Goliathus Speed Cosmic Edition сплетены настолько плотно, что в итоге создается идеально гладкая поверхность, по которой игровая мышь скользит предельно быстро. Кроме того, покрытие очень приятно на ощупь, и рука будет меньше уставать во время продолжительной игры.

Оптимальная поддержка всех видов сенсоров и всех параметров чувствительности
Низкая или высокая чувствительность, лазерная или оптическая игровая мышь — при любом раскладе Razer Goliathus Speed Cosmic Edition обеспечит качественное считывание сигнала и стабильность управления в игре.
",Ткань,Резина,444 x 355 x 3 мм,"Попиксельная точность прицеливания и отслеживания
.
Оптимальное покрытие для всех уровней чувствительности и всех видов сенсоров
.
Материал из ткани, удобно сворачивать и брать с собой
.
Износостойкие прошитые края."
"RZ02-01910400-R3M1/1.png///RZ02-01910400-R3M1/2.png///RZ02-01910400-R3M1/3.png///RZ02-01910400-R3M1/4.png///RZ02-01910400-R3M1/5.png
",Девайсы///Коврики для мыши,Razer,RZ02-01910400-R3M1,Razer Goliathus Speed Cosmic Extended,RZ02-01910400-R3M1,"Коврик Razer Goliathus Speed Cosmic Edition, протестированный в лабораториях Razer и проверенный на практике лучшими игроками eSports, представляет собой идеально гладкую поверхность, на которой ничто не помешает движению игровой мыши.

Гладкая поверхность и плотное переплетение — основа СКОРОСТИ в игре
Нити тканого покрытия у Razer Goliathus Speed Cosmic Edition сплетены настолько плотно, что в итоге создается идеально гладкая поверхность, по которой игровая мышь скользит предельно быстро. Кроме того, покрытие очень приятно на ощупь, и рука будет меньше уставать во время продолжительной игры.

Оптимальная поддержка всех видов сенсоров и всех параметров чувствительности
Низкая или высокая чувствительность, лазерная или оптическая игровая мышь — при любом раскладе Razer Goliathus Speed Cosmic Edition обеспечит качественное считывание сигнала и стабильность управления в игре.
",Ткань,Резина,920 x 294 x 3 мм,"Попиксельная точность прицеливания и отслеживания
.
Оптимальное покрытие для всех уровней чувствительности и всех видов сенсоров
.
Материал из ткани, удобно сворачивать и брать с собой
.
Износостойкие прошитые края."
"RZ02-01070500-R3M2/1.png///RZ02-01070500-R3M2/2.png///RZ02-01070500-R3M2/3.png///RZ02-01070500-R3M2/4.png///RZ02-01070500-R3M2/5.png
",Девайсы///Коврики для мыши,Razer,RZ02-01070500-R3M2,Razer Goliathus Control Fissure Small,RZ02-01070500-R3M2,"Коврик Razer Goliathus Control Fissure Edition, протестированный в лабораториях Razer и проверенный на практике лучшими игроками eSports, обеспечивает нужный уровень трения для абсолютного контроля в игре.

Крупно-текстурная ткань — основа ТОЧНОСТИ
Текстура поверхности ткани Razer Goliathus Control Fissure Edition обеспечивает именно ту силу трения, которая необходима для игровой мыши, чтобы вы могли целиться с точностью до пикселя. Кроме того, покрытие очень приятно на ощупь, и рука будет меньше уставать во время продолжительной игры.

Оптимальная поддержка всех видов сенсоров и всех параметров чувствительности
Низкая или высокая чувствительность, лазерная или оптическая игровая мышь — при любом раскладе Razer Goliathus Control Fissure Edition обеспечит качественное считывание сигнала и стабильность управления в игре.

Четыре разных размера
У кого-то в распоряжении есть только краешек стола, а кому-то достался настоящий игродром. А некоторым просто не сидится на месте: они постоянно в дороге. Мы постарались подумать о каждом из вас и сделали четыре варианта Razer Goliathus Control Fissure Edition разного размера.

",Ткань,Резина,270 x 215 x 3 мм,"Крупно текстурированная ткань для максимального контроля действий
Попиксельная точность прицеливания и отслеживания
Оптимальное покрытие для всех уровней чувствительности и всех видов сенсоров"
"RZ02-01070600-R3M2/1.png///RZ02-01070600-R3M2/2.png///RZ02-01070600-R3M2/3.png///RZ02-01070600-R3M2/4.png///RZ02-01070600-R3M2/5.png
",Девайсы///Коврики для мыши,Razer,RZ02-01070600-R3M2,Razer Goliathus Control Fissure Medium,RZ02-01070600-R3M2,"Коврик Razer Goliathus Control Fissure Edition, протестированный в лабораториях Razer и проверенный на практике лучшими игроками eSports, обеспечивает нужный уровень трения для абсолютного контроля в игре.

Крупно-текстурная ткань — основа ТОЧНОСТИ
Текстура поверхности ткани Razer Goliathus Control Fissure Edition обеспечивает именно ту силу трения, которая необходима для игровой мыши, чтобы вы могли целиться с точностью до пикселя. Кроме того, покрытие очень приятно на ощупь, и рука будет меньше уставать во время продолжительной игры.

Оптимальная поддержка всех видов сенсоров и всех параметров чувствительности
Низкая или высокая чувствительность, лазерная или оптическая игровая мышь — при любом раскладе Razer Goliathus Control Fissure Edition обеспечит качественное считывание сигнала и стабильность управления в игре.

Четыре разных размера
У кого-то в распоряжении есть только краешек стола, а кому-то достался настоящий игродром. А некоторым просто не сидится на месте: они постоянно в дороге. Мы постарались подумать о каждом из вас и сделали четыре варианта Razer Goliathus Control Fissure Edition разного размера.

",Ткань,Резина,355 x 254 x 3 мм,"Крупно текстурированная ткань для максимального контроля действий
Попиксельная точность прицеливания и отслеживания
Оптимальное покрытие для всех уровней чувствительности и всех видов сенсоров"
"RZ02-01070700-R3M2/1.png///RZ02-01070700-R3M2/2.png///RZ02-01070700-R3M2/3.png///RZ02-01070700-R3M2/4.png///RZ02-01070700-R3M2/5.png
",Девайсы///Коврики для мыши,Razer,RZ02-01070700-R3M2,Razer Goliathus Control Fissure Large,RZ02-01070700-R3M2,"Коврик Razer Goliathus Control Fissure Edition, протестированный в лабораториях Razer и проверенный на практике лучшими игроками eSports, обеспечивает нужный уровень трения для абсолютного контроля в игре.

Крупно-текстурная ткань — основа ТОЧНОСТИ
Текстура поверхности ткани Razer Goliathus Control Fissure Edition обеспечивает именно ту силу трения, которая необходима для игровой мыши, чтобы вы могли целиться с точностью до пикселя. Кроме того, покрытие очень приятно на ощупь, и рука будет меньше уставать во время продолжительной игры.

Оптимальная поддержка всех видов сенсоров и всех параметров чувствительности
Низкая или высокая чувствительность, лазерная или оптическая игровая мышь — при любом раскладе Razer Goliathus Control Fissure Edition обеспечит качественное считывание сигнала и стабильность управления в игре.

Четыре разных размера
У кого-то в распоряжении есть только краешек стола, а кому-то достался настоящий игродром. А некоторым просто не сидится на месте: они постоянно в дороге. Мы постарались подумать о каждом из вас и сделали четыре варианта Razer Goliathus Control Fissure Edition разного размера.

",Ткань,Резина,444 x 355 x 3 мм,"Крупно текстурированная ткань для максимального контроля действий
Попиксельная точность прицеливания и отслеживания
Оптимальное покрытие для всех уровней чувствительности и всех видов сенсоров"
"RZ02-01070800-R3M2/1.png///RZ02-01070800-R3M2/2.png///RZ02-01070800-R3M2/3.png///RZ02-01070800-R3M2/4.png///RZ02-01070800-R3M2/5.png
",Девайсы///Коврики для мыши,Razer,RZ02-01070800-R3M2,Razer Goliathus Control Fissure Extended,RZ02-01070800-R3M2,"Коврик Razer Goliathus Control Fissure Edition, протестированный в лабораториях Razer и проверенный на практике лучшими игроками eSports, обеспечивает нужный уровень трения для абсолютного контроля в игре.

Крупно-текстурная ткань — основа ТОЧНОСТИ
Текстура поверхности ткани Razer Goliathus Control Fissure Edition обеспечивает именно ту силу трения, которая необходима для игровой мыши, чтобы вы могли целиться с точностью до пикселя. Кроме того, покрытие очень приятно на ощупь, и рука будет меньше уставать во время продолжительной игры.

Оптимальная поддержка всех видов сенсоров и всех параметров чувствительности
Низкая или высокая чувствительность, лазерная или оптическая игровая мышь — при любом раскладе Razer Goliathus Control Fissure Edition обеспечит качественное считывание сигнала и стабильность управления в игре.

Четыре разных размера
У кого-то в распоряжении есть только краешек стола, а кому-то достался настоящий игродром. А некоторым просто не сидится на месте: они постоянно в дороге. Мы постарались подумать о каждом из вас и сделали четыре варианта Razer Goliathus Control Fissure Edition разного размера.

",Ткань,Резина,920 x 294 x 3 мм,"Крупно текстурированная ткань для максимального контроля действий
Попиксельная точность прицеливания и отслеживания
Оптимальное покрытие для всех уровней чувствительности и всех видов сенсоров"
"RZ02-01910500-R3M1/1.png///RZ02-01910500-R3M1/2.png///RZ02-01910500-R3M1/3.png///RZ02-01910500-R3M1/4.png///RZ02-01910500-R3M1/5.png
",Девайсы///Коврики для мыши,Razer,RZ02-01910500-R3M1,Razer Goliathus Control Gravity Small,RZ02-01910500-R3M1,"Коврик Razer Goliathus Control Gravity Edition, протестированный в лабораториях Razer и проверенный на практике лучшими игроками eSports, обеспечивает нужный уровень трения для абсолютного контроля в игре.

Крупно-текстурная ткань — основа ТОЧНОСТИ
Текстура поверхности ткани Razer Goliathus Control Gravity Edition обеспечивает именно ту силу трения, которая необходима для игровой мыши, чтобы вы могли целиться с точностью до пикселя. Кроме того, покрытие очень приятно на ощупь, и рука будет меньше уставать во время продолжительной игры.

Оптимальная поддержка всех видов сенсоров и всех параметров чувствительности
Низкая или высокая чувствительность, лазерная или оптическая игровая мышь — при любом раскладе Razer Goliathus Control Gravity Edition обеспечит качественное считывание сигнала и стабильность управления в игре.
",Ткань,Резина,270 x 215 x 3 мм,"рупно текстурированная ткань для максимального контроля действий
Попиксельная точность прицеливания и отслеживания
Оптимальное покрытие для всех уровней чувствительности и всех видов сенсоров"
"RZ02-01910600-R3M1/1.png///RZ02-01910600-R3M1/2.png///RZ02-01910600-R3M1/3.png///RZ02-01910600-R3M1/4.png///RZ02-01910600-R3M1/5.png
",Девайсы///Коврики для мыши,Razer,RZ02-01910600-R3M1,Razer Goliathus Control Gravity Medium,RZ02-01910600-R3M1,"Коврик Razer Goliathus Control Gravity Edition, протестированный в лабораториях Razer и проверенный на практике лучшими игроками eSports, обеспечивает нужный уровень трения для абсолютного контроля в игре.

Крупно-текстурная ткань — основа ТОЧНОСТИ
Текстура поверхности ткани Razer Goliathus Control Gravity Edition обеспечивает именно ту силу трения, которая необходима для игровой мыши, чтобы вы могли целиться с точностью до пикселя. Кроме того, покрытие очень приятно на ощупь, и рука будет меньше уставать во время продолжительной игры.

Оптимальная поддержка всех видов сенсоров и всех параметров чувствительности
Низкая или высокая чувствительность, лазерная или оптическая игровая мышь — при любом раскладе Razer Goliathus Control Gravity Edition обеспечит качественное считывание сигнала и стабильность управления в игре.
",Ткань,Резина,355 x 254 x 3 мм,"рупно текстурированная ткань для максимального контроля действий
Попиксельная точность прицеливания и отслеживания
Оптимальное покрытие для всех уровней чувствительности и всех видов сенсоров"
"RZ02-01910700-R3M1/1.png///RZ02-01910700-R3M1/2.png///RZ02-01910700-R3M1/3.png///RZ02-01910700-R3M1/4.png///RZ02-01910700-R3M1/5.png
",Девайсы///Коврики для мыши,Razer,RZ02-01910700-R3M1,Razer Goliathus Control Gravity Large,RZ02-01910700-R3M1,"Коврик Razer Goliathus Control Gravity Edition, протестированный в лабораториях Razer и проверенный на практике лучшими игроками eSports, обеспечивает нужный уровень трения для абсолютного контроля в игре.

Крупно-текстурная ткань — основа ТОЧНОСТИ
Текстура поверхности ткани Razer Goliathus Control Gravity Edition обеспечивает именно ту силу трения, которая необходима для игровой мыши, чтобы вы могли целиться с точностью до пикселя. Кроме того, покрытие очень приятно на ощупь, и рука будет меньше уставать во время продолжительной игры.

Оптимальная поддержка всех видов сенсоров и всех параметров чувствительности
Низкая или высокая чувствительность, лазерная или оптическая игровая мышь — при любом раскладе Razer Goliathus Control Gravity Edition обеспечит качественное считывание сигнала и стабильность управления в игре.
",Ткань,Резина,444 x 355 x 3 мм,"рупно текстурированная ткань для максимального контроля действий
Попиксельная точность прицеливания и отслеживания
Оптимальное покрытие для всех уровней чувствительности и всех видов сенсоров"
"RZ02-01910800-R3M1/1.png///RZ02-01910800-R3M1/2.png///RZ02-01910800-R3M1/3.png///RZ02-01910800-R3M1/4.png///RZ02-01910800-R3M1/5.png
",Девайсы///Коврики для мыши,Razer,RZ02-01910800-R3M1,Razer Goliathus Control Gravity Extended,RZ02-01910800-R3M1,"Коврик Razer Goliathus Control Gravity Edition, протестированный в лабораториях Razer и проверенный на практике лучшими игроками eSports, обеспечивает нужный уровень трения для абсолютного контроля в игре.

Крупно-текстурная ткань — основа ТОЧНОСТИ
Текстура поверхности ткани Razer Goliathus Control Gravity Edition обеспечивает именно ту силу трения, которая необходима для игровой мыши, чтобы вы могли целиться с точностью до пикселя. Кроме того, покрытие очень приятно на ощупь, и рука будет меньше уставать во время продолжительной игры.

Оптимальная поддержка всех видов сенсоров и всех параметров чувствительности
Низкая или высокая чувствительность, лазерная или оптическая игровая мышь — при любом раскладе Razer Goliathus Control Gravity Edition обеспечит качественное считывание сигнала и стабильность управления в игре.
",Ткань,Резина,920 x 294 x 3 мм,"рупно текстурированная ткань для максимального контроля действий
Попиксельная точность прицеливания и отслеживания
Оптимальное покрытие для всех уровней чувствительности и всех видов сенсоров"
"RZ02-00860400-R3M1/1.png///RZ02-00860400-R3M1/2.png///RZ02-00860400-R3M1/3.png///RZ02-00860400-R3M1/4.png///RZ02-00860400-R3M1/5.png///RZ02-00860400-R3M1/6.png
",Девайсы///Коврики для мыши,Razer,RZ02-00860400-R3M1,Razer Invicta Quartz Edition,RZ02-00860400-R3M1,"В современном, динамично развивающемся и созтязательном игровом мире гибкость игрового стиля играет немаловажную роль. Именно поэтому Razer Invicta, основываясь на инновационных качествах предшествующей модели, Razer Vespula, предлагает пользователям самостоятельно сделать выбор между высочайшей точностью контроля и ошеломляющей скоростью. Просто переворачивайте коврик с одной стороны на другую, чтобы переключаться с точно выверенных хедшотов на быстрый игровой процесс. 

Две стороны одной победы
Вы будете готовы к любой игровой ситуации, ведь две стороны коврика для мыши Razer Invicta предназначены для двух совершенно разных игровых стилей. Гладкая поверхность SPEED (СКОРОСТЬ) обеспечит легкое скольжение мыши, чтобы вы могли молниеносно сразить противников, не дав им опомниться. Шероховатая текстура поверхности CONTROL (КОНТРОЛЬ) обеспечивает оптимальный уровень сопротивления для аккуратных, размеренных движений мыши и тактильного отклика.

Оптимизированное покрытие
Совершенно новое, тщательно протестированное в лабораториях покрытие коврика для мыши Razer Invicta со специально подобранной угольно-черной отделкой на обеих сторонах, обеспечивает улучшенную чувствительность. Это гарантирует точную работу сенсора, позволяя обойтись без лишних рывков во время игры, обеспечивая непрерывное скольжение.

Прочное алюминиевое основание-ложе
Показатель высококлассного дизайна и конструкции коврика для мыши Razer Invicta – основание-ложе из авиационного алюминия, которое обеспечивает повышенную прочность и не позволяет коврику перемещаться, независимо от энергичности ваших движений. Небольшое отверстие на нижней стороне основания позволяет быстро выбрать необходимую поверхность CONTROL (КОНТРОЛЬ) или SPEED (СКОРОСТЬ), меняя их прямо во время игры.



Новый ртутно-белый цвет Mercury
Вместо традиционного черного ищите другой цвет? Теперь у вас есть выбор!
Совершенно новый стильный облик игровых устройств Razer с новым ртутно-белым цветом Mercury. Ртутный цвет авиационного алюминия эффектно оттеняет основной матовый белый цвет.

",Пластик,Аллюминий,"255x355x4,5 мм","Пластиковый жесткий коврик с рабочим покрытием с обоих сторон на алюминиевом основании-ложе
Сторона SPEED для скростных перемещений мыши
Сторона CONTROL для высокоточных перемещений мыши
Поверхности отптимизированы для любых типов сенсоров
Прочное алюминиевое основание-ложе, с резиновыми вставками снизу для предотвращения проскальзывай"
"RZ02-00860200-R3M1/1.png///RZ02-00860200-R3M1/2.png///RZ02-00860200-R3M1/3.png///RZ02-00860200-R3M1/4.png///RZ02-00860200-R3M1/5.png///RZ02-00860200-R3M1/6.png///RZ02-00860200-R3M1/7.png
",Девайсы///Коврики для мыши,Razer,RZ02-00860200-R3M1,Razer Invicta Mercury Edition,RZ02-00860200-R3M1,"В современном, динамично развивающемся и созтязательном игровом мире гибкость игрового стиля играет немаловажную роль. Именно поэтому Razer Invicta, основываясь на инновационных качествах предшествующей модели, Razer Vespula, предлагает пользователям самостоятельно сделать выбор между высочайшей точностью контроля и ошеломляющей скоростью. Просто переворачивайте коврик с одной стороны на другую, чтобы переключаться с точно выверенных хедшотов на быстрый игровой процесс. 

Две стороны одной победы
Вы будете готовы к любой игровой ситуации, ведь две стороны коврика для мыши Razer Invicta предназначены для двух совершенно разных игровых стилей. Гладкая поверхность SPEED (СКОРОСТЬ) обеспечит легкое скольжение мыши, чтобы вы могли молниеносно сразить противников, не дав им опомниться. Шероховатая текстура поверхности CONTROL (КОНТРОЛЬ) обеспечивает оптимальный уровень сопротивления для аккуратных, размеренных движений мыши и тактильного отклика.

Оптимизированное покрытие
Совершенно новое, тщательно протестированное в лабораториях покрытие коврика для мыши Razer Invicta со специально подобранной угольно-черной отделкой на обеих сторонах, обеспечивает улучшенную чувствительность. Это гарантирует точную работу сенсора, позволяя обойтись без лишних рывков во время игры, обеспечивая непрерывное скольжение.

Прочное алюминиевое основание-ложе
Показатель высококлассного дизайна и конструкции коврика для мыши Razer Invicta – основание-ложе из авиационного алюминия, которое обеспечивает повышенную прочность и не позволяет коврику перемещаться, независимо от энергичности ваших движений. Небольшое отверстие на нижней стороне основания позволяет быстро выбрать необходимую поверхность CONTROL (КОНТРОЛЬ) или SPEED (СКОРОСТЬ), меняя их прямо во время игры.



Новый ртутно-белый цвет Mercury
Вместо традиционного черного ищите другой цвет? Теперь у вас есть выбор!
Совершенно новый стильный облик игровых устройств Razer с новым ртутно-белым цветом Mercury. Ртутный цвет авиационного алюминия эффектно оттеняет основной матовый белый цвет.

",Пластик,Аллюминий,"255x355x4,5 мм","Пластиковый жесткий коврик с рабочим покрытием с обоих сторон на алюминиевом основании-ложе
Сторона SPEED для скростных перемещений мыши
Сторона CONTROL для высокоточных перемещений мыши
Поверхности отптимизированы для любых типов сенсоров
Прочное алюминиевое основание-ложе, с резиновыми вставками снизу для предотвращения проскальзывай"
"RZ02-01072100-R3M1/1.png///RZ02-01072100-R3M1/2.png///RZ02-01072100-R3M1/3.png///RZ02-01072100-R3M1/4.png///RZ02-01072100-R3M1/5.png///RZ02-01072100-R3M1/6.png///RZ02-01072100-R3M1/7.png
",Девайсы///Коврики для мыши,Razer,RZ02-01072100-R3M1,Razer Goliathus Speed Medium Destiny 2,RZ02-01072100-R3M1,"Универсальный коврик Destiny 2 Razer Goliathus спроектирован таким образом, чтобы превосходить строгие требования лидеров «Авангарда»: Титана, Варлока или Охотника. Он одинаково хорошо работает с любыми настройками чувствительности мыши и типами сенсоров, а также оснащен текстурированным основанием из резины для надежной фиксации даже на гладких поверхностях.

Плотное переплетение нитей для еще более скоростных движений
Нити тканого покрытия у Destiny 2 Razer Goliathus сплетены настолько плотно, что в итоге создается идеально гладкая поверхность, по которой ваша мышь Destiny 2 Razer DeathAdder Elite будет скользить предельно быстро. Кроме того, покрытие приятно на ощупь, и рука будет меньше уставать, даже если вы все выходные будете совершать рейды.

Оптимальная поддержка всех видов сенсоров и всех параметров чувствительности
Низкая или высокая чувствительность, лазерная или оптическая игровая мышь — при любом раскладе коврик Destiny 2 Razer Goliathus обеспечит качественное считывание сигнала и стабильность управления в игре.
Играйте на высочайшем уровне при изучении новых планет в поиске своего света или во время свержения боссов на рейдах с вашим кланом.

Нескользящее резиновое основание для беспрепятственной игры
Нижний резиновый слой коврика был доработан. Теперь он обеспечивает еще более надежную фиксацию. Ваш коврик не сдвинется с места при самой азартной игре. Независимо от того, какое оружие вы используете — кинетическое, энергетическое или силовое — вам больше не придется беспокоиться о движении коврика.

Уникальный дизайн в виде звездной карты Destiny 2
Благодаря уникальному оформлению в виде звездной карты Destiny 2, коврик Destiny 2 Razer Goliathus превосходно сочетается с другими устройствами Destiny 2 Razer для полного погружения в игру, которое необходимо любому фанату Destiny.
",Ткань,Резина, 355 x 254 x 3 мм,"Плотное и гладкое переплетение нитей для скоростных движений.
Попиксельная точность прицеливания и отслеживания.
Оптимальное покрытие для всех уровней чувствительности и всех видов сенсоров."
"RZ02-01071600-R3M1/1.png///RZ02-01071600-R3M1/2.png///RZ02-01071600-R3M1/3.png///RZ02-01071600-R3M1/4.png///RZ02-01071600-R3M1/5.jpg///RZ02-01071600-R3M1/6.png///RZ02-01071600-R3M1/7.png
",Девайсы///Коврики для мыши,Razer,RZ02-01071600-R3M1,Razer Goliathus Speed Extended Overwatch,RZ02-01071600-R3M1,"Плотная и гладкая ткань SPEED для скоростной игры.
Нити тканого материала у ковров Overwatch Razer Goliathus Speed сплетены настолько плотно, что в итоге создается идеально гладкая поверхность, по которой игровая мышь скользит предельно быстро: здесь ничто ей не мешает. А еще покрытие очень приятно на ощупь, и рука будет меньше уставать во время продолжительной игры.

Оптимальная поддержка всех видов сенсоров и всех параметров чувствительности.
Низкая или высокая чувствительность, лазерная, оптическая или комбинированная игровая мышь — при любом раскладе Overwatch Razer Goliathus Speed обеспечит качественное считывание сигнала и стабильность управления в игре.

Пришел, развернул, победил.
Мягкий коврик Overwatch Razer Goliathus Speed на тканевой основе — идеальный компаньон для клуба или для турнира. Сколько его ни скручивай, поверхность останется неизменно плоской.

Износостойкие прошитые края
Вы можете беречь свой Razer Goliathus и держать его только на компьютерном столе, но это необязательно: он без труда выносит тяготы походной жизни благодаря износостойким прошитым краям. Края коврика не треплются, и он долгое время выглядит как новый.

Нескользящее резиновое основание
Нижний резиновый слой коврика был доработан. Теперь он обеспечивает еще более надежную фиксацию. Ваш коврик не сдвинется с места при самой азартной игре.

Гигантский размер
Это настоящий игродром. Расположите на нём клавиатуру и ковер не сдвинется с места и не миллиметр в самых горячих схватках.
",Ткань,Резина,920 x 294 x 3 мм,"Плотное и гладкое переплетение нитей для скоростных движений
Попиксельная точность прицеливания и отслеживания
Оптимальное покрытие для всех уровней чувствительности и всех видов сенсоров
Материал из ткани, удобно сворачивать и брать с собой
Износостойкие прошитые края
Нескользящее резиновое основание"
"RZ02-01072200-R3M1/1.jpg///RZ02-01072200-R3M1/2.jpg///RZ02-01072200-R3M1/3.jpg///RZ02-01072200-R3M1/4.jpg///RZ02-01072200-R3M1/5.png///RZ02-01072200-R3M1/6.png
",Девайсы///Коврики для мыши,Razer,RZ02-01072200-R3M1,Razer Goliathus Speed Medium D.Va,RZ02-01072200-R3M1,".Любимый коврик для мыши чемпиона мира — D.Va
До участия в Overwatch Ханна Сон (D.Va) была непобедима в турнирах по StarCraft, став чемпионом мира в юном возрасте 16 лет. Она господствовала на арене не только благодаря бойцовскому характеру и невероятным рефлексам, но и за счет самого лучшего игрового снаряжения.

Универсальный коврик D.Va Razer Goliathus спроектирован таким образом, чтобы соответствовать индивидуальным требованиям чемпиона мира D.Va. Он одинаково хорошо работает с любыми настройками чувствительности мыши и типами сенсоров, а также оснащен текстурированным основанием из резины для надежной фиксации даже на гладких поверхностях.

Плотная ткань для скоростной игры
Быстрые движения для быстрой победы. Нити тканого покрытия D.Va Razer Goliathus сплетены настолько плотно, что в итоге создается идеально гладкая поверхность, по которой сможет беспрепятственно скользить ваша мышь D.Va Razer Abyssus Elite независимо от того, играете ли вы в любимую стратегию или в шутер. Поддержка всех видов сенсоров и параметров чувствительности идеально подходит для любой игровой мыши 

Это — оптимизированное оружие!
Низкая или высокая чувствительность, лазерная или оптическая игровая мышь — при любом раскладе коврик D.Va Razer Goliathus обеспечит качественное считывание сигнала и стабильность управления в игре, достойные турнирной площадки.

Легкость сворачивания и разворачивания
Одерживайте победы где угодно. Мягкий коврик D.Va Razer Goliathus на тканевой основе — идеальный компаньон для проведения LAN-вечеринок со своей командой или даже для участия в турнирах. Поверхность коврика остается ровной независимо от того, сколько раз его скручивали.

Нескользящее резиновое основание
По настоящему игра без сбоев. Нижний резиновый слой коврика был доработан. Теперь он обеспечивает еще более надежную фиксацию. Ваш коврик не сдвинется с места при самой азартной игре. Теперь можно быстро просматривать карту и ловко маневрировать, не опасаясь за возможное движение коврика.

Износостойкая прошитая основа
Постоянная готовность. Благодаря износостойкой прошитой основе коврик D.Va Razer Goliathus прочен и долговечен как при использовании на рабочем столе, так и в пути. Края сохраняют новый нетронутый вид, который будет с вами, пока вы не достигните 1 места.

Эксклюзивный дизайн персонажа D.Va
Возвращайтесь в игру. Любимые цвета суперзвезды, в которые окрашен коврик D.Va Razer Goliathus, вдохновят вас на такую же профессиональную игру. Вместе с мышью D.Va Razer Abyssus Elite вы можете повысить ваш уровень игры и стать олицетворением иконы киберспорта.
",Ткань,Резина,355 x 254 x 3 мм,"Эксклюзивный дизайн D.Va
Плотное и гладкое переплетение нитей для скоростных движений.
Попиксельная точность прицеливания и отслеживания.
Оптимальное покрытие для всех уровней чувствительности и всех видов сенсоров.
Материал из ткани, удобно сворачивать и брать с собой.
Износостойкие прошитые края.
Нескользящее резиновое основание."
"RZ02-01072300-R3M1/1.jpg///RZ02-01072300-R3M1/2.jpg///RZ02-01072300-R3M1/3.jpg///RZ02-01072300-R3M1/4.jpg
",Девайсы///Коврики для мыши,Razer,RZ02-01072300-R3M1,Razer Goliathus Speed Medium SKT T1,RZ02-01072300-R3M1,"Коврик для мыши чемпионов мира SKT T1
Профессиональная игровая команда из Кореи SK Telecom T1 обладает как непревзойденными навыками, так и самым лучшим снаряжением. Именно поэтому только данная команда является многократным победителем мировых чемпионатов по League of Legends, а также это единственная команда, завоевавшая «Тройную корону» путем победы в чемпионатах IEM World Championship, Riot Mid-Season Invitational и чемпионате мира.

Универсальный коврик Razer Goliathus SK Telecom T1 Edition спроектирован таким образом, чтобы превосходить требования легендарных чемпионов мира. Он одинаково хорошо работает с любыми настройками чувствительности мыши и типами сенсоров, а также оснащен текстурированным прорезиненным основанием для надежной фиксации даже на гладких поверхностях. 

Быстрые движения с абсолютной легкостью
Нити тканого покрытия у Razer Goliathus SK Telecom T1 Edition сплетены настолько плотно, что в итоге создается идеально гладкая поверхность, по которой игровая мышь скользит предельно быстро, независимо от игры.

Испытано и одобрено лучшими киберспортсменами
Низкая или высокая чувствительность, лазерная или оптическая игровая мышь — при любом раскладе коврик Razer Goliathus SK Telecom T1 Edition обеспечит качественное считывание сигнала и стабильность управления в игре, достойные турнирной площадки.

Идеален для практики и соревнований
Мягкая тканевая основа коврика идеально подходит как для LAN-вечеринок, так и для участия в турнирах. Кроме того, поверхность коврика остается ровной независимо от того, сколько раз его скручивали, что идеально подходит для длительного использования.

Гладкая и однозначная победа
Нижний резиновый слой коврика был доработан. Теперь он обеспечивает еще более надежную фиксацию. Ваш коврик не сдвинется с места при самой азартной игре. Быстро просматривайте карту и осуществляйте ловкие маневры, не беспокоясь за возможное движение коврика.

Долговечность, которой доверяют профессионалы
Благодаря износостойкой прошитой основе коврик Razer Goliathus SK Telecom T1 Edition прочен и долговечен как при использовании на рабочем столе, так и в пути. Края сохраняют новый нетронутый вид, который будет с вами, пока вы не достигните 1 места.

Дизайн от команды победителей
Коврик Razer Goliathus SKT T1 Edition окрашен в официальные цвета команды SK Telecom T1 и вдохновит вас на такую же профессиональную игру. Вместе с мышью Razer DeathAdder Elite SKT T1 Edition вы можете вывести свою игру на новый уровень, представляя цвета своей любимой команды.
",Ткань,Резина,355 x 254 x 3 мм,"Эксклюзивный дизайн SKT T1
Плотное и гладкое переплетение нитей для скоростных движений
Попиксельная точность прицеливания и отслеживания
Оптимальное покрытие для всех уровней чувствительности и всех видов сенсоров
Материал из ткани, удобно сворачивать и брать с собой
Износостойкие прошитые края
Нескользящее резиновое основание"