Бренд,Category,Product code,Detailed image,Название,Артикул,Описание,Тип сенсора,Максимальное разрешение DPI/CPI,Частота опроса,Акселерация (максимальное ускорение),Количество кнопок,Подсветка,Внутренняя память,Настройка веса,Вес,Размеры,Длина провода,Гарантия,Режим работы,Страна производитель,Системные требования,Комлпектация
,,,,,,,,,,,,,,,,,,,,,,
Razer,Мышки,RZ83-02020100-B3M1,RZ83-02020100-B3M1/1.png///RZ83-02020100-B3M1/2.png///RZ83-02020100-B3M1/3.png///RZ83-02020100-B3M1/4.png///RZ83-02020100-B3M1/5.png///RZ83-02020100-B3M1/6.png///RZ83-02020100-B3M1/7.png///RZ83-02020100-B3M1/8.png///RZ83-02020100-B3M1/9.png///RZ83-02020100-B3M1/10.png///RZ83-02020100-B3M1/11.png///RZ83-02020100-B3M1/12.png///RZ83-02020100-B3M1/13.png///RZ83-02020100-B3M1/14.png///RZ83-02020100-B3M1/15.png,Razer Abyssus 2000 + Goliathus Speed Terra Small,RZ83-02020100-B3M1,"Мышь Razer Abyssus 2000 – это игровая мышь турнирного уровня и выбор многих прогеймеров чемпионов, для которых важна точность, скорость, стабильность и простота. Оптический сенсор с разрешением 2000 dpi с попиксельной точностью идеально подходит для большинства игровых мест. Обновленная симметричная форма и идеальный баланс позволяют мыши Razer Abyssus 2000 станет продолжением вашей руки. Легендарный тканевый коврик Razer Goliathus Speed обеспечивает полный контроль и постоянный комфорт для стабильной игры. Никаких компромиссов – только точность и скорость.

Улучшенная форма разработана для игры любой рукой
Мышь Razer Abyssus 2000 получила улучшенную симметричную форму для игры любой рукой. Неважно, какой рукой и как именно вы держите мышку — с этой моделью вы будете показывать чудеса скорости в самых напряженных игровых схватках.

Оптический сенсор с разрешением 2000 DPI без интерполяции
Razer Abyssus 2000 имеет оптический сенсор с реальным разрешением 2000 DPI, который обеспечивает попиксельное отслеживание и отсутствие сглаживания перемещений корсора, поэтому каждое перемещение мыши передается непосредственно в игровой процесс, не пропуская ничего из движения.

Гладкая поверхность и плотное переплетение — основа скорости в игре
Нити покрытия у ковра Razer Goliathus Speed Terra сплетены настолько плотно, что в итоге создается идеально гладкая поверхность, по которой игровая мышь скользит предельно быстро. Кроме того, покрытие очень приятно на ощупь, и рука будет меньше уставать во время продолжительной игры.

Идеальная поддержка всех видов сенсоров
Низкая или высокая чувствительность, лазерная или оптическая игровая мышь — при любом раскладе ковер Razer Goliathus Speed Terra обеспечит качественное считывание сигнала и стабильность управления в игре.

Razer Synapse 
Razer Synapse – запатентованное программное обеспечение, «мозг» Razer Abyssus 2000 – автоматически подключающее мышь к удаленному серверу для скачивания драйвера и обновлений прошивки, а также автоматически сохраняющее индивидуальные игровые настройки. Больше не нужно возиться с настройками мыши на турнирах, в клубе или у друзей – подключайтесь к Razer Synapse из любого места и установите на вашу мышь нужные настройки и макросы.

Технические характеристики мыши
Оптический сенсор с разрешением 2000 dpi
Симметричный дизайн, подходит для правой и левой руки
3 программируемые кнопки с мгновенным откликом (технология Hyperesponse)
Частоста опроса Ultrapolling™ 1000 Гц / Время отклика 1 мс
Максимальная скорость 60 дюйм/сек и ускорение 15g
Поддержка Razer Synapse
Облегченный кабель 2 м
Размеры 117 x 64 x 38 мм
Вес 80 г (без кабеля), 111 г (с кабелем)
Технические характеристики коврика
Плотное и гладкое переплетение нитей для скоростных движений
Попиксельная точность прицеливания и отслеживания
Оптимальное покрытие для всех уровней чувствительности и всех видов сенсоров
Материал из ткани, удобно сворачивать и брать с собой
Износостойкие прошитые края
Нескользящее резиновое основание
Размер:
Small (Маленький) - 270 x 215 x 3 мм
В комплекте
Игровая мышь Razer Abyssus 2000
Игровой ковер Razer Goliathus Speed Terra Small
Краткая Инструкиция/Важная информация об изделии
Системные требования:
PC/Mac с USB портом
Windows® 10 / Windows® 8 / Windows® 7 / Mac OS X (10.9 или выше)
Интернет соединение (для установки драйверов)
Свободное место на жестком диске 100 Мбайт
Чтобы использовать полный набор функций продукта и для получения обновлений программного обеспечения, потребуется регистрация аккаунта в Razer Synapse 2.0 (нужен действующий адрес электронной почты), скачивание программного обеспечения, принятие лицензионного соглашения и подключение к интернету. После активации, полный набор функций продукта доступен и в дополнительном автономном режиме.
",Оптический,2000,Ultrapolling™ 1000 Гц ,Максимальная скорость 60 дюйм/сек и ускорение 15g,3,Нет,Нет,Нет,"Вес 80 г (без кабеля), 111 г (с кабелем)",117 x 64 x 38 мм,2м,2 года,Проводной,Китай,"PC/Mac с USB портом
Windows® 10 / Windows® 8 / Windows® 7 / Mac OS X (10.9 или выше)
Интернет соединение (для установки драйверов)
Свободное место на жестком диске 100 Мбайт
Чтобы использовать полный набор функций продукта и для получения обновлений программного обеспечения, потребуется регистрация аккаунта в Razer Synapse 2.0 (нужен действующий адрес электронной почты), скачивание программного обеспечения, принятие лицензионного соглашения и подключение к интернету. После активации, полный набор функций продукта доступен и в дополнительном автономном режиме.","Игровая мышь Razer Abyssus 2000
Игровой ковер Razer Goliathus Speed Terra Small
Краткая Инструкиция/Важная информация об изделии"
Razer,Мышки,RZ01-02160300-R3M1,RZ01-02160300-R3M1/1.jpg///RZ01-02160300-R3M1/2.jpg///RZ01-02160300-R3M1/3.jpg///RZ01-02160300-R3M1/4.jpg///RZ01-02160300-R3M1/5.jpg///RZ01-02160300-R3M1/6.jpg///RZ01-02160300-R3M1/7.jpg///RZ01-02160300-R3M1/8.jpg,Razer Abyssus Essential,RZ01-02160300-R3M1,"Точная, быстрая, яркая
Эта компактная бестия обладает всеми необходимыми функциями, чтобы начать побеждать – точный оптический сенсор с разрешением 7200 DPI для быстрых и точных выстрелов, удобная симметичная форма, которая позволяет играть в течении многих часов, и уникальный дизайн, который позволяет подсветке Razer Chroma добавить новых ярких впечатлений в вашу игру. Объедините её с Razer Goliathus Chroma и Razer Cynosa Chroma для полного комплекта Razer Chroma.

Оптический сенсор с реальным разрешением 7 200 DPI
Благодаря разрешению сенсора 7 200 DPI, а также скорости перемещения в 220 дюймов в секунду (IPS) и ускорению в 30 g вы сможете без проблем совершать выигрышные маневры.

Уникальная фоновая подсветка
Просто подключите Razer Abyssus Essential и благодаря подсветке нижней стороны мыши наблюдайте, как она отлично освещает любую поверхность, на которой  находится мышь. Из более чем 16,8 миллионов вариантов цветов, вы найдете тот оттенок, который лучше всего вам подходит.

Симметричная компактная форма
Это — оптимизированное оружие! Ищете ли вы свой стиль или оттачиваете его, симметричная форма мыши Razer Abyssus Essential позволит вам свободно переключаться между конфигурациями для левой или правой руки, гарантируя непрерывный контроль над игрой.

Высокотактильное колесико прокрутки
Никаких хаков. Быть чемпионом мира означает, что необходимо пользоваться любыми разрешенными преимуществами. Именно поэтому высокотактильное колесико прокрутки обладает идеальным откликом независимо от того, пролистываете ли вы подробное описание стратегии или перечень обновлений.

Три кнопки с мгновенным откликом, технология Hyperesponse
Время повысить собственный APM (количество действий в минуту). Каждая кнопка мыши Razer Abyssus Essential срабатывает со скоростью, которая достойна турнирных выступлений.

Поддержка Razer Synapse 3 (Beta)
Получите доступ к расширенным опциям управления с помощью унифицированного облачного средства настройки оборудования.

Подсветка Razer Chroma™ – 16,8 млн настраиваемых цветов
Возможности Razer Chroma™ безграничны — начиная с эффектной внешней подсветки и заканчивая полным погружением в игровой процесс с великолепным световым шоу.


Эффекты подсветки (настройка через Razer Synapse)
Дыхание
Мягкое пульсирование одним, двумя или несколькими цветами в случайном порядке каждые 7 секунд, имитирующее равномерное дыхание.
Реактивный
Подсветка включается при нажатии кнопок и горит заданное время (в коротком, среднем или быстром режиме), создавая эффект следа: чем быстрее вы кликаете, тем ярче разгорается ваша мышь.
Циклическое переключение цветов спектра
Медленное и плавное переключение по всему спектру из 16,8 млн. оттенков — ненавязчивый, но очень стильный штрих.
Статическая подсветка
Постоянная подсветка мыши выбранным вами цветом из спектра 16,8 млн. оттенков.
Особенности
Оптический сенсор с реальным разрешением 7 200 DPI
Фоновая подсветка Razer Chroma™
Синхронизация с другими устройствами
3 кнопки с мгновенным откликом (технология Hyperesponse)
Срок службы 10 миллионов нажатий клавиш
Технические характеристики
Оптический сенсор с реальным разрешением 7 200 DPI
Симметричная форма
3 кнопки с мгновенным откликом (технология Hyperesponse)
Скорость перемещения мыши 220 дюймов в секунду и ускорение 30 g
Частоста опроса Ultrapolling™ 1000 Гц / Время отклика 1 мс
Калибровка сенсора мыши под поверхность
Регулировка высоты отрыва
Поддержка Razer Chroma™
Поддержка Razer Synapse 3 (бета)
Длина кабеля: 2,1 м
Размеры: 114,7 мм (Длина) X 63 мм (Ширина) X 37,3 мм (Высота)
Вес: 78 г (без кабеля)
Системные требования:
PC с USB портом
Windows® 7 64-bit (или выше)
Интернет соединение (для установки драйверов)
Свободное место на жестком диске 500 Мбайт
Чтобы использовать полный набор функций продукта и для получения обновлений программного обеспечения, потребуется регистрация аккаунта в Razer Synapse 3.0 (нужен действующий адрес электронной почты), скачивание программного обеспечения, принятие лицензионного соглашения и подключение к интернету. После активации, полный набор функций продукта доступен и в дополнительном автономном режиме.

",Оптический,7200,1000 Гц,Скорость перемещения мыши 220 дюймов в секунду и ускорение 30 g,3,Razer Chroma,Нет,Нет,Вес: 78 г (без кабеля),"114,7 мм (Длина) X 63 мм (Ширина) X 37,3 мм (Высота)",2м,2 года,Проводной,Китай,"Windows® 10 / Windows® 8 / Windows® 7 / Mac OS X (10.9 или выше)PC с USB портом
Windows® 7 64-bit (или выше)
Интернет соединение (для установки драйверов)
Свободное место на жестком диске 500 Мбайт
Чтобы использовать полный набор функций продукта и для получения обновлений программного обеспечения, потребуется регистрация аккаунта в Razer Synapse 3.0 (нужен действующий адрес электронной почты), скачивание программного обеспечения, принятие лицензионного соглашения и подключение к интернету. После активации, полный набор функций продукта доступен и в дополнительном автономном режиме.",
Razer,Мышки,Razer Abyssus v2,RZ01-01900100-R3G1/1.png///RZ01-01900100-R3G1/2.png///RZ01-01900100-R3G1/3.png///RZ01-01900100-R3G1/4.png///RZ01-01900100-R3G1/5.png///RZ01-01900100-R3G1/6.png///RZ01-01900100-R3G1/7.png///RZ01-01900100-R3G1/8.jpg///RZ01-01900100-R3G1/9.jpg///RZ01-01900100-R3G1/10.jpg///RZ01-01900100-R3G1/11.jpg///RZ01-01900100-R3G1/12.jpg///RZ01-01900100-R3G1/13.jpg///RZ01-01900100-R3G1/14.jpg,RZ01-01900100-R3G1,Razer Abyssus v2,"Разработанная только с самым важным функционалом для игр турнирного класса, мышь Razer Abyssus V2 является базовой игровой мышкой для любого стиля игры. У Razer Abyssus V2 была усовершенствована форма, установлен новый оптический сенсор с реальным разрешением 5000 dpi и добавлены прорезиненные вставки по бокам.

Улучшенная форма разработана для игры любой рукой
Мышь Razer Abyssus v2, в сравнении с оригиналом, получила улучшенную симметричную форму для игры любой рукой. Неважно, какой рукой и как именно вы держите мышку — с этой моделью вы будете показывать чудеса скорости в самых напряженных игровых схватках.

Высокочувствительные кнопки Hyperesponse
Чтобы дать вам небольшое преимущество перед соперниками, мы оснастили Razer Abyssus V2 чувствительными кнопками Hyperesponse для ведения быстрой стрельбы. Каждая из четырех кнопок выдерживает до 20 миллионов нажатий. И слева, и справа на основных кнопках мыши есть удобные впадины для пальцев, позволяющие строго контролировать происходящее и никогда не сомневаться в этом.

Отдельная кнопка циклического переключения DPI
Чтобы всегда быть на шаг впереди своих соперников, нужно быстро адаптироваться в любой ситуации. Отдельная кнопка переключения DPI позволяет быстро выбирать один из пяти изменяемых вариантов настройки. Например, когда вы взяли снайперскую винтовку и выцеливаете врага вдалеке, можно поставить более низкую разрешающую способность, а после того, разобравшись с соперником, снова вернуться в режим молниеносного наступления.

Новый оптический сенсор 5000 dpi — основа точности в игре
Новая версия мыши оснащена новым оптическим сенсором с реальным разрешением 5000 dpi. Благодаря этому повысилась чувствительность и быстрота реагирования — а значит и ваша эффективность в игре. Razer Abyssus V2 способна отследить и перенести на экран малейшее движение, чтобы вы не пропустили ни единого удара. Мышь поддерживает калибровку сенсора под поверхность и настройку высоты отрыва.

Резиновые вставки по бокам — надежный хват
Чем крепче вы держите мышку, тем меньше вероятность потерять контроль в игре. Резиновые вставки по бокам Razer Abyssus V2 имеют специальную текстуру, которая позволит вам с идеальной точностью приподнимать мышь и делать быстрые движения.

Трехцветная подсветка
Любите ли вы классический синий цвет Razer или молнии ярко-зелёных змей, дизайн подсветки Razer Abyssus V2 может удовлетворить любые ваши предпочтения, или даже чуть больше. Программа Razer Synapse поможет вам настроить подсветку Razer Abyssus V2 в классический синий цвет, культовый зеленый цвет или создать магию слияния сине-зеленого цвета. Вы сами выбираете, как именно подсветить логотип Razer и колесо прокрутки.

Razer Synapse 
Razer Synapse – новейшее запатентованное программное обеспечение, «мозг» Razer Abyssus V2 – автоматически подключающее мышь к удаленному серверу для скачивания драйвера и обновлений прошивки, а также автоматически сохраняющее индивидуальные игровые настройки. Больше не нужно возиться с настройками мыши на турнирах, в клубе или у друзей – подключайтесь к Razer Synapse из любого места и установите на вашу мышь нужные настройки и макросы.
Технические характеристики
Оптический сенсор с разрешением 5000 dpi
Симметричный дизайн, подходит для правой и левой руки
Резиновые боковые вставки с текстурированной поверхностью
Кнопка циклического переключения DPI
3-х цветная подсветка
4 программируемые кнопки с мгновенным откликом (технология Hyperesponse)
Калибровка сенсора и настройка высоты отрыва
Частоста опроса Ultrapolling™ 1000 Гц / Время отклика 1 мс
Маскимальная скорость 100 дюйм/сек и ускорение 30g
Поддержка Razer Synapse
Облегченный кабель 1,8 м
Размеры 117 x 64 x 38 мм
Вес 80 г (без кабеля), 111 г (с кабелем)
Системные требования:
PC/Mac с USB портом
Windows® 10 / Windows® 8 / Windows® 7 / Mac OS X (10.9 или выше)
Интернет соединение (для установки драйверов)
Свободное место на жестком диске 100 Мбайт
Чтобы использовать полный набор функций продукта и для получения обновлений программного обеспечения, потребуется регистрация аккаунта в Razer Synapse 2.0 (нужен действующий адрес электронной почты), скачивание программного обеспечения, принятие лицензионного соглашения и подключение к интернету. После активации, полный набор функций продукта доступен и в дополнительном автономном режиме.


",Оптический,5000,Ultrapolling™ 1000 Гц / Время отклика 1 мс,100 дюйм/сек и ускорение 30g,4,3 цвета,нет,нет,"80 г (без кабеля), 111 г (с кабелем)",117 x 64 x 38 мм,"1,8 м",2 года,Проводной,Китай,Интернет соединение (для установки драйверов),
Razer,Мышки,RZ01-01630100-R3R1,RZ01-01630100-R3R1/1.jpg///RZ01-01630100-R3R1/2.jpg///RZ01-01630100-R3R1/3.jpg///RZ01-01630100-R3R1/4.jpg,Razer Deathadder 3500,RZ01-01630100-R3R1,"Razer DeathAdder 3500 - это легендарное оружие для геймеров, ищущих комбинацию комфорта и непревзойденной точности. Эргономичная форма мыши обеспечивает комфорт во время продолжительных игр. Разрешение 3500 dpi оптического сенсора Razer Precision™ 3.5G обеспечит вам попиксельную точность. Эта облегченная трехкнопочная версия без боковых кнопок отлично подойдет как профессиональным геймерам, так и тем, кто ранее только мечтал о Razer DeathAdder.

Razer DeathAdder 3500 - не просто мышь, это пожиратель фрагов!

Оптический сенсор Razer Precision™ 3.5G с разрешением 3500 dpi
Высочайшая точность легендарного оптического сенсора Razer Precision™ 3.5G с разрешением 3500 dpi даст вам весомое преимущество при встрече с соперником в игре. Попиксельная точность и отслеживание без срывов – залог победы в бою.

Эргономичная форма для правой руки
В самых длительных состязаниях, турнирах или рейдах мышь Razer DeathAdder 3500 позволит вам сохранить точность благодаря своей эргономичной форме и текстурированным боковым вставкам.

Razer Synapse 2.0 
Razer Synapse 2.0 - новейшее запатентованное программное обеспечение, ""мозг"" Razer DeathAdder 3500 – автоматически подключающее мышь к удаленному серверу для скачивания драйвера и обновлений прошивки, а также автоматически сохраняющее индивидуальные игровые настройки. Больше не нужно возиться с настройками мыши на турнирах, в клубе или у друзей – подключайтесь к Razer Synapse 2.0 из любого места и установите на вашу мышь нужные настройки и макросы

Трехцветная подсветка
Любите ли вы классический синий цвет Razer или молнии ярко-зелёных змей, дизайн подсветки Razer DeathAdder 3500 может удовлетворить любые ваши предпочтения и даже больше. Программа Razer Synapse поможет вам настроить подсветку Razer DeathAdder 3500 в классический синий, культовый зеленый цвет или создать магию слияния сине-зеленого цвета.

Эффекты подсветки (настройка через Razer Synapse)
Дыхание
Мягкое переключение одного из 3 цветов каждые 7 секунд в такт равномерному дыханию — характерная деталь всех мышей Razer.
Статичная подсветка
Подсветка одним из 3 цветов. Раздельно для колеса и логотипа.
Регулировка яркости
3 уровня настройки яркости.
Мышь
Оптический сенсор 3.5G с разрешением 3500 dpi
Эргономичный дизайн для правшей
Текстурированные боковые вставки под большой палец и мизинец
3 программируемых кнопки с технологией сверхбыстрого отклика Hyperesponse™
Razer Synapse 2.0 поддержка
Частота опроса 1000 Гц Ultrapolling™/ Время реакции 1 мс
Настройка чувствительности на лету On-The-Fly Sensitivity™
Режим постоянной готовности Always-On™
Маскимальная скорость 200 дюймов/сек и ускорение 50 g
Бесшумные ножки Ultraslick™
Позолоченный USB-разъем
Облегченный USB кабель, длин 2,1 м
Размер: 127 x 70 x 44 мм
Вес: 86 г (без учета провода), 125 г (с проводом)

",Оптический,3500,1000 Гц Ultrapolling™/ Время реакции 1 мс,200 дюймов/сек и ускорение 50 g,3,3 цвета,нет,нет,"86 г (без учета провода), 125 г (с проводом)",127 x 70 x 44 мм,"2,1 м",2 года,Проводной,Китай,"Системные требования:
ПК с USB портом
Операционная система Windows® 10/Windows® 8/Windows® 7
Интернет соединение (для установки драйверов)
Свободное место на жестком диске: 100 Мбайт
Чтобы использовать полный набор функций продукта и для получения обновлений программного обеспечения, потребуется регистрация аккаунта в Razer Synapse 2.0 (нужен действующий адрес электронной почты), скачивание программного обеспечения, принятие лицензионного соглашения и подключение к интернету. После активации полный набор функций продукта доступен и в дополнительном автономном режиме.

",
Razer,Мышки,RZ01-00840100-R3G1,RZ01-00840100-R3G1/1.png///RZ01-00840100-R3G1/1.png///RZ01-00840100-R3G1/1.png///RZ01-00840100-R3G1/1.png///RZ01-00840100-R3G1/1.png///RZ01-00840100-R3G1/1.png///RZ01-00840100-R3G1/1.png,Razer DeathAdder Expert,RZ01-00840100-R3G1,"Razer DeathAdder Expert это настоящее легендарное оружие для геймеров, ищущих комбинацию комфорта и непревзойденной игровой точности. Эргономичная форма мыши для правой руки обеспечивает длительную комфортную игру. Оптический сенсор 4G (четвертого поколения) с разрешением 6400 dpi обеспечит вам попиксельную точность. 
Это не просто мышь, это пожиратель фрагов!

Интуитивный эргономичный дизайн
Со времён самой первой модификации мышь Razer DeathAdder обеспечивает геймерам ни с чем не сравнимый комфорт. Её изгибы и контуры доведены до совершенства. Мышь удобно ложится в ладонь — но не менее легко управляется кончиками пальцев. Две большие основные кнопки требуют минимальных усилий.

Оптический сенсор 6400 dpi, 4G (четвёртое поколение)
Razer DeathAdder Expert оборудована 4G сенсором с разрешением 6400 dpi — это очень точный оптический сенсор работающий без аппаратной интерполяции, точно передающий ваши движения мышкой без сглаживаний. Он способен улавливать движения мыши, выполненные со скоростью до 500 метров в секунду и с ускорением до 50g. То есть, как бы быстро ни перемещалась мышь, курсор на экране будет реагировать на ваши действия с равной точностью и естественной плавностью, которая возможна только при использовании оптических датчиков.

Отслеживание высоты отрыва
Сенсор Razer DeathAdder Expert также может отслеживать движения по оси Z на большинстве поверхностей, причём минимальное расстояние срабатывания составляет 1 мм. Это очень удобно для игроков с низкой чувствительностью: можно задать высоту, на которой прекращается отслеживание и тем самым гарантировать стабильность управления в игре.

Надёжный захват — залог победы
Мышь Razer DeathAdder пользуется большой популярностью у профессиональных геймеров, больше всего они ценят удобство конструкции и удачное расположение кнопок. В этой модификации мы добавили текстурные резиновые накладки по бокам — они обеспечат стабильный контроль и надёжный захват при любом стиле игры: и тем, кто постоянно поднимает мышь с поверхности, и тем, кто делает внезапные резкие движения мышью.

Идеальный вес и баланс
Кроме того, в зону пристального внимания попал вес мыши. Сделаем её тяжёлой — будет сложно двигать; сделаем лёгкой — будет сложно контролировать. Вся конструкция Razer DeathAdder Expert, вплоть до выбора и размещения аппаратных компонентов, является воплощением идеального распределения веса. Нагрузка на кисть направляется так, чтобы обеспечить максимальную чёткость управления.

Щелчок с большой буквы
Ни одна другая мышь не щёлкает так замечательно, как Razer DeathAdder. Мы много часов разрабатывали основание, на которое крепятся две большие основные кнопки мыши. Отчётливый обратный ход не даст вам усомниться, была ли нажата кнопка или нет. Помимо прочего, нажатие потребует от игрока настолько малого усилия, что, кажется, ты только лишь подумал — а мышь уже ответила движением. Позвольте Razer DeathAdder показать, на что она способна. Клянёмся: вы почувствуете разницу

Razer Synapse 2.0 
Благодаря Razer Synapse 2.0 все параметры мыши можно настроить на своё усмотрение, включая чувствительность Razer DeathAdder Expert по осям X и Y, подсветку, отслеживание отрыва, калибровку поверхности и обмен информацией между устройствами.
Затем вы сможете сохранить настроенные профили и синхронизировать их через глобальную серверную систему, доступную в любой точке земного шара. Обновления драйвера загрузятся автоматически, как только подключите мышь. Мышь Razer DeathAdder Expert всегда готова к битве.

",Оптический,6400,1000 Гц Ultrapolling™ / Время реакции 1 мс,Скорость до 200 дюйм/сек и ускорение до 50g,5,Да,Нет,Нет,105 г,127 x 70 x 44 мм,-,2 года,Проводной,Китай,"Чтобы использовать полный набор функций продукта и для получения обновлений программного обеспечения, потребуется регистрация аккаунта в Razer Synapse 2.0 (нужен действующий адрес электронной почты), скачивание программного обеспечения, принятие лицензионного соглашения и подключение к интернету. После активации, полный набор функций продукта доступен и в дополнительном автономном режиме.Системные требования:
ПК с USB портом
Cписок актуальных поддерживаемых операционных систем указан по ссылке
Интернет соединение (для установки драйверов)
Свободное место на жестком диске 100 Мбайт
Чтобы использовать полный набор функций продукта и для получения обновлений программного обеспечения, потребуется регистрация аккаунта в Razer Synapse 2.0 (нужен действующий адрес электронной почты), скачивание программного обеспечения, принятие лицензионного соглашения и подключение к интернету. После активации, полный набор функций продукта доступен и в дополнительном автономном режиме.


",
Razer,Мышки,RZ01-02010100-R3G1,RZ01-02010100-R3G1/1.png///RZ01-02010100-R3G1/2.png///RZ01-02010100-R3G1/3.png///RZ01-02010100-R3G1/4.png///RZ01-02010100-R3G1/5.png///RZ01-02010100-R3G1/6.jpg///RZ01-02010100-R3G1/7.jpg///RZ01-02010100-R3G1/8.jpg///RZ01-02010100-R3G1/9.jpg///RZ01-02010100-R3G1/10.jpg///RZ01-02010100-R3G1/11.jpg,Razer DeathAdder Elite,RZ01-02010100-R3G1,"Игровая мышь, разработанная в соответствии со строгими требованиями элиты киберспорта, сочетает передовые технологии с потрясающей эргономикой и повышенной прочностью. Мышь Razer DeathAdder Elite оснащена самым быстрым в мире оптическим сенсором, совершенно новыми механическими переключателями мыши от Razer и безупречной эргономикой, которой безгранично доверяют лучшие профессиональные киберспортсмены по всему миру. С ней вы обретете непревзойденную точность и скорость для победы в игре. 

Самый передовой в мире оптический сенсор
Мышь Razer DeathAdder Elite, оснащенная новым оптическим сенсором киберспортивного уровня с реальным разрешением 16.000 dpi и реальным отслеживанием на скорости до 450 дюймов в секунду (IPS), позволяет вам воспользоваться абсолютным преимуществом самого быстрого сенсора в мире. Разработанный с пересмотром всех стандартов точности и скорости, этот невероятный сенсор мыши сминает конкурентов с точностью разрешения 99,4%, чтобы вы могли нанести больше смертельных ударов с попиксельной точностью.

Оптимизированные для игр механические переключатели мыши от Razer
Разработаны Razer для того, чтобы дать вам заведомое преимущество в игре. Razer DeathAdder Elite поставляется с совершенно новыми механическими переключателями от Razer. Разработаны и производятся совместно с ведущим мировым поставщиком переключателей для мышей Omron. Новые переключатели оптимизированы и модифицированы для максимально быстрого отклика в игре и увеличенной прочности до 50 млн. Кликов.

Щелчок с большой буквы
Вряд ли найдется еще одна мышь с таким же великолепным щелчком, как у Razer DeathAdder Elite. Мы уделили немало времени разработке шарнира, на котором крепятся две главные кнопки мыши, и добились идеального отскока кнопки, так чтобы вы не сомневались: переключатель сработал. Кроме того, мы свели к минимуму усилие нажатия, так что теперь работа мыши не отстает от работы вашей мысли. Позвольте Razer DeathAdder Elite показать, на что она способна и вы не «прощелкаете» разницу.

Эргономичная форма, отточенная киберспортсменами
Razer DeathAdder Elite обладает культовой эргономикой, которой безгранично доверяют лучшие киберспортсмены, и которая остается невероятно удобной даже во время продолжительных жарких баталий. Благодаря двум боковым резиновым вставкам, вы всегда будете иметь полный контроль над своей игрой.

Оптимальная масса для точной работы
Работая над дизайном новой Razer DeathAdder Elite, мы не обошли вниманием ее массу. Сделаем мышь тяжелой — будет сложно двигать; сделаем легкой — будет сложно контролировать. Вся конструкция Razer DeathAdder Elite, вплоть до выбора и размещения аппаратных компонентов, является воплощением идеального распределения веса. Нагрузка на кисть направляется так, чтобы обеспечить максимальную четкость управления.

Тактильное колесико прокрутки игрового уровня для большего контроля
Разработанное с нуля, тактильное колесико прокрутки игрового уровня теперь дает вам еще больше контроля. Прокручивая или щелкая на средней кнопке, ваш палец четко фиксируется на колесике, чтобы у вас всегда была тактильная обратная связь. Тем самым, вам не придется беспокоиться об осечке во время игры.

Дополнительные кнопки изменения DPI на кончиках ваших пальцев
Если вам необходима более высокая чувствительность для молниеносных движений или более низкая чувствительность для лучшего в серии хедшота, дополнительные кнопки изменения DPI дадут вам неповторимое удобство настройки чувствительности даже в самый разгар битвы.

Отслеживание высоты отрыва для быстрых перемещений без потери точности
Сенсор Razer DeathAdder Elite, кроме того, распознает перемещения по оси Z (по высоте) на расстоянии всего 1 мм от большинства поверхностей, включая стекло. Незаменимое свойство для геймеров, выбирающих низкую чувствительность, которые ждут, что их мышь моментально отреагирует на любое вертикальное движение, позволяя им сохранить полный контроль над игрой.

Настраиваемая подсветка Razer Chroma™
Выберите из полного спектра 16,8 млн. оттенков и настройте световые эффекты для персонализации вашей мыши Razer DeathAdder Elite. Используйте возможность создать неповторимые эффекты подсветки или наслаждайтесь встроенными интерактивными внутриигровыми эффектами.

На базе Razer Synapse 3 (Beta) – гибридная встроенная и облачная память*
В мыши Razer Basilisk используется гибкое решение Razer Synapse 3 (Beta), позволяющее вам сохранять ваши настройки как в самой мыши, так и в облаке. Благодаря этому вы даже без доступа к Razer Synapse 3 или Интернету можете быстро активировать избранные профили, где бы вы ни находились.


",Оптический,16000,1000 Гц Ultrapolling™/ Время реакции 1 мс,450 дюймов в секунду/ Ускорение до 50 g,7,16 млн. цветов,Нет,Нет,96 г (без учета кабеля),127 x 73 x 43 мм,"Легкий кабель в защитной оплетке, длина 2,1 м",2 года,Проводной,Китай,"Системные требования:
PC или Mac с USB портом
Для Razer Synapse 3:
Windows 7 или выше
Интернет соединение
Свободное место на жестком диске: 500 Мбайт",
Razer,Мышки,RZ01-02330100-R3G1,RZ01-02330100-R3G1/1.png///RZ01-02330100-R3G1/2.png///RZ01-02330100-R3G1/3.png///RZ01-02330100-R3G1/4.png///RZ01-02330100-R3G1/5.png///RZ01-02330100-R3G1/6.jpg///RZ01-02330100-R3G1/7.png///RZ01-02330100-R3G1/8.png///RZ01-02330100-R3G1/9.jpg///RZ01-02330100-R3G1/10.jpg///RZ01-02330100-R3G1/11.jpg///RZ01-02330100-R3G1/12.jpg///RZ01-02330100-R3G1/13.jpg,Razer Basilisk,RZ01-02330100-R3G1,"Быстрая. Точная. Смертоносная.

Выведите свои навыки игры в шутерах на новый уровень с Razer Basilisk. Благодаря новейшему оптическому сенсору Razer 5G с реальным разрешением 16 000 DPI и таким функциям, как поворотный регулятор для настройки сопротивления колесика прокрутки и съемный переключатель DPI, мышь Razer Basilisk — это непревзойденная мышь для FPS игр (шутеров от первого лица).

Новая мышь Razer Basilisk позволяет выставить любой уровень сопротивления колесика. Для этого на ее обратной стороне есть кнопка, позволяющая снизить или повысить уровень сопротивления для нужд конкретной игры. С индивидуально настроенной чувствительностью колеса, можно более точно выполнять распрыжку, выбор оружия, зероинг и другие действия колеса прокрутки.

Так же Razer Basilisk оборудована съемным зажимом, открывающим дополнительные возможности в шутерах. Настройка по умолчанию позволяет временно снижать DPI для мгновенного переключения между ближним боем, требующим высокого DPI, и снайперской стрельбой, где нужны более низкие показатели DPI. Зажим полностью программируем и может использоваться для активации голосовой связи push-to-talk, прыжков, быстрых поворотов, подбора предметов и любых иных действий. В комплекте с мышью идут два зажима – длинный и короткий, подходящие для ладоней разных размеров. Для тех, кто предпочитает мышь без зажима, в наборе имеется резиновая заглушка.

Razer Basilisk поддерживает Razer Synapse 3 (Beta), программный конфигуратор, выполняющий роль командного центра мыши. Переназначение кнопок, калибрация, эффекты Razer Chroma™ – все это управляется Synapse 3 (Beta). Система так же позволяет сохранять персональные настройки непосредственно на самой мыши, или гибридно, на облаке и в памяти устройства.

Оптический сенсор 5G с подлинным разрешением 16 000 DPI
Высочайшая в мире точность для шутеров от первого лица. Мышь Razer Basilisk оснащена новейшим оптическим сенсором Razer 5G с подлинным разрешением 16 000 DPI, что обеспечивает непревзойденную точность и скорость.

Настраиваемое сопротивление колесика прокрутки
Для индивидуального подбора чувствительности. Razer Basilisk оснащена поворотным регулятором, позволяющим изменять сопротивление колесика прокрутки. Благодаря индивидуальному подбору чувствительности вы сможете более точно выполнять распрыжку, выбор оружия, пристрелку и другие действия с помощью колесика прокрутки.

Съемный переключатель DPI
Для временного изменения чувствительности. Для обеспечения абсолютного контроля на ходу Razer Basilisk оснащена съемным переключателем DPI, который при нажатии и удерживании позволяет на время изменить чувствительность мыши для молниеносных разворотов и невероятной точности прицеливания.

Механические переключатели Razer™ для мышей
Разработаны совместно с компанией Omron. Выдерживают до 50 миллионов нажатий. Благодаря удостоившимся наград механическим переключателям Razer™ для мышей Razer Basilisk обеспечивает ведущую в отрасли долговечность с запасом в 50 миллионов нажатий.

Оптимизированная скорость срабатывания
Для исключительной отзывчивости управления. Мышь Razer Basilisk разработана специально для шутеров от первого лица, поэтому кнопки мыши срабатывают с невероятной скоростью и обеспечивают исключительную отзывчивость для быстрой и уверенной стрельбы.

На базе Razer Synapse 3 (Beta) – гибридная встроенная и облачная память*
В мыши Razer Basilisk используется гибкое решение Razer Synapse 3 (Beta), позволяющее вам сохранять ваши настройки как в самой мыши, так и в облаке. Благодаря этому вы даже без доступа к Razer Synapse 3 или Интернету можете быстро активировать избранные профили, где бы вы ни находились.

Подсветка Razer Chroma™ – 16,8 млн настраиваемых вариантов цветов
Благодаря технологии подсветки Razer Chroma, используемой в Razer Basilisk, вы можете создавать потрясающие световые эффекты и вовсю наслаждаться внутриигровыми эффектами.
",Оптический,16000,1000 Гц Ultrapolling™/ Время реакции 1 мс,450 дюймов в секунду (IPS) / 50 g,8,"16,8 млн",Нет,Нет,111 г (без учета кабеля),124 x 75 x 43 мм,"2,1 м",2 года,Проводной,Китай,"Системные требования:
PC или Mac с USB портом
Для Razer Synapse 3:
Windows 7 или выше
Интернет соединение
Свободное место на жестком диске: 500 Мбайт

",
Razer,Мышки,RZ01-02130100-R3G1,RZ01-02130100-R3G1/1.png///RZ01-02130100-R3G1/2.png///RZ01-02130100-R3G1/3.png///RZ01-02130100-R3G1/4.png///RZ01-02130100-R3G1/5.png///RZ01-02130100-R3G1/6.jpg///RZ01-02130100-R3G1/7.jpg,Razer Lancehead Tournament,RZ01-02130100-R3G1,"Мышь Razer Lancehead Tournament Edition с новым симметричным форм-фактором подойдет как левшам, так и правшам. Самый современный в мире оптический игровой сенсор и механические переключатели мыши Razer™ обеспечивают беспрецедентную эффективность и надежность. Благодаря использованию гибридной памяти на базе Razer Synapse Pro у вас всегда будет доступ к избранным профилям. 

Самый передовой в мире оптический сенсор для беспрецедентной точности
Мышь Razer Lancehead Tournament Edition оснащена самым быстрым в мире оптическим сенсором для киберспорта с истинным разрешением 16 000 точек на дюйм и ускорением 450 дюймов в секунду. Это гарантирует вам абсолютное преимущество! Благодаря этому потрясающему сенсору с непревзойденной точностью разрешения 99,4% вы сможете наносить еще больше смертельных ударов высочайшей точности.

Оптимизированные для игр механические переключатели мыши от Razer
Ресурс до 50 миллионов нажатий.
Оснащенная новейшими механическими переключателями Razer, мышь Razer Lancehead создана для того, чтобы обеспечить вам неоспоримое преимущество в самых серьезных баталиях. Разработанные и произведенные совместно с мировым поставщиком переключателей для мышей Omron, новые переключатели оптимизированы и настроены для обеспечения максимальной быстроты реагирования в игре и повышенного ресурса до 50 миллионов нажатий.

На базе Razer Synapse 3 (Beta) – гибридная встроенная и облачная память*
В мыши Razer Lancehead используется гибкое решение Razer Synapse 3 (Beta), позволяющее вам сохранять ваши настройки как в самой мыши, так и в облаке. Благодаря этому вы даже без доступа к Razer Synapse 3 или Интернету можете быстро активировать избранные профили, где бы вы ни находились.
* – Настройка функции станет доступна в Razer Synapse 3 (Beta)

Совершенно новый симметричный корпус
Подходит как для правшей, так и для левшей.
На основании исследований с участием лучших киберспортсменов мира мы создали абсолютно новый симметричный корпус, отвечающий всем требованиям геймеров. Будь вы правша или левша, можете быть уверены: Razer Lancehead Tournament Edition всегда будет идеально лежать в руке.

Дополнительные кнопки DPI под вашими пальцами
Удобное регулирование чувствительности ""на лету"".
Если вам нужна более высокая чувствительность для молниеносных движений или более низкая – для прицельного хедшота, то вы оцените преимущества дополнительных кнопок DPI, которые позволяют невероятно комфортно регулировать чувствительность даже в самый разгар битвы.

Новый ртутно-белый цвет Mercury
Вместо традиционного черного ищите другой цвет? Теперь у вас есть выбор!
Совершенно новый стильный облик игровых устройств Razer с новым ртутно-белым цветом Mercury. Ртутный цвет авиационного алюминия эффектно оттеняет основной матовый белый цвет. эффектно  Соберите полный набор Mercury: мышь Razer Lancehead Tournament Mercury, коврик Razer Invicta Mercury, клавиатура Razer BlackWidow X Chroma Mercury, гарнитура Razer Kraken 7.1 V2 Oval Mercury.


Подсветка Razer Chroma™ – 16,8 млн. настраиваемых вариантов цветов
Благодаря технологии подсветки Razer Chroma, используемой в Razer Lancehead, вы можете создавать потрясающие световые эффекты и вовсю наслаждаться внутриигровыми эффектами. При каждом нажатии подсветка мыши переливается разными цветами, а когда уровень энергии приближается к опасно низкой отметке, об этом сигнализирует изменение цвета.








",Оптический,16000,1000 Гц Ultrapolling™/ Время реакции 1 мс,450 дюймов в секунду/ Ускорение до 50 g,9,"16,8 млн",Да,Нет,104 г (без учета кабеля),117 x 71 x 38 мм,"2,1 м",2 года,Проводной,Китай,"Системные требования:
PC или Mac с USB портом
Для Razer Synapse:
Windows 7 или выше / OS X (10.9 или выше)
Интернет соединение
Свободное место на жестком диске: 100 Мбайт",
Razer,Мышки,RZ01-02410100-R3M1,RZ01-02410100-R3M1/1.png///RZ01-02410100-R3M1/2.png///RZ01-02410100-R3M1/3.png///RZ01-02410100-R3M1/4.png///RZ01-02410100-R3M1/5.png///RZ01-02410100-R3M1/6.png///RZ01-02410100-R3M1/7.png///RZ01-02410100-R3M1/8.png///RZ01-02410100-R3M1/9.png///RZ01-02410100-R3M1/10.png///RZ01-02410100-R3M1/11.png///RZ01-02410100-R3M1/12.png///RZ01-02410100-R3M1/13.png///RZ01-02410100-R3M1/14.png///RZ01-02410100-R3M1/15.png///RZ01-02410100-R3M1/16.jpg///RZ01-02410100-R3M1/17.jpg///RZ01-02410100-R3M1/18.jpg///RZ01-02410100-R3M1/19.jpg///RZ01-02410100-R3M1/20.jpg,Razer Naga Trinity,RZ01-02410100-R3M1,"Лучшая мышь с тремя сменными боковыми панелями для MOBA и MMO игр.
Оцените мощные возможности тотального контроля, в какую бы игру вы ни играли. Мышь Razer Naga Trinity, призванная обеспечить преимущество в MOBA/многопользовательских онлайн-играх, позволяет вам настраивать все: от вооружений до индивидуальных конфигураций, чтобы постоянно опережать соперников. Razer Naga Trinity оснащена тремя сменными боковыми панелями, что позволяет переключаться между 2-, 7- и 12-кнопочными конфигурациями в зависимости от ваших потребностей в игре.

Благодаря оптическому сенсору 5G с разрешением 16 000 DPI движения мыши становятся стремительными и обрабатываются точно. Кроме того, вы получаете доступ к еще большему числу команд благодаря возможности программирования до 19 кнопок. Усовершенствованная конструкция для правшей, удобные, оптимально расположенные, легко срабатывающие кнопки позволят играть много часов подряд, не чувствуя усталости.

Оптический сенсор 5G с реальным разрешением 16 000 DPI
Мышь Razer Naga Trinity с самым современным оптическим сенсором 5G с реальным разрешением 16 000 DPI, оптимизированная для точности и скорости, гарантирует стремительность движений, точность заклинаний и возможность выйти невредимым из-под плотного обстрела во время боя.

3 сменных боковых панели с различным числом кнопок
Благодаря сменным боковым панелям с 2-, 7- и 12-кнопочной конфигурацией изменяйте возможности своей мыши в соответствии с игровым процессом.
Все кнопки легко определяются на ощупь, поэтому вы никогда не промахнетесь. Каждое нажатие сопровождается щелчком и тактильным откликом, так что вы сможете уверенно выполнить любое действие.

До 19 программируемых кнопок расширенный арсенал ваших заклинаний
Чем больше кнопок у вас под рукой, тем заметнее преимущество. До 19 программируемых кнопок обеспечат свободу выбора: можно назначить кнопкам лишь основные команды либо использовать кнопки на всю мощь, связав с ними горячие клавиши для предметов, заклинания или любые другие необходимые в игре команды.

Механические переключатели Razer™ для мышей
Механические переключатели Razer™, отмеченные многочисленными наградами. Благодаря механическим переключателям Razer™, отмеченным многочисленными наградами, мышь Razer Naga Trinity обеспечивает ведущую в отрасли долговечность с запасом в 50 миллионов нажатий — для бесконечных состязаний.

Максимальный комфорт для длительной игры
Razer Naga Trinity спроектирована с улучшенной формой для правшей, поэтому вы сможете применять заклинания до глубокой ночи. Мышь достаточно комфортна при многочасовом использовании, к тому же положение ее кнопок тщательно подобрано, чтобы обеспечить невероятно удобный доступ и нажатие.

На базе Razer Synapse 3 (Beta) – гибридная встроенная и облачная память*
В мыши Razer Basilisk используется гибкое решение Razer Synapse 3 (Beta), позволяющее вам сохранять ваши настройки как в самой мыши, так и в облаке. Благодаря этому вы даже без доступа к Razer Synapse 3 или Интернету можете быстро активировать избранные профили, где бы вы ни находились.

Подсветка Razer Chroma™ – 16,8 млн настраиваемых вариантов цветов
Powered by Razer Chroma™. Благодаря возможности выбора любого из 16,8 млн вариантов оттенков настройте свою мышь Razer Naga Trinity действительно уникальным образом в соответствии с любимыми метаморфозами и цветами.

",Оптический,16000,1000 Гц Ultrapolling™/ Время реакции 1 мс,450 дюймов в секунду (IPS) / 50 g,19,"16,8 млн",Да,Нет,120 г (без учета кабеля),119 x 74 x 43 мм,"2,1 м",2 года,Проводной,Китай,"Системные требования:
PC или Mac с USB портом
Для Razer Synapse 3:
Windows 7 64-bit / Windows 8 64-bit / Windows 8.1 64-bit /Windows 10 64-bit
Интернет соединение
Свободное место на жестком диске: 500 Мбайт",
Razer,Мышки,RZ01-01370100-R3G1,RZ01-01370100-R3G1/1.png///RZ01-01370100-R3G1/2.png///RZ01-01370100-R3G1/3.png///RZ01-01370100-R3G1/4.png///RZ01-01370100-R3G1/5.png,Razer Mamba Chroma Tournament ,RZ01-01370100-R3G1,"Мышь Razer Mamba Chroma Tournament разработана для киберспортсменов, которым требуются самые лучшие рабочие характеристики. Мышь оборудована точным сенсором с разрешением 16 000 dpi, способным отслеживать перемещение мыши в 1 dpi и высоту отрыва до 0,1 мм. Razer Mamba Chroma Tournament отлично передает каждое движение, помогая делать вам хедшоты раз за разом. 

Самый точный в мире сенсор для игровой мыши с разрешением 16 000 dpi
Благодаря самому точному в миру сенсору с разрешением 16 000 dpi мышь Razer Mamba Chroma Tournament обеспечивает непревзойденную точность, увеличивая ваши игровые преимущества над соперниками. А способность отслеживать перемещение мыши в 1 dpi и высоту отрыва с точностью до 0,1 мм поможет вам моментально реагировать на любую ситуацию на пути к победе.

Эргономичная форма, обеспечивающая максимальное удобство использования
Мышь Razer Mamba Chroma Tournament спроектирована для наиболее естественного положения руки и отличается высоким уровнем эргономики: при ее использовании снижается нагрузка на пальцы при нажатии кнопок и полностью пропадает необходимость посторонних движений. При подготовке к турниру и во время рейда длиной всю ночь, мышь Razer Mamba Chroma Tournament обеспечит вам максимальное удобство.

Подсветка Chroma с настройкой 16,8 млн. оттенков
Razer Mamba Chroma Tournament выводит персонализацию на новый уровень: она оснащена подсветкой логотипа, колеса прокрутки и боковых вставок. Все элементы подсветки можно настраивать по отдельности, что позволяет использовать разнообразные эффекты подсветки и полный спектр 16,8 млн. цветов для создания впечатляющего зрелища, отражающего ваш уникальный стиль игры. Вы можете не только выбирать различные цветовые эффекты подсветки, но и настраивать синхронизацию цветовых эффектов с другими устройствами Razer.

Синхронизация подсветки между устройствами
Нужен какой-то конкретный оттенок зелёного? Вы хотите использовать цвета своей гильдии? С Chroma – решать только вам. Вы можете указать один, три или даже тридцать семь цветов, ведь визуальные эффекты строятся на базе 16,8 млн. цветов! Ваши возможности ограничены только вашей фантазией. А благодаря синхронизации подсветки между устройствами, ваш игровой арсенал Razer с поддержкой Razer Chroma всегда и везде будет оформлен одинаково.
Примечание: синхронизация подсветки между устройствами для эффектов «Волна» и «Реактивная подсветка» будет доступна в расширенном конфигураторе Chroma.

Razer Synapse 2.0 
Razer Synapse 2.0 – новейшее запатентованное программное обеспечение, «мозг» Razer Mamba Chroma Tournament – автоматически подключающее мышь к удаленному серверу для скачивания драйвера и обновлений прошивки, а также автоматически сохраняющее индивидуальные игровые настройки. Больше не нужно тратить время на настройки на турнирах, в клубе или у друзей – подключайтесь к Razer Synapse 2.0 из любого места и установите на ваши устройства Razer нужные настройки и макросы. 
",Лазерный,16000,1000 Гц Ultrapolling™/ Время реакции 1 мс,210 дюймов/сек и ускорение до 50 g,9,"16,8 млн",Нет,Нет,133 г,"128 x 70 x 42,5 мм","2,1 м",2 года,Проводной,Китай,"Системные требования:
PC или Mac с USB портом
Cписок актуальных поддерживаемых операционных систем указан по ссылке
Интернет соединение (для установки драйверов)
Свободное место на жестком диске: 100 Мбайт
Чтобы использовать полный набор функций продукта и для получения обновлений программного обеспечения, потребуется регистрация аккаунта в Razer Synapse 2.0 (нужен действующий адрес электронной почты), скачивание программного обеспечения, принятие лицензионного соглашения и подключение к интернету. После активации полный набор функций продукта доступен и в дополнительном автономном режиме.

",
Razer,Мышки,RZ01-02170100-R3G1,RZ01-02170100-R3G1/1.png///RZ01-02170100-R3G1/2.png///RZ01-02170100-R3G1/3.png///RZ01-02170100-R3G1/4.png///RZ01-02170100-R3G1/5.png///RZ01-02170100-R3G1/6.png///RZ01-02170100-R3G1/7.png///RZ01-02170100-R3G1/8.png///RZ01-02170100-R3G1/9.png///RZ01-02170100-R3G1/10.png///RZ01-02170100-R3G1/11.png,Razer Atheris,RZ01-02170100-R3G1,"Сочетание эффективности и производительности. Мышь Razer Atheris разработана для игр и работы с мобильными устройствами и предлагает рекордные 350 часов* работы на одной паре пальчиковых (АА) батареек, гарантируя что даже самое длительная игровая сессия или совещение не оставят её без энергии.

Мобильная беспроводная мышь Razer Atheris снабжена эксклюзивной Технологией Адаптивной Частоты (AFT), обеспечивающей надежное беспроводное соединение. За работу AFT отвечает миниатюрный беспроводной 2,4 ГГц USB адаптер, хранящийся в корпусе мыши, а для устройств без USB-портов так же доступно соединение по Bluetooth LE. 

Оптический сенсор мыши обладает разрешением 7200 DPI, благодаря чему Razer Atheris способна работать с молниеносной скоростью даже на нескольких мониторах высокого разрешения. Изящный компактный дизайн мыши Razer Atheris подходит как для правшей, так и для левшей.
*Время работы батареи зависит от типа подключения и настроек.

Работа от пары AA батареи в течение 350 часов*
Если вы постоянно путешествуете по работе или проводите плотно расписанные встречи, вам некогда заботиться о замене батарей. Именно поэтому мышь Razer Atheris спроектирована таким образом, чтобы обеспечить более 300 часов* непрерывной работы.
*При Bluetooth соединении. Время работы батареи зависит от типа подключения и настроек.

Оптический сенсор c разрешением 7200 DPI для высочайшей точности в играх
Оптический сенсор мыши Razer Atheris имеет один из самых высоких показателей DPI среди мобильных мышей – 7200 DPI. Он обеспечивает чрезвычайную точность и невероятный контроль как над рабочими таблицами, так и над выстрелами. Увеличенное разрешение отлично подходит для работы с несколькими мониторами, экранами 4K и более.

2.4 ГГц с технологией адаптивной частоты для устойчивости сигнала
Мышь Razer Atheris оснащена фирменной беспроводной технологией Razer и обеспечивает устойчивость связи лидирующего в индустрии уровня. Поэтому даже если вы находитесь в кафе или в офисе, где множество беспроводных устройств могут конфликтовать друг с другом, ваша мышь Razer Atheris будет уверенно держать подключение.

Возможность подключения с помощью двух различных протоколов связи
Благодаря наличию USB-адаптера 2,4 ГГц и поддержке связи Bluetooth LE вы можете подключить Razer Atheris одновременно к более, чем одному устройству. Независимо от того, работаете вы или играете, Razer Atheris позволяет с легкостью переключаться между экранами и устройствами.

Улучшенная эргономика для многочасовой удобной работы
Мышь Razer Atheris обладает улучшенной эргономикой и невероятно удобным хватом, поэтому она отлично лежит в руке даже в течение длительного времени. Теперь вас не будет тревожить усталость руки или запястья во время игрового марафона или длительного перелета.

Компактность и мобильность для бескомпромиссной портативности
Миниатюрный корпус Razer Atheris с легкостью поместится в сумке и даже в кармане.
Если же вы путешествуете, беспроводной USB-адаптер всегда надежно хранится во встроенном отделении, поэтому никогда не потеряется.
",Оптический,7200,Ultrapolling 1000 Гц,220 дюймов в секунду и ускорение до 30 g,5,Нет,Нет,Нет,66 г (без учета батареек),"99,7 x 62,8 x 34,1 мм",Нет,2 года,Беспроводной,Китай,"Системные требования:
PC или Mac с USB портом или Bluetooth 4.0 соединением
Для программы Razer Synapse 3:
Windows 7 или выше
Интернет соединение
Свободное место на жестком диске: 500 Мбайт",
Razer,Мышки,RZ01-01230100-R3G1,RZ01-01230100-R3G1/1.png///RZ01-01230100-R3G1/2.png///RZ01-01230100-R3G1/3.png///RZ01-01230100-R3G1/4.png///RZ01-01230100-R3G1/5.png///RZ01-01230100-R3G1/6.png///RZ01-01230100-R3G1/7.png///RZ01-01230100-R3G1/8.png///RZ01-01230100-R3G1/9.png///RZ01-01230100-R3G1/10.png///RZ01-01230100-R3G1/11.png///RZ01-01230100-R3G1/12.png///RZ01-01230100-R3G1/13.png,Razer Naga Epic Chroma,RZ01-01230100-R3G1,"Благодаря 12 программируемым кнопкам на боковой матрице для большого пальца, Razer Naga Epic Chroma пользуется невероятной популярностью среди игроков MMO по всему миру. Гибкость беспроводных игровых технологий и богатый функционал, превращают эту мышь в настоящую икону MMO.

Колесо прокрутки с наклоном, улучшенная механика кнопок в матрице под большой палец и большое количество программируемых кнопок — все это невероятно расширяет арсенал точных инструментов. Идеальная эргономика, настраиваемая подсветка Chroma и интуитивный внутриигровой оверлей — эта легендарная игровая мышь для ММО отлично лежит в ладони и хорошо подстраивается под ваш стиль игры.

Razer Naga Epic Chroma обладает новой подсветкой Chroma колеса прокрутки и боковой кнопочной панели, позволяя настроить под себя цвета при помощи сервиса Razer Synapse 2.0. Эта универсальная эргономичная игровая мышь для ММО имеет в общей сложности 19 кнопок, 12 из которых — механические кнопки боковой панели. Мышь оснащена лазерным сенсором четвертого поколения с разрешением 8200 dpi, способна работать на скорости до 200 дюймов в секунду, с ускорением до 50 g, как в беспроводном режиме с частотой опроса в 1000 Гц, так и проводном, благодаря легкому кабелю в защитной оплетке.

Новейшая игровая мышь Razer Naga Epic Chroma также поддерживает Razer Synapse 2.0: Статистика & Карта кликов, обновлённое ПО, использующее облачный сервис Razer, которое позволяет отслеживать такие данные, как игровое время, нажатие кнопок, пройденное расстояние, общее давление, оказанное во время игры, и другие показатели. Эти данные будут особенно полезны для пользователей Razer Naga Epic Chroma и позволят облегчить настройку геймплея и интерфейса, а также увеличат точность и быстроту реакции. 

19 MMO-оптимизированных кнопок
В любой MMO важно: чем больше инструментов под рукой, тем больше преимуществ в игре. Razer Naga Epic Chroma имеет в общей сложности 19 кнопок, включая культовую боковую матрицу Razer Naga с 12 кнопками под большой палец — максимально готовый к действию арсенал. Новые возможности настройки раскладок и доступ к еще большему количеству функций — это гарантия нажатия нужной кнопки в нужное время.

Беспроводная игровая технология для непревзойденной маневренности
Беспроводная игровая технология Razer Naga Epic Chroma — это движение без границ и без компромиссов в плане управляемости и точности мыши. При скорости отклика, равной 1 мс, как с проводом, так и без него, ваша Razer Naga Epic Chroma всегда работает на пике своих возможностей. Более того, как только начинает падать заряд аккумулятора, достаточно подключиться к USB-разъему, и ваша Razer Naga Epic Chroma подзарядится в процессе игры — никаких простоев и задержек.

Подсветка Chroma с настройкой 16,8 млн. оттенков
Благодаря настраиваемой подсветке Chroma для колеса прокрутки и боковой матрицы вы можете выбирать из огромной палитры цветов, выделяя свою Razer Naga Epic Chroma среди остальных. Каждый модуль имеет независимое управление в Razer Synapse, поэтому мышка может стать выражением исключительности вашего характера.
",Лазерный,8200,1000 Гц Ultrapolling™/ Время отклика 1 мс,200 дюймов в секунду с ускорением 50 g,19,"16,8 млн",Нет,Нет,150 г,119 x 75 x 43 мм,"2,1 м",2 года,Проводной/беспроводной,Китай,"Системные требования:
PC ил Mac с USB портом
Cписок актуальных поддерживаемых операционных систем указан по ссылке
Интернет соединение (для установки драйверов)
Свободное место на жестком диске: 100 Мбайт
Чтобы использовать полный набор функций продукта и для получения обновлений программного обеспечения, потребуется регистрация аккаунта в Razer Synapse 2.0 (нужен действующий адрес электронной почты), скачивание программного обеспечения, принятие лицензионного соглашения и подключение к интернету. После активации полный набор функций продукта доступен и в дополнительном автономном режиме.",
Razer,Мышки,RZ01-02120100-R3G1,RZ01-02120100-R3G1/1.jpg///RZ01-02120100-R3G1/2.jpg///RZ01-02120100-R3G1/3.jpg///RZ01-02120100-R3G1/4.jpg///RZ01-02120100-R3G1/5.jpg///RZ01-02120100-R3G1/6.jpg///RZ01-02120100-R3G1/7.png///RZ01-02120100-R3G1/8.png///RZ01-02120100-R3G1/9.jpg///RZ01-02120100-R3G1/10.jpg///RZ01-02120100-R3G1/11.jpg///RZ01-02120100-R3G1/12.jpg///RZ01-02120100-R3G1/13.jpg///RZ01-02120100-R3G1/14.jpg,Razer Lancehead,RZ01-02120100-R3G1,"Благодаря использованию технологии адаптивной перестройки частоты беспроводная игровая мышь Razer Lancehead работает в режиме непрерывного поиска и автоматического подключения к самому сильному сигналу. Тем самым обеспечивается абсолютно бесперебойная передача данных, столь важная в геймерских турнирах. Самый точный в мире лазерный сенсор и механические переключатели мыши Razer™ обеспечивают беспрецедентную эффективность и надежность. Благодаря использованию гибридной памяти на базе Razer Synapse 3 (Beta) у вас всегда будет доступ к избранным профилям.

Оптимизированная для игр беспроводная технология с адаптивной перестройкой частоты
В мыши Razer Lancehead используется патентованная технология адаптивной перестройки частоты от компании Razer, гарантирующая стопроцентную стабильность передачи данных. С помощью этой передовой беспроводной технологии осуществляется непрерывное сканирование частотных каналов с миллисекундными интервалами, и при обнаружении помех любого характера частота автоматически изменяется, чем обеспечивается обмен данными между игровой мышью и системой без запаздывания.

Самый передовой в мире лазерный сенсор для беспрецедентной точности
Используемый в мыши Razer Lancehead лазерный сенсор 5G с разрешением 16 000 dpi и ускорением 250 дюймов в секунду является самым точным в мире, что дает вам как пользователю неоспоримые преимущества. Этот сенсор, рассчитанный на максимально возможную точность и скорость, легко справляется с ускорением 50 g и отслеживает каждое ваше движение идеально точно.

Оптимизированные для игр механические переключатели мыши от Razer – ресурс до 50 миллионов нажатий
Оснащенная новейшими механическими переключателями Razer, мышь Razer Lancehead создана для того, чтобы обеспечить вам неоспоримое преимущество в самых серьезных баталиях. Разработанные и произведенные совместно с мировым поставщиком переключателей для мышей Omron, новые переключатели оптимизированы и настроены для обеспечения максимальной быстроты реагирования в игре и повышенного ресурса до 50 миллионов нажатий.

На базе Razer Synapse 3 (Beta) – гибридная встроенная и облачная память*
В мыши Razer Lancehead используется гибкое решение Razer Synapse 3 (Beta), позволяющее вам сохранять ваши настройки как в самой мыши, так и в облаке. Благодаря этому вы даже без доступа к Razer Synapse 3 или Интернету можете быстро активировать избранные профили, где бы вы ни находились.
* – Настройка функции станет доступна в Razer Synapse 3 (Beta)

Совершенно новый симметричный корпус – подходит как для правшей, так и для левшей
На основании исследований с участием лучших киберспортсменов мира мы создали абсолютно новый симметричный корпус, отвечающий всем требованиям геймеров. Будь вы правша или левша, можете быть уверены: Razer Lancehead всегда будет идеально лежать в руке.

Дополнительные кнопки DPI под вашими пальцами – удобное регулирование чувствительности ""на лету""
Если вам нужна более высокая чувствительность для молниеносных движений или более низкая – для прицельного хедшота, то вы оцените преимущества дополнительных кнопок DPI, которые позволяют невероятно комфортно регулировать чувствительность даже в самый разгар битвы.

Подсветка Razer Chroma™ – 16,8 млн. настраиваемых вариантов цветов
Благодаря технологии подсветки Razer Chroma, используемой в Razer Lancehead, вы можете создавать потрясающие световые эффекты и вовсю наслаждаться внутриигровыми эффектами. При каждом нажатии подсветка мыши переливается разными цветами, а когда уровень энергии приближается к опасно низкой отметке, об этом сигнализирует изменение цвета.
",Лазерный,16000,1000 Гц Ultrapolling™/ Время реакции 1 мс,450 дюймов в секунду/ Ускорение до 50 g,9,"16,8 млн",Есть,Нет,111 г,117 x 71 x 38 мм,Нет,2 года,Беспроводной,Китай,"Системные требования:
PC или Mac с USB портом
Для Razer Synapse:
Windows 7 или выше / OS X (10.9 или выше)
Интернет соединение
Свободное место на жестком диске: 100 Мбайт",
Razer,Мышки,RZ01-01360100-R3G1,RZ01-01360100-R3G1/1.png///RZ01-01360100-R3G1/2.png///RZ01-01360100-R3G1/3.png///RZ01-01360100-R3G1/4.png///RZ01-01360100-R3G1/5.png///RZ01-01360100-R3G1/6.png///RZ01-01360100-R3G1/7.png///RZ01-01360100-R3G1/8.png///RZ01-01360100-R3G1/9.png///RZ01-01360100-R3G1/10.png///RZ01-01360100-R3G1/11.png///RZ01-01360100-R3G1/12.png,Razer Mamba Chroma,RZ01-01360100-R3G1,"Благодаря самому точному в мире сенсору для игровой мыши с разрешением 16 000 dpi, способному отслеживать перемещение мыши в 1 dpi и высоту отрыва мыши с точностью до 0,1 мм, игровая мышь Razer Mamba Chroma передает каждое ваше движение с ювелирной точностью.

С помощью технологии регулируемой силы нажатия, разработанной Razer, вы можете выбирать разные уровни усилий, необходимых для срабатывания на левой и правой кнопке мыши. Чтобы настроить обратную связь при нажатии, скорректируйте большее усилие для четкого снайперского выстрела или меньшее усилие для скоростной стрельбы во время ожесточенного MOBA сражения.

Используя проводной/беспроводной режим игры, получите абсолютный контроль и неограниченную свободу, выведя свою игру на новый уровень с помощью мыши Razer Mamba Chroma. 

Самый точный в мире сенсор для игровой мыши с разрешением 16 000 dpi
Благодаря самому точному в миру сенсору для игровой мыши с разрешением 16 000 dpi мышь Razer Mamba Chroma обеспечивает непревзойденную точность, увеличивая ваши игровые преимущества над соперниками. А благодаря способности отслеживать перемещение мыши в 1 dpi и высоту отрыва с точностью до 0,1 мм мышь Razer Mamba Chroma помогает вам моментально реагировать на любую ситуацию на пути к победе.

Революционная технология регулируемой силы нажатия* для индивидуальной обратной связи при нажатии
Вы можете выбрать быстрые щелчки, имитирующие интенсивную стрельбу, или более внушительные и четкие щелчки, так как мышь Razer Mamba оснащена сверхчувствительными кнопками с регулируемым механизмом силы нажатия, который вы можете отрегулировать согласно своим предпочтениям. Выберите один из нескольких уровней силы срабатывания, чтобы установить чувствительность щелчка, подходящую именно вам: высокую для контролируемой снайперской стрельбы или низкую для быстрой стрельбы во время интенсивных схваток в MOBA.
* Заявка на патент подана.

Передовая двойная проводная/беспроводная технология для непревзойденной маневренности
Благодаря передовой двойной проводной/беспроводной технологии, мышь Razer Mamba Chroma предоставляет вам неограниченную свободу движения, но не в ущерб контролю или точности. Как в проводном, так и в беспроводном режиме мышь Razer Mamba Chroma поддерживает время отклика в 1 мс, позволяя вам наслаждаться максимальной эффективностью с практически нулевой задержкой. Более того, вы можете продолжать пользоваться мышью Razer Mamba Chroma, пока она заряжается, так что вам не придется прерывать игру даже во время длинных турниров.

Подсветка Chroma с настройкой 16,8 млн. оттенков
Все зависит от вашего настроения: электрический синий, пастельный розовый или фирменный зеленый Razer — вы сами выбираете цвет своей мыши Razer Mamba Chroma, который подсвечивает колесика и боковые линии. Все настройки легко выполняются в Razer Synapse, и любимая мышь становится полностью индивидуальной. Вы можете не только выбирать различные цветовые эффекты подсветки, но и настраивать синхронизацию цветовых эффектов с другими устройствами Razer.

Razer Synapse 2.0 
Razer Synapse 2.0 – новейшее запатентованное программное обеспечение, «мозг» Razer Mamba Chroma – автоматически подключающее мышь к удаленному серверу для скачивания драйвера и обновлений прошивки, а также автоматически сохраняющее индивидуальные игровые настройки. Больше не нужно возиться с настройками на турнирах, в клубе или у друзей – подключайтесь к Razer Synapse 2.0 из любого места и установите на вашу мышь нужные настройки и макросы.
",Лазерный,16000,1000 Гц Ultrapolling™/ Время реакции 1 мс,210 дюймов в секунду и ускорение до 50 g,9,"16,8 млн",Нет,Нет,133 г,"128 x 70 x 42,5 мм","2,1 м",2 года,Проводной/беспроводной,Китай,"Системные требования:
PC или Mac с USB портом
Cписок актуальных поддерживаемых операционных систем указан по ссылке
Интернет соединение (для установки драйверов)
Свободное место на жестком диске: 100 Мбайт
Чтобы использовать полный набор функций продукта и для получения обновлений программного обеспечения, потребуется регистрация аккаунта в Razer Synapse 2.0 (нужен действующий адрес электронной почты), скачивание программного обеспечения, принятие лицензионного соглашения и подключение к интернету. После активации полный набор функций продукта доступен и в дополнительном автономном режиме.",
Razer,Мышки,RZ83-02480100-B3M1,RZ83-02480100-B3M1/1.jpg///RZ83-02480100-B3M1/2.jpg///RZ83-02480100-B3M1/3.jpg///RZ83-02480100-B3M1/4.jpg///RZ83-02480100-B3M1/5.jpg///RZ83-02480100-B3M1/6.jpg///RZ83-02480100-B3M1/7.jpg///RZ83-02480100-B3M1/8.jpg///RZ83-02480100-B3M1/9.jpg///RZ83-02480100-B3M1/10.jpg,Razer Mamba HyperFlux & Firefly HyperFlux Bundle,RZ83-02480100-B3M1,"Истинная свобода без проводов

Большинство пользователей беспроводных мышек по-прежнему остаются зависимыми и вынуждены постоянно следить за уровнем заряда батареи. Новая технология Razer HyperFlux Wireless Power навсегда освобождает игрока от последней нити удерживающей его, предлагая истинную свободу без проводов. Коврик создает особое магнитное поле, в зоне действия которого мышь не нуждается ни в батареях ни в подключении по проводу.

Освобождение от проводов и элементов питания также позволило значительно снизить вес мышки, благодаря чему она не отличается по данному параметру от проводных устройств и отлично подходит даже для длительного гейминга. Больше нет никакой усталости, а беспроводные технологии шагнули настолько далеко вперед, что их могут в полной мере использовать геймеры и стримеры. 

Комплект состоит из беспроводной мышки Razer Mamba и коврика Razer Firefly, оборудованными подсветкой Chroma. Для коврика также доступен выбор между его двумя разными сторонами. В зависимости от требования к игре или персональном стиле, игрок может использовать как жесткую гладкую поверхность, так и мягкую. Оба типа поверхности идеальны для работы мышки, но уникальны в своих свойствах скорости и точности управления. 

Настоящая свобода
Испытайте полную свободу беспроводной связи с помощью Razer Mamba HyperFlux. Благодаря новой технологии Razer HyperFlux Wireless Power вы получаете ультралегкую беспроводную игровую мышь, которая бессрочно работает без необходимости подзарядки, просто соприкасаясь с включенным ковриком Razer Firefly HyperFlux.

Особые беспроводные технологии
Это новое поколение беспроводного гейминга. Технология Razer HyperFlux Wireless Power позволила коврику для мыши создать над собой магнитное поле, которое эффективно передает энергию для игровой мышки. Эта технология создает неограниченную мощность для мыши и устраняет необходимость в батарее. В результате, получается ультралегкая беспроводная мышь, которая продолжает двигаться бесконечно, потому что ее никогда не нужно заряжать.

Сверхмалый вес
Razer Mamba HyperFlux весит всего 96 г, а такой малый вес, традиционно, достигается только проводными игровыми мышами. Легко поднимайте и перемещайте эту ультралегкую беспроводную игровую мышку во время интенсивных игр с быстрыми темпами и в течение продолжительных периодов времени.

Высокая точность
Оснащенная настоящим оптическим датчиком 16,000 DPI 5G и запатентованной технологией адаптивной частоты Razer для непревзойденной стабильности беспроводного сигнала, Razer Mamba HyperFlux обеспечивает быстрые и точные движения мыши.

Две стороны
Razer Firefly HyperFlux оснащен двумя типами покрытия поверхности с разных сторон. Одна из поверхностей коврика твердая и гладкая, для максимума скорости, а вторая – тканевая, дающая повышенный контроль над движениями мыши. Легко переключайтесь между скользящей поверхностью для быстрого перемещения или наоборот, точного прицеливания.

Технические характеристики:
Мышь
Оптический сенсор Razer 5G с истинными 16.000 dpi
Ускорение до 450 дюймов в секунду (IPS) / 50 g
Тактильное колесо игрового уровня
9 независимо программируемых кнопок Hyperesponse
Механические переключатели для мышей Razer™ Omron
Эргономичный дизайн для правой руки с улучшенными резиновыми захватами по бокам
Подсветка Razer Chroma™ - 16.8 млн настраиваемых цветов
Частота опроса 1000 Гц Ultrapolling™/ Время реакции 1 мс
Поддержка Razer Synapse 3 (Beta)
Гибридная встроенная и облачная память – настройка функции станет доступна в Razer Synapse 3 (Beta)
Кнопка для переключения встроенных профилей снизу мыши – настройка функции станет доступна в Razer Synapse 3 (Beta)
Индикатор активного профиля снизу мыши – настройка функции станет доступна в Razer Synapse 3 (Beta)
Размер: 124 x 70 x 43 мм
Вес: 93 г
Коврик
Две стороны с разным типом поверхности (жесткая) для скорости и (тканевая) для управления
Обе поверхности выполнены из качественных материалов
Настраиваемая подсветка Chroma из 16,8 млн. оттенков
Основа для установки коврика предотвращающая скольжение
Поддержка Razer Synapse (для настраиваемой подсветки Chroma)
Позолоченный штекер USB (для питания настраиваемой подсветки Chroma)
Облегченный кабель в защитной оплетке длиной 2,1 метра
Размер: 255 х 355 х 4 мм
Вес: 400 г
",Оптический,16000,1000 Гц Ultrapolling™/ Время реакции 1 мс,450 дюймов в секунду (IPS) / 50 g,9,"16,8 млн",Есть,Нет,93 г,124 x 70 x 43 мм,Нет,2 года,Беспроводной,Китай,"Системные требования:
PC или Mac с USB портом
Для Razer Synapse 3:
Windows 7 или выше
Интернет соединение
Свободное место на жестком диске: 500 Мбайт",
Razer,Мышки,RZ01-02130400-R3M1,RZ01-02130400-R3M1/1.png///RZ01-02130400-R3M1/2.png///RZ01-02130400-R3M1/3.png///RZ01-02130400-R3M1/4.png///RZ01-02130400-R3M1/5.png///RZ01-02130400-R3M1/6.png,Razer Lancehead Tournament Quartz Edition,RZ01-02130400-R3M1,"Мышь Razer Lancehead Tournament Edition с новым симметричным форм-фактором подойдет как левшам, так и правшам. Самый современный в мире оптический игровой сенсор и механические переключатели мыши Razer™ обеспечивают беспрецедентную эффективность и надежность. Благодаря использованию гибридной памяти на базе Razer Synapse Pro у вас всегда будет доступ к избранным профилям. 

Самый передовой в мире оптический сенсор для беспрецедентной точности
Мышь Razer Lancehead Tournament Edition оснащена самым быстрым в мире оптическим сенсором для киберспорта с истинным разрешением 16 000 точек на дюйм и ускорением 450 дюймов в секунду. Это гарантирует вам абсолютное преимущество! Благодаря этому потрясающему сенсору с непревзойденной точностью разрешения 99,4% вы сможете наносить еще больше смертельных ударов высочайшей точности.

Оптимизированные для игр механические переключатели мыши от Razer
Ресурс до 50 миллионов нажатий.
Оснащенная новейшими механическими переключателями Razer, мышь Razer Lancehead создана для того, чтобы обеспечить вам неоспоримое преимущество в самых серьезных баталиях. Разработанные и произведенные совместно с мировым поставщиком переключателей для мышей Omron, новые переключатели оптимизированы и настроены для обеспечения максимальной быстроты реагирования в игре и повышенного ресурса до 50 миллионов нажатий.

На базе Razer Synapse 3 (Beta) – гибридная встроенная и облачная память*
В мыши Razer Lancehead используется гибкое решение Razer Synapse 3 (Beta), позволяющее вам сохранять ваши настройки как в самой мыши, так и в облаке. Благодаря этому вы даже без доступа к Razer Synapse 3 или Интернету можете быстро активировать избранные профили, где бы вы ни находились.

Совершенно новый симметричный корпус
Подходит как для правшей, так и для левшей.
На основании исследований с участием лучших киберспортсменов мира мы создали абсолютно новый симметричный корпус, отвечающий всем требованиям геймеров. Будь вы правша или левша, можете быть уверены: Razer Lancehead Tournament Edition всегда будет идеально лежать в руке.

Дополнительные кнопки DPI под вашими пальцами
Удобное регулирование чувствительности ""на лету"".
Если вам нужна более высокая чувствительность для молниеносных движений или более низкая – для прицельного хедшота, то вы оцените преимущества дополнительных кнопок DPI, которые позволяют невероятно комфортно регулировать чувствительность даже в самый разгар битвы.

Подсветка Razer Chroma™ – 16,8 млн. настраиваемых вариантов цветов
Благодаря технологии подсветки Razer Chroma, используемой в Razer Lancehead, вы можете создавать потрясающие световые эффекты и вовсю наслаждаться внутриигровыми эффектами. При каждом нажатии подсветка мыши переливается разными цветами, а когда уровень энергии приближается к опасно низкой отметке, об этом сигнализирует изменение цвета.
",Оптический,16000,1000 Гц Ultrapolling™/ Время реакции 1 мс,450 дюймов в секунду/ Ускорение до 50 g,9,"16,8 млн",Да,Нет,104 г (без учета кабеля),117 x 71 x 38 мм,"2,1 м",2 года,Проводной,Китай,"Системные требования:
PC или Mac с USB портом
Для Razer Synapse:
Windows 7 или выше / OS X (10.9 или выше)
Интернет соединение
Свободное место на жестком диске: 100 Мбайт",
Razer,Мышки,RZ01-02130200-R3M1,RZ01-02130200-R3M1/1.png///RZ01-02130200-R3M1/2.png///RZ01-02130200-R3M1/3.png///RZ01-02130200-R3M1/4.png///RZ01-02130200-R3M1/5.png///RZ01-02130200-R3M1/6.png,Razer Lancehead Tournament Mercury Edition,RZ01-02130200-R3M1,"Мышь Razer Lancehead Tournament Edition с новым симметричным форм-фактором подойдет как левшам, так и правшам. Самый современный в мире оптический игровой сенсор и механические переключатели мыши Razer™ обеспечивают беспрецедентную эффективность и надежность. Благодаря использованию гибридной памяти на базе Razer Synapse Pro у вас всегда будет доступ к избранным профилям. 

Самый передовой в мире оптический сенсор для беспрецедентной точности
Мышь Razer Lancehead Tournament Edition оснащена самым быстрым в мире оптическим сенсором для киберспорта с истинным разрешением 16 000 точек на дюйм и ускорением 450 дюймов в секунду. Это гарантирует вам абсолютное преимущество! Благодаря этому потрясающему сенсору с непревзойденной точностью разрешения 99,4% вы сможете наносить еще больше смертельных ударов высочайшей точности.

Оптимизированные для игр механические переключатели мыши от Razer
Ресурс до 50 миллионов нажатий.
Оснащенная новейшими механическими переключателями Razer, мышь Razer Lancehead создана для того, чтобы обеспечить вам неоспоримое преимущество в самых серьезных баталиях. Разработанные и произведенные совместно с мировым поставщиком переключателей для мышей Omron, новые переключатели оптимизированы и настроены для обеспечения максимальной быстроты реагирования в игре и повышенного ресурса до 50 миллионов нажатий.

На базе Razer Synapse 3 (Beta) – гибридная встроенная и облачная память*
В мыши Razer Lancehead используется гибкое решение Razer Synapse 3 (Beta), позволяющее вам сохранять ваши настройки как в самой мыши, так и в облаке. Благодаря этому вы даже без доступа к Razer Synapse 3 или Интернету можете быстро активировать избранные профили, где бы вы ни находились.

Совершенно новый симметричный корпус
Подходит как для правшей, так и для левшей.
На основании исследований с участием лучших киберспортсменов мира мы создали абсолютно новый симметричный корпус, отвечающий всем требованиям геймеров. Будь вы правша или левша, можете быть уверены: Razer Lancehead Tournament Edition всегда будет идеально лежать в руке.

Дополнительные кнопки DPI под вашими пальцами
Удобное регулирование чувствительности ""на лету"".
Если вам нужна более высокая чувствительность для молниеносных движений или более низкая – для прицельного хедшота, то вы оцените преимущества дополнительных кнопок DPI, которые позволяют невероятно комфортно регулировать чувствительность даже в самый разгар битвы.

Подсветка Razer Chroma™ – 16,8 млн. настраиваемых вариантов цветов
Благодаря технологии подсветки Razer Chroma, используемой в Razer Lancehead, вы можете создавать потрясающие световые эффекты и вовсю наслаждаться внутриигровыми эффектами. При каждом нажатии подсветка мыши переливается разными цветами, а когда уровень энергии приближается к опасно низкой отметке, об этом сигнализирует изменение цвета.
",Оптический,16000,1000 Гц Ultrapolling™/ Время реакции 1 мс,450 дюймов в секунду/ Ускорение до 50 g,9,"16,8 млн",Да,Нет,104 г (без учета кабеля),117 x 71 x 38 мм,"2,1 м",2 года,Проводной,Китай,"Системные требования:
PC или Mac с USB портом
Для Razer Synapse:
Windows 7 или выше / OS X (10.9 или выше)
Интернет соединение
Свободное место на жестком диске: 100 Мбайт",
Razer,Мышки,RZ01-02010200-R3M1,RZ01-02010200-R3M1/1.jpg///RZ01-02010200-R3M1/2.jpg///RZ01-02010200-R3M1/3.jpg///RZ01-02010200-R3M1/4.jpg///RZ01-02010200-R3M1/5.jpg///RZ01-02010200-R3M1/6.jpg,Razer DeathAdder Elite Destiny 2,RZ01-02010200-R3M1,"Игровая мышь Razer DeathAdder Elite Destiny 2, разработанная в соответствии со строгими требованиями элиты киберспорта, сочетает передовые технологии с потрясающей эргономикой и повышенной прочностью. Мышь Razer DeathAdder Elite Destiny 2 оснащена самым быстрым в мире оптическим сенсором, совершенно новыми механическими переключателями мыши от Razer и безупречной эргономикой, которой безгранично доверяют лучшие профессиональные киберспортсмены по всему миру. С ней вы обретете непревзойденную точность и скорость для победы в игре. 

Самый передовой в мире оптический сенсор
Мышь Razer DeathAdder Elite Destiny 2, оснащенная новым оптическим сенсором киберспортивного уровня с реальным разрешением 16.000 dpi и реальным отслеживанием на скорости до 450 дюймов в секунду (IPS), позволяет вам воспользоваться абсолютным преимуществом самого быстрого сенсора в мире. Разработанный с пересмотром всех стандартов точности и скорости, этот невероятный сенсор мыши сминает конкурентов с точностью разрешения 99,4%, чтобы вы могли нанести больше смертельных ударов с попиксельной точностью.

Оптимизированные для игр механические переключатели мыши от Razer
Разработаны Razer для того, чтобы дать вам заведомое преимущество в игре. Razer DeathAdder Elite Destiny 2 поставляется с совершенно новыми механическими переключателями от Razer. Разработаны и производятся совместно с ведущим мировым поставщиком переключателей для мышей Omron. Новые переключатели оптимизированы и модифицированы для максимально быстрого отклика в игре и увеличенной прочности до 50 млн. кликов.

Щелчок с большой буквы
Вряд ли найдется еще одна мышь с таким же великолепным щелчком, как у Razer DeathAdder Elite Destiny 2. Мы уделили немало времени разработке шарнира, на котором крепятся две главные кнопки мыши, и добились идеального отскока кнопки, так чтобы вы не сомневались: переключатель сработал. Кроме того, мы свели к минимуму усилие нажатия, так что теперь работа мыши не отстает от работы вашей мысли. Позвольте Razer DeathAdder Elite Destiny 2 показать, на что она способна и вы не «прощелкаете» разницу.

Эргономичная форма, отточенная киберспортсменами
Razer DeathAdder Elite Destiny 2 обладает культовой эргономикой, которой безгранично доверяют лучшие киберспортсмены, и которая остается невероятно удобной даже во время продолжительных жарких баталий. Благодаря двум боковым резиновым вставкам, вы всегда будете иметь полный контроль над своей игрой.

Оптимальная масса для точной работы
Работая над дизайном новой Razer DeathAdder Elite Destiny 2, мы не обошли вниманием ее массу. Сделаем мышь тяжелой — будет сложно двигать; сделаем легкой — будет сложно контролировать. Вся конструкция Razer DeathAdder Elite, вплоть до выбора и размещения аппаратных компонентов, является воплощением идеального распределения веса. Нагрузка на кисть направляется так, чтобы обеспечить максимальную четкость управления.

Тактильное колесико прокрутки игрового уровня для большего контроля
Разработанное с нуля, тактильное колесико прокрутки игрового уровня теперь дает вам еще больше контроля. Прокручивая или щелкая на средней кнопке, ваш палец четко фиксируется на колесике, чтобы у вас всегда была тактильная обратная связь. Тем самым, вам не придется беспокоиться об осечке во время игры.

Дополнительные кнопки изменения DPI на кончиках ваших пальцев
Если вам необходима более высокая чувствительность для молниеносных движений или более низкая чувствительность для лучшего в серии хедшота, дополнительные кнопки изменения DPI дадут вам неповторимое удобство настройки чувствительности даже в самый разгар битвы.

Отслеживание высоты отрыва для быстрых перемещений без потери точности
Сенсор Razer DeathAdder Elite Destiny 2, кроме того, распознает перемещения по оси Z (по высоте) на расстоянии всего 1 мм от большинства поверхностей, включая стекло. Незаменимое свойство для геймеров, выбирающих низкую чувствительность, которые ждут, что их мышь моментально отреагирует на любое вертикальное движение, позволяя им сохранить полный контроль над игрой.

Настраиваемая подсветка Razer Chroma™
Выберите из полного спектра 16,8 млн. оттенков и настройте световые эффекты для персонализации вашей мыши Razer DeathAdder Elite Destiny 2. Используйте возможность создать неповторимые эффекты подсветки или наслаждайтесь встроенными интерактивными внутриигровыми эффектами.

Razer Synapse 2.0 
Razer Synapse 2.0 – новейшее запатентованное программное обеспечение, «мозг» Razer DeathAdder Elite Destiny 2 – автоматически подключающее мышь к удаленному серверу для скачивания драйвера и обновлений прошивки, а также автоматически сохраняющее индивидуальные игровые настройки. Больше не нужно возиться с настройками клавиатуры на турнирах, в клубе или у друзей – подключайтесь к Razer Synapse 2.0 из любого места и установите на вашу клавиатуру нужные настройки и макросы.

",Оптический,16000,1000 Гц Ultrapolling™/ Время реакции 1 мс,450 дюймов в секунду/ Ускорение до 50 g,7,"16,8 млн",Нет,Нет,96 г (без учета кабеля),127 x 73 x 43 мм,"2,1 м",2 года,Проводной,Китай,"Системные требования:
PC или Mac с USB портом
Cписок актуальных поддерживаемых операционных систем указан по ссылке
Интернет соединение (для установки драйверов)
Свободное место на жестком диске: 100 Мбайт
Чтобы использовать полный набор функций продукта и для получения обновлений программного обеспечения, потребуется регистрация аккаунта в Razer Synapse 2.0 (нужен действующий адрес электронной почты), скачивание программного обеспечения, принятие лицензионного соглашения и подключение к интернету. После активации полный набор функций продукта доступен и в дополнительном автономном режиме.",
Razer,Мышки,RZ01-02010400-R3M1,RZ01-02010400-R3M1/1.jpg///RZ01-02010400-R3M1/2.jpg///RZ01-02010400-R3M1/3.jpg///RZ01-02010400-R3M1/4.jpg,Razer DeathAdder Elite SKT T1,RZ01-02010400-R3M1,"Игровая мышь чемпионов мира SKT T1
Профессиональная игровая команда из Кореи SK Telecom T1 обладает как непревзойденными навыками, так и самым лучшим снаряжением. Именно поэтому только данная команда является многократным победителем мировых чемпионатов по League of Legends, а также это единственная команда, завоевавшая «Тройную корону» путем победы в чемпионатах IEM World Championship, Riot Mid-Season Invitational и чемпионате мира.

Razer DeathAdder Elite SK Telecom T1 Edition оснащена самым передовым оптическим сенсором в мире, знаменитыми механическими переключателями мыши от Razer™ и полюбившейся киберспортсменам формой, поэтому с ней вам будет доступна точность и скорость уровня легендарных мировых чемпионов SK Telecom T1. 

Самый передовой в мире оптический сенсор
Мышь Razer DeathAdder Elite, оснащенная новым оптическим сенсором киберспортивного уровня с реальным разрешением 16.000 dpi и реальным отслеживанием на скорости до 450 дюймов в секунду (IPS), позволяет вам воспользоваться абсолютным преимуществом самого быстрого сенсора в мире. Разработанный с пересмотром всех стандартов точности и скорости, этот невероятный сенсор мыши сминает конкурентов с точностью разрешения 99,4%, чтобы вы могли нанести больше смертельных ударов с попиксельной точностью.

Оптимизированные для игр механические переключатели мыши от Razer
Разработаны Razer для того, чтобы дать вам заведомое преимущество в игре. Razer DeathAdder Elite поставляется с совершенно новыми механическими переключателями от Razer. Разработаны и производятся совместно с ведущим мировым поставщиком переключателей для мышей Omron. Новые переключатели оптимизированы и модифицированы для максимально быстрого отклика в игре и увеличенной прочности до 50 млн. Кликов.

Щелчок с большой буквы
Вряд ли найдется еще одна мышь с таким же великолепным щелчком, как у Razer DeathAdder Elite. Мы уделили немало времени разработке шарнира, на котором крепятся две главные кнопки мыши, и добились идеального отскока кнопки, так чтобы вы не сомневались: переключатель сработал. Кроме того, мы свели к минимуму усилие нажатия, так что теперь работа мыши не отстает от работы вашей мысли. Позвольте Razer DeathAdder Elite показать, на что она способна и вы не «прощелкаете» разницу.

Эргономичная форма, отточенная киберспортсменами
Razer DeathAdder Elite обладает культовой эргономикой, которой безгранично доверяют лучшие киберспортсмены, и которая остается невероятно удобной даже во время продолжительных жарких баталий. Благодаря двум боковым резиновым вставкам, вы всегда будете иметь полный контроль над своей игрой.

Оптимальная масса для точной работы
Работая над дизайном новой Razer DeathAdder Elite, мы не обошли вниманием ее массу. Сделаем мышь тяжелой — будет сложно двигать; сделаем легкой — будет сложно контролировать. Вся конструкция Razer DeathAdder Elite, вплоть до выбора и размещения аппаратных компонентов, является воплощением идеального распределения веса. Нагрузка на кисть направляется так, чтобы обеспечить максимальную четкость управления.

Тактильное колесико прокрутки игрового уровня для большего контроля
Разработанное с нуля, тактильное колесико прокрутки игрового уровня теперь дает вам еще больше контроля. Прокручивая или щелкая на средней кнопке, ваш палец четко фиксируется на колесике, чтобы у вас всегда была тактильная обратная связь. Тем самым, вам не придется беспокоиться об осечке во время игры.

Дополнительные кнопки изменения DPI на кончиках ваших пальцев
Если вам необходима более высокая чувствительность для молниеносных движений или более низкая чувствительность для лучшего в серии хедшота, дополнительные кнопки изменения DPI дадут вам неповторимое удобство настройки чувствительности даже в самый разгар битвы.

Отслеживание высоты отрыва для быстрых перемещений без потери точности
Сенсор Razer DeathAdder Elite, кроме того, распознает перемещения по оси Z (по высоте) на расстоянии всего 1 мм от большинства поверхностей, включая стекло. Незаменимое свойство для геймеров, выбирающих низкую чувствительность, которые ждут, что их мышь моментально отреагирует на любое вертикальное движение, позволяя им сохранить полный контроль над игрой.

Настраиваемая подсветка Razer Chroma™
Выберите из полного спектра 16,8 млн. оттенков и настройте световые эффекты для персонализации вашей мыши Razer DeathAdder Elite. Используйте возможность создать неповторимые эффекты подсветки или наслаждайтесь встроенными интерактивными внутриигровыми эффектами.

На базе Razer Synapse 3 (Beta) – гибридная встроенная и облачная память*
В мыши Razer Deathadder Elite используется гибкое решение Razer Synapse 3 (Beta), позволяющее вам сохранять ваши настройки как в самой мыши, так и в облаке. Благодаря этому вы даже без доступа к Razer Synapse 3 или Интернету можете быстро активировать избранные профили, где бы вы ни находились.
",Оптический,16000,1000 Гц Ultrapolling™/ Время реакции 1 мс,450 дюймов в секунду/ Ускорение до 50 g,7,"16,8 млн",Нет,Нет,96 г (без учета кабеля),127 x 73 x 43 мм,"2,1 м",2 года,Проводной,Китай,"Системные требования:
PC или Mac с USB портом
Cписок актуальных поддерживаемых операционных систем указан по ссылке
Интернет соединение (для установки драйверов)
Свободное место на жестком диске: 100 Мбайт
Чтобы использовать полный набор функций продукта и для получения обновлений программного обеспечения, потребуется регистрация аккаунта в Razer Synapse 2.0 (нужен действующий адрес электронной почты), скачивание программного обеспечения, принятие лицензионного соглашения и подключение к интернету. После активации полный набор функций продукта доступен и в дополнительном автономном режиме.",
Razer,Мышки,RZ01-02010300-R3M1,RZ01-02010300-R3M1/1.png///RZ01-02010300-R3M1/2.png///RZ01-02010300-R3M1/3.png///RZ01-02010300-R3M1/4.png///RZ01-02010300-R3M1/5.png///RZ01-02010300-R3M1/6.png///RZ01-02010300-R3M1/7.png,Razer DeathAdder Elite Overwatch,RZ01-02010300-R3M1,"Игровая мышь Razer DeathAdder Elite Overwatch, разработанная в соответствии со строгими требованиями элиты киберспорта, сочетает передовые технологии с потрясающей эргономикой и повышенной прочностью. Мышь Razer DeathAdder Elite Overwatch оснащена самым быстрым в мире оптическим сенсором, совершенно новыми механическими переключателями мыши от Razer и безупречной эргономикой, которой безгранично доверяют лучшие профессиональные киберспортсмены по всему миру. С ней вы обретете непревзойденную точность и скорость для победы в игре. 

Самый передовой в мире оптический сенсор
Мышь Razer DeathAdder Elite Overwatch, оснащенная новым оптическим сенсором киберспортивного уровня с реальным разрешением 16.000 dpi и реальным отслеживанием на скорости до 450 дюймов в секунду (IPS), позволяет вам воспользоваться абсолютным преимуществом самого быстрого сенсора в мире. Разработанный с пересмотром всех стандартов точности и скорости, этот невероятный сенсор мыши сминает конкурентов с точностью разрешения 99,4%, чтобы вы могли нанести больше смертельных ударов с попиксельной точностью.

Оптимизированные для игр механические переключатели мыши от Razer
Разработаны Razer для того, чтобы дать вам заведомое преимущество в игре. Razer DeathAdder Elite Overwatch поставляется с совершенно новыми механическими переключателями от Razer. Разработаны и производятся совместно с ведущим мировым поставщиком переключателей для мышей Omron. Новые переключатели оптимизированы и модифицированы для максимально быстрого отклика в игре и увеличенной прочности до 50 млн. Кликов.

Щелчок с большой буквы
Вряд ли найдется еще одна мышь с таким же великолепным щелчком, как у Razer DeathAdder Elite Overwatch. Мы уделили немало времени разработке шарнира, на котором крепятся две главные кнопки мыши, и добились идеального отскока кнопки, так чтобы вы не сомневались: переключатель сработал. Кроме того, мы свели к минимуму усилие нажатия, так что теперь работа мыши не отстает от работы вашей мысли. Позвольте Razer DeathAdder Elite Overwatch показать, на что она способна и вы не «прощелкаете» разницу.

Эргономичная форма, отточенная киберспортсменами
Razer DeathAdder Elite Overwatch обладает культовой эргономикой, которой безгранично доверяют лучшие киберспортсмены, и которая остается невероятно удобной даже во время продолжительных жарких баталий. Благодаря двум боковым резиновым вставкам, вы всегда будете иметь полный контроль над своей игрой.

Оптимальная масса для точной работы
Работая над дизайном новой Razer DeathAdder Elite Overwatch, мы не обошли вниманием ее массу. Сделаем мышь тяжелой — будет сложно двигать; сделаем легкой — будет сложно контролировать. Вся конструкция Razer DeathAdder Elite Overwatch, вплоть до выбора и размещения аппаратных компонентов, является воплощением идеального распределения веса. Нагрузка на кисть направляется так, чтобы обеспечить максимальную четкость управления.

Тактильное колесико прокрутки игрового уровня для большего контроля
Разработанное с нуля, тактильное колесико прокрутки игрового уровня теперь дает вам еще больше контроля. Прокручивая или щелкая на средней кнопке, ваш палец четко фиксируется на колесике, чтобы у вас всегда была тактильная обратная связь. Тем самым, вам не придется беспокоиться об осечке во время игры.

Дополнительные кнопки изменения DPI на кончиках ваших пальцев
Если вам необходима более высокая чувствительность для молниеносных движений или более низкая чувствительность для лучшего в серии хедшота, дополнительные кнопки изменения DPI дадут вам неповторимое удобство настройки чувствительности даже в самый разгар битвы.

Отслеживание высоты отрыва для быстрых перемещений без потери точности
Сенсор Razer DeathAdder Elite Overwatch, кроме того, распознает перемещения по оси Z (по высоте) на расстоянии всего 1 мм от большинства поверхностей, включая стекло. Незаменимое свойство для геймеров, выбирающих низкую чувствительность, которые ждут, что их мышь моментально отреагирует на любое вертикальное движение, позволяя им сохранить полный контроль над игрой.

Настраиваемая подсветка Razer Chroma™
Выберите из полного спектра 16,8 млн. оттенков и настройте световые эффекты для персонализации вашей мыши Razer DeathAdder Elite Overwatch. Используйте возможность создать неповторимые эффекты подсветки или наслаждайтесь встроенными интерактивными внутриигровыми эффектами.

Razer Synapse 2.0 
Razer Synapse 2.0 – новейшее запатентованное программное обеспечение, «мозг» Razer DeathAdder Elite Overwatch – автоматически подключающее мышь к удаленному серверу для скачивания драйвера и обновлений прошивки, а также автоматически сохраняющее индивидуальные игровые настройки. Больше не нужно возиться с настройками клавиатуры на турнирах, в клубе или у друзей – подключайтесь к Razer Synapse 2.0 из любого места и установите на вашу клавиатуру нужные настройки и макросы.
",Оптический,16000,1000 Гц Ultrapolling™/ Время реакции 1 мс,450 дюймов в секунду/ Ускорение до 50 g,7,"16,8 млн",Нет,Нет,96 г (без учета кабеля),127 x 73 x 43 мм,"2,1 м",2 года,Проводной,Китай,"Системные требования:
PC или Mac с USB портом
Cписок актуальных поддерживаемых операционных систем указан по ссылке
Интернет соединение (для установки драйверов)
Свободное место на жестком диске: 100 Мбайт
Чтобы использовать полный набор функций продукта и для получения обновлений программного обеспечения, потребуется регистрация аккаунта в Razer Synapse 2.0 (нужен действующий адрес электронной почты), скачивание программного обеспечения, принятие лицензионного соглашения и подключение к интернету. После активации полный набор функций продукта доступен и в дополнительном автономном режиме.",
Razer,Мышки,RZ01-02160200-R3M1,RZ01-02160200-R3M1/1.jpg///RZ01-02160200-R3M1/2.jpg///RZ01-02160200-R3M1/3.jpg///RZ01-02160200-R3M1/4.jpg///RZ01-02160200-R3M1/5.png///RZ01-02160200-R3M1/6.png,Razer Abyssus Elite D.Va,RZ01-02160200-R3M1,"Любимая игровая мышь чемпиона мира – D.Va
До участия в Overwatch Ханна Сон (D.Va) была непобедима в турнирах по StarCraft, став чемпионом мира в юном возрасте 16 лет. Она господствовала на арене не только благодаря бойцовскому характеру и невероятным рефлексам, но и за счет самого лучшего игрового снаряжения.

Оптический сенсор с реальным разрешением 7 200 DPI в минималистичном симметричном корпусе, который предпочла мировой чемпион D.Va и другие профессионалы StarCraft. Мышь D.Va Razer Abyssus Elite создана специально для использования в соревнованиях; она поможет вам повысить собственный показатель APM для достижения новых результатов во время безупречной игры.

Оптический сенсор с реальным разрешением 7 200 DPI
На одном уровне со звездами. Точность, чувствительность и отклик, которыми характеризуется данная мышь, позволили D.Va занять первую позицию в мире среди игроков. Благодаря разрешению сенсора 7 200 DPI, а также скорости перемещения в 220 дюймов в секунду (IPS) и ускорению в 30 g вы сможете без проблем совершать выигрышные маневры не хуже D.Va.

Симметричная компактная форма
Это — оптимизированное оружие! Ищете ли вы свой стиль или оттачиваете его, симметричная форма мыши D.Va Razer Abyssus Elite позволит вам свободно переключаться между конфигурациями для левой или правой руки, гарантируя непрерывный контроль над игрой.

Эксклюзивный дизайн персонажа D.Va
Возвращайтесь в игру. Любимые цвета суперзвезды, в которые окрашена мышь D.Va Razer Abyssus Elite, вдохновят вас на такую же профессиональную игру. Благодаря технологии Razer Chroma™ вы можете дополнительно персонализировать эту минималистичную мышь с использованием 16,8 млн цветовых оттенков, сделав ее поистине своей.

Три кнопки с мгновенным откликом, технология Hyperesponse
Время повысить собственный APM (количество действий в минуту). Каждая кнопка мыши D.Va Abyssus Elite срабатывает со скоростью, которая достойна турнирных выступлений. Это позволяет Ханне Сон повысить собственный показатель APM и позицию в рейтинге до самой первой строчки.

Высокотактильное колесико прокрутки
Никаких хаков. Быть чемпионом мира означает, что необходимо пользоваться любыми возможными преимуществами. Именно поэтому высокотактильное колесико прокрутки обладает идеальным откликом независимо от того, пролистываете ли вы подробное описание стратегии или перечень обновлений.

Поддержка Razer Synapse 
Благодаря полной совместимости мыши с программой Razer Synapse 3 (Beta) вам доступен целый ряд функций, позволяющих точно настраивать такие параметры, как чувствительность, высоту отрыва от поверхности и даже оптимизация работы сенсора в зависимости от используемого коврика. После настройки параметры можно сохранить в облако для облегчения последующего доступа к ним.
",Оптический,7200,Ultrapolling™ 1000 Гц / Время отклика 1 мс,220 дюймов в секунду и ускорение 30 g,,Нет,Есть,Нет,78 г (без кабеля),114 х 64 х 38 мм,"2,1 м",2 года,Проводной,Китай,"Системные требования:
PC/Mac с USB портом
Windows® 10 / Windows® 8 / Windows® 7 / Mac OS X (10.9 или выше)
Интернет соединение (для установки драйверов)
Свободное место на жестком диске 500 Мбайт
Чтобы использовать полный набор функций продукта и для получения обновлений программного обеспечения, потребуется регистрация аккаунта в Razer Synapse 3.0 (нужен действующий адрес электронной почты), скачивание программного обеспечения, принятие лицензионного соглашения и подключение к интернету. После активации, полный набор функций продукта доступен и в дополнительном автономном режиме.",